{"type":"FeatureCollection","features":[{"type":"Feature","properties":{"projection":"EPSG:3035","bufferDistanceMetres":31484,"eligibleLandFeatureCount":14993,"foreignLandFeatureCount":5,"excludedFeatureNames":["Rockall"]},"geometry":{"type":"MultiPolygon","coordinates":[[[[3184350.1575190476,3084560.267458222],[3183806.150713103,3084077.32778155],[3183718.6146412604,3083989.574671754],[3183552.1621375857,3083851.85052796],[3182028.2650877475,3082499.01754777],[3180747.2804164863,3081570.156122773],[3180182.8743956974,3081107.0260764393],[3177682.7806704477,3079427.7861433583],[3175033.6765465834,3077995.1093728305],[3173041.151289349,3077152.518824842],[3172928.055721716,3077083.2204165463],[3172777.6836396516,3077010.1897752085],[3172385.356947637,3076780.0041312086],[3171984.3482867465,3076595.064095565],[3171315.631567864,3076234.5668761465],[3170402.879504473,3075856.8276173985],[3170164.4625043985,3075741.0365331606],[3170161.4539526924,3075739.7528027105],[3170004.1921665184,3075681.8415665533],[3169570.98029199,3075482.049823057],[3169117.4633701886,3075324.862632358],[3168348.418085424,3075006.5959228515],[3167405.2584787654,3074724.7911208556],[3167180.6777500142,3074642.089862428],[3167051.8981158994,3074608.9457968017],[3166642.6250061877,3074467.093338268],[3166078.0444288994,3074328.235447894],[3165271.552811769,3074087.2654054193],[3164427.586139816,3073922.3072856585],[3163995.338468173,3073815.996508742],[3163444.628476872,3073730.182580653],[3163346.8316417015,3073711.0676290984],[3162654.7215554984,3073476.4384199576],[3161666.6575587085,3073248.6478124894],[3161394.7307663374,3073169.399874204],[3161191.848505985,3073130.686241287],[3160953.220543841,3073066.136367032],[3160647.514280495,3073013.692114078],[3159580.001498405,3072767.5851960015],[3158709.9061855506,3072657.0864117723],[3158457.0775705893,3072608.842104096],[3158083.0891769095,3072573.762106292],[3157902.53089615,3072542.787130361],[3157689.799622248,3072527.536771217],[3156449.7701553293,3072370.057761184],[3155704.2497794153,3072350.627692897],[3155479.490522115,3072329.545342787],[3154939.2646097294,3072330.355388296],[3154816.468709086,3072321.552349834],[3154704.337661936,3072324.567559128],[3153295.468640731,3072287.849017055],[3152678.1057659877,3072333.7458986794],[3152488.836546366,3072334.0296997293],[3152230.4895536383,3072359.044367938],[3150516.0744891483,3072400.439038977],[3147049.8249786785,3072872.33649432],[3143657.324197943,3073725.8652459737],[3143649.040598882,3073728.4463852416],[3140631.6794975717,3074840.6676588617],[3137743.5138958395,3076254.8825061056],[3137283.6664132155,3076541.6013641707],[3136690.7949669766,3076815.604725701],[3136335.8193066325,3077022.0814115643],[3135885.9411619585,3077244.917765927],[3135518.2210597047,3077475.400705543],[3132349.4946037387,3079346.8795255558],[3132346.079951431,3079349.19718078],[3129883.453592443,3081203.040246144],[3127613.910818986,3083288.810678006],[3125559.2056694482,3085586.515934005],[3123739.032919015,3088074.1320325136],[3122170.8393011633,3090727.8146570777],[3120869.656277103,3093522.127709131],[3119847.9559560996,3096430.287118284],[3119115.5315477215,3099424.4175731894],[3118679.4034918915,3102475.8197121904],[3118543.7521665166,3105555.245212654],[3118709.877817697,3108633.1771422136],[3119176.188096597,3111680.1128846887],[3119938.2133224383,3114666.8469287846],[3120988.6493253214,3117564.750808976],[3122317.4274582043,3120346.0475152903],[3123923.456628978,3123001.766187395],[3125781.68523885,3125484.6833208716],[3127476.9889159896,3127337.5414567715],[3128219.4168890216,3128741.5938671166],[3129863.5350007634,3131242.81548461],[3131737.746469606,3133576.603246004],[3133825.111441635,3135721.8634676835],[3136106.763498473,3137659.2064514374],[3137188.6404743283,3138413.5212595994],[3138320.2164890463,3139314.694352976],[3141046.6714592357,3141060.926918416],[3143938.0498416335,3142517.915568637],[3146963.77385716,3143670.2519166437],[3147426.8312990516,3143793.9330375865],[3148381.4818053683,3144119.786851797],[3148675.6595683834,3144253.1217891388],[3151457.1958364123,3145212.284229049],[3154316.124426676,3145907.5999215716],[3156055.768243773,3146161.79046524],[3156633.232331109,3146273.8467874345],[3157169.3184830225,3146324.498450596],[3157227.4771102774,3146332.996381572],[3157297.5793180275,3146336.6170710605],[3159686.9245732836,3146562.372410222],[3162754.2008057977,3146552.379493627],[3162867.895188759,3146546.4632925475],[3163852.974787306,3146447.5420309356],[3166632.545091035,3146264.078089213],[3170299.0924567254,3145580.0265746904],[3170308.215871934,3145577.7579834787],[3172914.587472515,3144808.824380387],[3175444.9447859214,3143818.00468298],[3175948.4461356527,3143568.8220353136],[3176292.5339134755,3143429.143918666],[3177843.734875173,3142630.8442792296],[3177880.4374746974,3142612.68017514],[3177892.6817919984,3142605.94763514],[3177895.626698316,3142604.139020061],[3178801.982897514,3142137.697956081],[3179069.978262853,3141967.8220552276],[3179331.155283352,3141830.6524867797],[3180474.4671630403,3141077.5498788557],[3181185.6990998145,3140626.7168361936],[3181198.2774598757,3140617.929469262],[3181350.2807589583,3140500.649109382],[3181486.2468347168,3140411.0878898567],[3182261.852106807,3141431.804463809],[3184312.464033462,3143651.5799746932],[3186338.6748086214,3145461.1123998794],[3187470.7114215335,3146655.4915970163],[3188599.4663692378,3147631.7071988555],[3189075.3339018854,3148076.945077843],[3189416.9841677193,3148338.7460749927],[3189823.95119128,3148690.715790512],[3190462.982161387,3149289.1314067193],[3191381.1255623223,3150001.012106444],[3191549.407270679,3150145.2759839096],[3191553.563256062,3150148.526542914],[3191740.532234641,3150279.6773706237],[3192777.608195451,3151083.7721992717],[3192781.6730857296,3151086.631400574],[3194084.0750508043,3151923.5734995357],[3194235.600411554,3152029.8621289777],[3194338.7968142997,3152087.261341775],[3194996.9790130993,3152510.2186205066],[3197323.4993492775,3153743.7031359924],[3199744.959048645,3154778.456173646],[3199759.8446561093,3154784.0933041787],[3200015.078648395,3154867.4146588463],[3200111.6105054105,3154908.6263344227],[3200171.870754064,3154930.721913544],[3200765.0447444157,3155112.241731118],[3202540.1439783275,3155691.7243913817],[3202995.610296864,3155794.827041251],[3203450.683375856,3155934.085983189],[3204097.5727514103,3156057.156069718],[3206190.3262899467,3156893.57808451],[3206759.860887255,3157066.34886416],[3207550.32560153,3157471.9431343623],[3207557.1854951927,3157475.0246440847],[3210634.7626591455,3158667.8258968513],[3213820.3039076463,3159531.8762326455],[3217078.798523849,3160057.6792992656],[3220374.433996328,3160239.4562538574],[3221237.1584296236,3160196.4720309945],[3223221.980301525,3160185.612072295],[3223919.270158955,3160108.802702608],[3224405.9720597668,3160243.000473467],[3225746.1758069876,3160499.0957202953],[3226403.206623199,3160959.915719632],[3226750.107495174,3161227.7348592225],[3226930.0999052334,3161341.35523802],[3228377.841553278,3163336.0553497733],[3230487.2596799517,3165700.2536555952],[3232823.6200153544,3167840.4636559333],[3234243.618808379,3168899.7684316104],[3234390.8970831605,3169309.282465988],[3235536.9860644788,3171793.987958384],[3236894.489562925,3174169.7963658],[3236902.8525701636,3174183.059327409],[3238250.8214644357,3176151.3590249913],[3239743.957035572,3178011.9422683953],[3239748.1890440825,3178016.824625713],[3239973.53030266,3178246.474011079],[3240391.452142496,3178752.820121142],[3240398.4892198476,3178760.6722079664],[3242435.2322791377,3180832.4560709046],[3244654.2796856514,3182707.6731975176],[3247036.7358413744,3184370.355768052],[3249562.3136926484,3185806.345733703],[3249570.9624416176,3185810.7481456324],[3252535.1949577574,3187131.925659575],[3253514.3945936956,3187452.2468778836],[3253539.8140993444,3187471.0171886794],[3254760.840396092,3188186.6829398545],[3255999.1426395997,3188932.266525718],[3256182.789309677,3189020.1130961785],[3256413.733428038,3189155.4736501537],[3257349.006284814,3189577.9678159794],[3258718.681929483,3190233.1460883464],[3259141.200112994,3190387.5619691177],[3259449.5417429884,3190526.850240781],[3260192.409218824,3190771.742783782],[3261550.173397759,3191267.9589461917],[3262250.5745637277,3191450.23438777],[3262613.2536331094,3191569.7946087825],[3263180.27711213,3191692.1842170674],[3264467.6565807103,3192027.217441619],[3265494.0330573283,3192191.5986051443],[3265869.4518262995,3192272.631151022],[3266263.7657175716,3192314.8765184414],[3266813.7064397107,3192402.9532601],[3267235.622465284,3192686.938771051],[3268480.5728710103,3193546.416783199],[3268550.5445931344,3193590.7333970317],[3268725.31743207,3193689.6306828572],[3269057.8374769352,3193913.4450656227],[3271448.2723809085,3195236.8478840915],[3272784.7248162376,3195831.7640792937],[3273067.502382173,3196088.118441296],[3273171.057781859,3196709.108436522],[3273177.336923817,3196737.2300206046],[3273927.352013347,3199499.2702910053],[3274925.0925422404,3202181.7883108594],[3275417.991544225,3203209.969783771],[3275303.8000749145,3203384.614265539],[3275301.256813847,3203388.9955562423],[3274107.244316965,3205653.20132784],[3273101.1127792406,3208006.920288898],[3273099.408463887,3208011.40334993],[3272353.228206986,3210216.3242454105],[3272276.37035087,3210474.4995051287],[3272091.985390171,3211118.8755149143],[3271994.813567185,3211472.6602767487],[3271403.2048287345,3214044.054756596],[3271028.9847805733,3216655.9563293885],[3271010.848084629,3216965.7636336694],[3270920.7633899553,3217551.75843739],[3270753.892316612,3220659.536036235],[3270894.6709144693,3223768.6048591123],[3271341.723536505,3226848.5840006215],[3271400.3961094664,3227147.868912593],[3271660.914868245,3228351.5518616023],[3271661.844295483,3228355.47349092],[3271880.773560051,3229106.0330175846],[3271908.0871067345,3229282.808706777],[3272514.5309622805,3231807.065897278],[3272552.9797114623,3231942.2922399314],[3272975.083087913,3233224.194263985],[3273400.6093190443,3234612.245438175],[3274498.097786997,3237287.2262036847],[3275836.35883512,3239850.2440343318],[3277404.105750853,3242279.6827846086],[3277407.731730989,3242284.7725153863],[3278298.932974479,3243416.0685485248],[3276292.216104358,3244656.40460443],[3275120.079251744,3245217.673387348],[3274959.0871422994,3245302.566530116],[3272665.668147943,3246638.3844370535],[3272502.6771749775,3246742.7605707822],[3271002.742690236,3247786.0634658434],[3268777.785313956,3249149.4801138826],[3266201.1388530103,3251119.8187720925],[3263840.8930852814,3253344.8089582855],[3263834.4559964794,3253351.536319646],[3261793.24141774,3255708.0730244257],[3260639.656108166,3257341.99731872],[3258223.1309676995,3258451.8255305975],[3258214.3690461093,3258456.4163392703],[3255669.033889181,3259945.9820675408],[3253274.2425845587,3261667.1769220647],[3251837.603664495,3262919.3192555364],[3250408.1263090298,3263332.0503525366],[3250100.349776147,3263457.498083767],[3248766.4419882633,3263351.820353847],[3248751.7556118025,3263351.373992627],[3245484.992602295,3263421.723351312],[3242243.1140442416,3263830.273234913],[3239061.0382745597,3264572.623144699],[3235973.0394931706,3265640.777215372],[3233012.378594928,3267023.2303386903],[3230210.9449158725,3268705.0920852106],[3230179.690026286,3268726.136754079],[3227311.9071107544,3270905.472019512],[3224711.8081208146,3273398.0943920934],[3222413.4239452723,3276171.3796697734],[3222411.4658076065,3276174.0384095563],[3220693.8225713414,3278765.0285022836],[3219240.0653879098,3281512.776307181],[3219213.3449882367,3281569.942012641],[3218054.1483069723,3284400.899206365],[3217175.164220422,3287330.9917909335],[3216584.6909845225,3290332.557538379],[3216583.6047478807,3290339.9630693505],[3216308.385650252,3292997.338204471],[3216259.4471253394,3295668.4790059333],[3216259.5656349454,3295673.3911202285],[3216463.3429707326,3298569.549089963],[3216933.0409799414,3301434.6215093588],[3217664.6654776717,3304244.24457706],[3217666.7940435526,3304251.104593142],[3218318.8601174355,3306138.850096295],[3218331.8120411085,3306172.8148693],[3219365.725438003,3308578.5219225646],[3219371.815908059,3308591.2109029745],[3220833.091667992,3311289.9817916714],[3222550.182371303,3313833.6583970697],[3224506.7723828135,3316198.0709421015],[3226684.270367332,3318360.753000025],[3226687.821421752,3318363.9515931266],[3229075.7692903206,3320311.90074747],[3231642.716939194,3322017.063701222],[3234364.071196852,3323463.103788922],[3234406.1251402665,3323482.8745259508],[3237283.8886511936,3324665.9027634338],[3240264.370494188,3325559.1029756423],[3243250.1671746178,3326140.4543421683],[3243882.806403262,3327155.080897518],[3244305.1454455145,3327861.5101358183],[3244321.155346853,3327885.411482293],[3244333.165519222,3327877.366677165],[3244618.380128688,3328334.79375983],[3246524.6736966926,3330807.5998090394],[3246578.8792761234,3330871.131613946],[3248517.233775941,3332945.7452935027],[3250634.6051982916,3334837.2997722803],[3251712.350052158,3335637.917509855],[3251862.552788567,3335761.363021185],[3252028.0470149694,3335872.43738459],[3252913.7741003134,3336530.4120551557],[3253975.007001319,3337179.173853646],[3254392.518113497,3337459.393786436],[3254720.08579247,3337635.926241464],[3254741.022756283,3337649.6985518285],[3254766.098332665,3337662.790441869],[3255336.2052272744,3338011.312970645],[3256010.098364175,3338343.93180622],[3256071.7028733045,3338380.61013803],[3256167.493254739,3338425.992861061],[3256823.7539295875,3338796.966221135],[3256889.880182126,3338830.089003818],[3258937.7813693755,3339765.8420741535],[3258973.5011056247,3339780.6435429496],[3262165.431209349,3340906.3789440435],[3263843.175833662,3341301.879581862],[3264523.820287156,3341483.658461688],[3264827.0427984535,3341533.8099999153],[3265000.7596642054,3341574.76088732],[3265003.6680820454,3341575.5021303375],[3265005.3262616172,3341575.8373873807],[3265459.7619478893,3341682.9631091165],[3265871.504532977,3341734.2624462917],[3266190.244931393,3341792.4585952223],[3266203.0668475614,3341794.5500338743],[3266770.344233245,3341855.2226673886],[3267537.7163586314,3341982.142309061],[3268236.551126347,3342028.9254882555],[3268818.4210359305,3342101.4211245216],[3269118.2183031114,3342106.3373893457],[3269653.7683803756,3342163.61665763],[3269665.4078425225,3342164.2155429996],[3270313.691326074,3342167.978704646],[3270585.7353845285,3342186.1905717766],[3271047.29750241,3342172.237148208],[3272356.8674510014,3342179.838951323],[3273560.158214224,3343363.6812520176],[3273566.8440917316,3343369.6859480524],[3274793.9813000383,3344361.301576946],[3274853.0634802314,3344414.5060051493],[3274858.509574515,3344418.935619369],[3274940.498597766,3344479.698151792],[3276118.807513705,3345431.8569884733],[3276971.728563651,3345985.0542563833],[3277136.6782478606,3346107.299407472],[3277354.2460353863,3346240.000578288],[3277542.518322356,3346378.020077016],[3277967.6248392356,3346630.9840277378],[3278871.524942437,3347217.2458717693],[3279386.80996861,3347479.722766785],[3279557.514901986,3347583.8408661634],[3279623.5607949137,3347616.3655376825],[3280133.708191838,3347919.9339278443],[3281730.835469276,3348673.727063441],[3281795.101378429,3348706.4629580104],[3281805.6512045586,3348711.161512942],[3281831.0506558535,3348721.0254352065],[3282860.5160214123,3349206.90025361],[3285697.9312840346,3350227.114883245],[3288619.928951322,3350971.2203162643],[3288625.5889558173,3350972.3762175217],[3291857.618966082,3351459.2692776523],[3295122.710886535,3351608.459056963],[3295832.6391837047,3351567.094047173],[3296898.845068725,3351581.2725396],[3300079.1271011955,3351300.1939618587],[3302176.38996153,3350897.713153147],[3304652.227923228,3352433.8897866127],[3307521.76512344,3353833.79025247],[3310518.3287025923,3354935.8663722575],[3310529.4984857435,3354939.3423950193],[3310602.981321681,3354958.6732237833],[3311119.532083318,3355166.311084212],[3311119.0876072673,3355167.442872656],[3311125.995594777,3355170.1557780784],[3311134.0192966564,3355173.3100531916],[3311168.355029651,3355185.9364392967],[3312670.631187644,3355789.80624336],[3315430.0267984527,3356615.31646169],[3318253.316275017,3357185.2004753626],[3318287.774929115,3357190.5289119515],[3321388.3070932426,3357513.809193674],[3324505.6108172005,3357528.8867908847],[3326185.2260872154,3357370.1681246087],[3326375.2356783804,3357370.974653702],[3326535.0785700064,3357370.31090645],[3328708.1498575932,3357256.438648581],[3331042.800747236,3358630.100171045],[3333752.1765229655,3359895.1188552952],[3336569.3408720307,3360897.403443606],[3338081.9967642035,3361278.5015795757],[3339105.1410239334,3361584.3674329463],[3339952.0096123037,3361747.9119208567],[3340200.7403355488,3361811.6182748857],[3340513.191360489,3361860.6301064496],[3340597.9178976007,3362032.91678729],[3340147.970158364,3363734.311303997],[3340136.001007188,3363807.822839302],[3338515.6851982777,3364300.00085968],[3336672.610175021,3363768.987604121],[3333771.404723838,3363220.9412434218],[3330831.6180864996,3362947.0755639803],[3327879.103824701,3362949.799041007],[3324939.8274315353,3363229.087723247],[3322039.6379814227,3363782.4854436135],[3319204.0408038753,3364605.125419626],[3319200.4712884934,3364606.3451439743],[3318205.616100399,3364965.0629737666],[3318196.540835122,3364968.5085787256],[3315372.206250971,3366202.181506823],[3312682.025394292,3367706.0903122723],[3310151.7775631435,3369465.8234311626],[3307805.7094593192,3371464.5178022385],[3307767.052955841,3371500.862247736],[3305537.9143605223,3373822.479503022],[3303557.446753417,3376359.547419809],[3301846.3469879995,3379085.5523996223],[3300422.496892276,3381972.00635943],[3299300.7763949535,3384988.7444460173],[3298492.908022918,3388104.2402734333],[3298491.403662463,3388111.5643320545],[3298066.0093162116,3390743.793805866],[3297864.864243476,3393402.5779287955],[3297889.4111384754,3396068.846820444],[3297897.551775598,3396226.5816281796],[3297936.1879111,3396621.950949287],[3297936.2842225325,3396629.9878633586],[3297940.6996958503,3396668.120713691],[3298178.2367938897,3399098.8731678124],[3298289.4331124937,3399679.847481366],[3298310.191332547,3399859.119337747],[3298408.172596539,3400300.2330399966],[3298720.7538447436,3401933.395705679],[3298939.0416206094,3402690.2165029244],[3299015.067046013,3403032.484560089],[3299071.5342461797,3403236.3396876324],[3299368.7199829826,3404243.6105919504],[3299374.2466286155,3404261.2527929395],[3299463.3919302747,3404508.180050463],[3299520.5444671093,3404706.3323671473],[3299709.615664356,3405190.2053536717],[3300290.761699261,3406799.945788095],[3300370.7061228985,3406994.8006488737],[3300868.088165302,3408009.0862028436],[3300946.082818947,3408236.321320357],[3301364.0573305055,3409161.0767787686],[3301900.220149204,3410418.9145815345],[3301916.7484108787,3410452.880834416],[3302205.575694892,3411031.2632527757],[3302226.6980429683,3411072.4965142324],[3303538.226081996,3413386.344425974],[3303580.8276697607,3413454.610991611],[3305216.914407986,3415827.1902123936],[3307063.1012466936,3418040.221195112],[3307724.147058144,3418699.363020822],[3308176.9315218395,3419327.305310322],[3308796.833084424,3420036.312330475],[3309439.921650708,3421239.7703671106],[3311179.800295225,3423837.686713195],[3311196.3072717474,3423859.867022878],[3313102.116295514,3426180.787378543],[3315220.3864029716,3428309.568974729],[3317531.8445954663,3430226.843174409],[3320015.460160024,3431915.1657324224],[3320621.02030569,3432247.2494289507],[3321055.8949319767,3432517.219408187],[3323007.7303581103,3434258.427704574],[3321751.0217877734,3436230.6070827064],[3320288.2077146256,3439158.5430444176],[3320281.011789044,3439175.039396964],[3319053.69814228,3442483.0957938563],[3318204.2408321295,3445907.706456513],[3318202.678110696,3445915.9622856616],[3317867.9347670595,3448248.72872237],[3317447.2157673347,3450680.5312306],[3317229.4548825077,3454007.8205280793],[3317364.807406401,3457339.4798093317],[3317851.7551567326,3460638.1395008625],[3317853.6161944363,3460647.3420187184],[3317858.706956512,3460672.5096529406],[3317862.823818078,3460692.8296314552],[3318622.166645156,3463678.5764997057],[3319669.6874317327,3466575.814165482],[3320995.356016964,3469356.8011651696],[3322586.4789351905,3471994.909151852],[3324427.820957675,3474464.8778655273],[3324929.957842426,3475016.467247712],[3324923.655904086,3475021.9078091015],[3324931.4986915123,3475030.9923059465],[3325771.7478858116,3475941.1602229965],[3326501.7509720917,3476743.0570036997],[3326640.7490607654,3476868.555369725],[3326751.4188105413,3477004.1577991624],[3327129.4916152144,3477386.1782696117],[3327586.698860218,3477905.277227106],[3328306.255529996,3478575.22942266],[3328394.5965382564,3478664.4928479013],[3328806.811872307,3479618.872368823],[3330294.5424370267,3482307.775004049],[3332037.327106698,3484838.8303590515],[3334018.562416356,3487187.9251342127],[3336219.3731878907,3489332.6795637044],[3338618.7923533823,3491252.6606269437],[3340294.397261511,3492343.792715546],[3340794.0433313805,3492692.5834819293],[3341035.6319371234,3492826.475080477],[3341193.9607078233,3492929.5767134586],[3341643.476285105,3493163.350452432],[3343639.0986724054,3494269.350757008],[3346631.656340803,3495544.158010897],[3349739.7737304564,3496503.3979315576],[3352222.532871886,3496996.3183743753],[3352727.250435793,3497103.2371846735],[3352805.195438634,3497111.9986615293],[3352930.2747490234,3497136.831577472],[3353097.519808162,3497161.1353555676],[3354207.7513046074,3497269.6541918516],[3355755.169492166,3497443.593099319],[3356029.757703706,3497447.744990721],[3356033.9688149136,3497448.156602974],[3356059.9885416096,3497449.4733198434],[3356150.321278718,3497449.567963629],[3358801.809253985,3497489.659597809],[3361838.634398427,3497241.005213836],[3364837.201527967,3496699.958884747],[3365900.4141701693,3496399.594984979],[3366536.716407345,3496444.0162188774],[3366810.202120531,3496474.2826444814],[3366988.804516691,3496475.5771823227],[3368009.619582536,3496546.841845807],[3369781.680683125,3496495.820381526],[3370050.6735582873,3496497.770083565],[3370194.882782117,3496483.9234011522],[3371107.7107959758,3496457.64111219],[3373028.9627248445,3496211.8006904367],[3373276.394531481,3496188.0427812384],[3373303.1559754205,3496184.07449947],[3373404.8415645286,3496163.70381616],[3374182.019680937,3496064.257307847],[3374205.36007215,3496060.094213619],[3376101.2160880407,3495623.5388627397],[3376419.8946924317,3495559.6979489513],[3376542.741326191,3495521.8696412127],[3377260.847938195,3495356.5125247734],[3379115.0353329848,3494729.7801365578],[3379457.791206007,3494624.234919346],[3379579.8603773406,3494572.6649976186],[3379846.702459524,3494482.469920296],[3379910.659325152,3494461.8534764494],[3379935.3679412566,3494452.500172214],[3380231.2020022594,3494352.505539477],[3381808.4027618966,3493637.5834303456],[3382269.4211467803,3493436.4203844564],[3382385.879703746,3493387.220749515],[3382400.4556262945,3493379.2441505366],[3382835.861920062,3493189.256811364],[3382998.7966497117,3493097.995236659],[3383086.9626145777,3493058.030890224],[3383572.6297759037,3492776.5848484207],[3384837.448537741,3492068.145633712],[3384849.282479384,3492062.9191684513],[3385462.3207967086,3491849.2064195885],[3386433.136710674,3491513.764358234],[3386442.198085305,3491510.1181708477],[3386461.0405295943,3491501.040353249],[3386465.809854245,3491499.3777076155],[3386471.1790753813,3491497.2035633833],[3387003.5430602226,3491247.046672173],[3388298.859604673,3490832.4628164023],[3388316.9543221467,3490826.1122593237],[3389373.68355027,3490433.856349266],[3389388.5755833033,3490428.0230641263],[3389656.0234123864,3490321.8501367667],[3389665.7879772643,3490317.9219965115],[3391269.285643985,3489620.51910537],[3391406.7668404607,3489556.1276903446],[3393799.4973552967,3488307.7245472227],[3393807.4688609596,3488303.120398072],[3397494.8412088566,3485810.0337320548],[3397502.6188678253,3485803.931603552],[3399701.2960319812,3483908.8378630234],[3399707.6516989637,3483902.827397729],[3401901.2204515934,3481608.130551821],[3403852.561920103,3479104.2048419793],[3403915.3884439697,3479004.245594323],[3404899.530154512,3479006.0928894645],[3404916.0312990933,3479005.4769651685],[3408178.8305163477,3478713.1456126818],[3411393.5924882935,3478083.3664327348],[3414525.5137877082,3477122.957495856],[3414958.78834053,3476938.931888091],[3415721.6667167507,3476688.850883995],[3418375.861081609,3475539.4360287213],[3418379.450550475,3475537.681597693],[3419057.949722659,3475159.6981995297],[3419185.1383590195,3475107.16758738],[3421569.0639850656,3473864.3064655126],[3422270.10847812,3473590.580856102],[3422279.815803212,3473586.19456091],[3424743.758867076,3472291.6022446817],[3425964.1266175234,3472403.3599040094],[3426313.474676964,3472486.166965002],[3426908.5745969703,3472611.615040427],[3427107.08359668,3472652.793993151],[3427413.9978006105,3472715.4306587246],[3427713.9119411143,3472775.1230363525],[3428012.632789263,3472833.0711791147],[3428671.118020425,3472943.9594877833],[3428873.1123919515,3473479.589599505],[3428902.8734807954,3473554.154721723],[3429066.4698024723,3473955.9744690806],[3429103.374402128,3474044.85978999],[3429400.990487619,3474738.1008219626],[3429447.500370023,3474842.9532158063],[3430151.308217106,3476306.723801573],[3430148.8425873,3476307.940018741],[3430203.6917297835,3476419.135357949],[3430233.1781069455,3476476.9957544985],[3430284.692983621,3476584.135738116],[3430442.0758392788,3476887.2743502473],[3430442.2224009964,3476887.1982586486],[3430577.0802388783,3477151.826494758],[3430673.2591426848,3477334.615125083],[3430958.7351788688,3477864.7979476126],[3431146.540300305,3478205.736072788],[3431154.5108944797,3478201.3454860616],[3431763.139478111,3479282.832699501],[3431827.6029329123,3479390.2133461204],[3433004.3214882705,3481205.9002614515],[3433119.521624132,3481370.938887164],[3433476.393554231,3481925.2884649476],[3433579.9385604323,3482079.094514415],[3433865.83477607,3482475.6542777354],[3433823.117323627,3483262.2744639376],[3433941.4222948705,3486223.8787524095],[3433980.6946469825,3486674.075878608],[3433995.2226184774,3486990.343584101],[3433999.361394569,3487068.7313463725],[3434027.959701793,3487542.5195298796],[3434033.2974225627,3487621.096262836],[3434151.475193211,3488946.1205899613],[3434168.5324317235,3489100.4449261725],[3434197.2396148727,3489524.910135735],[3434200.2250029803,3489550.496091108],[3434504.085313122,3491578.4792229524],[3434648.1730820206,3492364.503730406],[3434658.433261854,3492420.1924221152],[3434665.5025604647,3492458.369420172],[3435201.9419769305,3494836.8315553097],[3435259.0052831853,3495050.8555461005],[3435261.904257603,3495071.9639381166],[3435476.478250445,3496016.522775607],[3435573.354561294,3496601.1960473564],[3435679.295449889,3497003.3113700286],[3435764.836603315,3497478.5049615745],[3435862.85038,3497961.586226337],[3435878.1940027084,3498048.430908162],[3434942.6273184065,3499362.8955422915],[3434861.7021827833,3499487.4521756233],[3432772.3804362016,3503241.2386088837],[3432712.7470774166,3503368.0361079215],[3432169.222419195,3504702.963934714],[3431758.026385674,3505525.668138824],[3431740.7030214355,3505567.2143916925],[3431413.1328969086,3506416.3603964895],[3431065.2828460247,3507135.755053839],[3430893.2220210633,3507538.520248035],[3430706.497780081,3507985.08088262],[3430482.7642387864,3508531.924251716],[3430523.4351748815,3508548.5642131283],[3429859.5264749033,3510162.4070508587],[3429735.030209011,3510521.191402805],[3429712.7783306744,3510585.0065163276],[3429453.255081657,3511361.6210771967],[3429332.6774224197,3511738.6880971724],[3429165.5343815344,3512277.9947742294],[3429070.405223962,3512594.964150963],[3429039.263101985,3512699.3853679732],[3428943.168169158,3513023.6446654126],[3428558.6161673553,3514441.9628116842],[3428504.833431558,3514660.387680595],[3428375.609891613,3515211.1165612065],[3428238.9774829904,3515744.688030701],[3428231.5418529445,3515777.1014778023],[3428194.563375883,3515921.199403558],[3428198.484878501,3515922.205741393],[3428198.0510417987,3515924.113568044],[3428124.5510071428,3516250.20218636],[3428130.7220902005,3516251.5931420485],[3427845.460206017,3517300.191290039],[3427309.991020681,3520698.124674596],[3427237.6197382784,3522237.155073613],[3427171.2406324525,3523033.6761453263],[3426933.555761335,3523642.3868866377],[3426888.1483338964,3523768.3568545864],[3426846.3136517513,3523885.1358919204],[3426813.1538053323,3523978.277158784],[3426755.7981518023,3524139.438054664],[3426721.112886987,3524237.4105023397],[3426638.9294768022,3524470.770428866],[3426446.4238419137,3525034.3472939497],[3426421.6435786015,3525109.2007410955],[3426162.3883708585,3525944.664879116],[3426162.068733541,3525945.5977991475],[3426102.7262565466,3526125.1412423383],[3426092.4108419465,3526156.4058627356],[3426073.183343276,3526214.784362793],[3425990.353311513,3526470.165783499],[3425721.0550411167,3526932.439954677],[3424423.9508015206,3529773.8964368305],[3424408.771996996,3529812.0525803613],[3424133.499115658,3530529.391489485],[3424037.2712092823,3530789.602654246],[3423978.736337503,3530943.6255354797],[3423889.4532915014,3531186.1551249027],[3423494.961351688,3532324.478931256],[3423336.7087818654,3532811.0177656603],[3423151.723211957,3533399.2695547426],[3423129.7531187143,3533471.6020227834],[3422925.891793567,3534305.8170243623],[3422674.2771847206,3535089.256818099],[3422503.4147998784,3535647.730458412],[3422427.6938329265,3535898.9664178966],[3422367.813131996,3536100.684256096],[3421692.2845269344,3538812.0237561585],[3421661.252028363,3538965.27871836],[3421425.4971028515,3540270.289230807],[3421421.77302539,3540293.713528712],[3421092.5867488952,3543499.6275425297],[3420231.912858786,3546306.1563971825],[3419592.2706789346,3549634.665855265],[3419585.3379745875,3549685.3259466896],[3419574.359872722,3549821.576345868],[3418932.5482893735,3550940.4600390852],[3418207.9056557766,3552563.8193641677],[3418008.0858995835,3552865.1417006454],[3418013.0436156187,3552887.9964906825],[3418058.1831510444,3553106.619620289],[3418101.1444203933,3553325.670727194],[3418141.921369683,3553545.151010536],[3418180.514317533,3553765.0604207185],[3418216.923583287,3553985.3989112717],[3418251.149487014,3554206.1664388557],[3418283.179610098,3554427.3654663665],[3418313.0206453274,3554648.9947050037],[3418340.660177734,3554871.056623716],[3418366.0985331223,3555093.551191463],[3418389.3296695845,3555316.4796318198],[3418412.4936074745,3555539.421443191],[3418433.5080813966,3555762.785831081],[3418452.309736805,3555986.5852883053],[3418468.873435641,3556210.8248019405],[3418483.20588,3556435.5031053317],[3418495.2946718303,3556660.62268918],[3418505.1210501674,3556886.187298756],[3418512.6853563744,3557112.1969285966],[3418517.9752014233,3557338.6540792827],[3418520.9654691173,3557565.5637574755],[3418521.6628739047,3557792.924716602],[3418520.0359420497,3558020.743221698],[3418516.078664266,3558249.0205360204],[3418509.772305456,3558477.7604292464],[3418501.1044988967,3558706.965423443],[3418490.056518003,3558936.639295944],[3418476.609640964,3559166.7858280744],[3418460.738788106,3559397.410056749],[3418442.4252482243,3559628.515771679],[3418432.351793986,3559744.249355067],[3418421.6566769686,3559860.105515324],[3418410.339945638,3559976.08425808],[3418398.40164852,3560092.185589223],[3418385.835472689,3560208.4107665303],[3418372.6351059433,3560324.761048119],[3418358.8005979806,3560441.236440784],[3418344.33835957,3560557.8356998805],[3418329.2293574996,3560674.562587842],[3418313.4736426496,3560791.4171124115],[3418297.077626475,3560908.3980298266],[3418280.0286387946,3561025.507851915],[3418262.3203710034,3561142.7478391705],[3418243.95923525,3561260.116748747],[3418224.932563553,3561377.6170936585],[3418205.246768362,3561495.2476316644],[3418184.8828234947,3561613.0121285394],[3418163.847142209,3561730.9093427537],[3418142.133418817,3561848.9405370085],[3418119.7353483764,3561967.1069744476],[3418096.6529855225,3562085.4086665525],[3418072.873667633,3562203.8481294014],[3418048.403809,3562322.4241231466],[3418023.2243900034,3562441.140416983],[3417997.3418257623,3562559.9957718574],[3417970.749814818,3562678.9914534935],[3417943.4420564696,3562798.1287281034],[3417915.4058931274,3562917.410114799],[3417886.6413835967,3563036.835628517],[3417857.148586765,3563156.405284538],[3417826.914847332,3563276.12160355],[3417795.9338684147,3563395.9858543947],[3417764.205710688,3563515.9980538446],[3417731.717721678,3563636.160724389],[3417698.4636068163,3563756.4751365646],[3417664.44342859,3563876.941308719],[3417629.6445373697,3563997.561765246],[3417594.060640931,3564118.337778474],[3417557.6854478316,3564239.270621348],[3417520.51266742,3564360.361567448],[3417482.5360098323,3564481.6118909945],[3417443.7428307654,3564603.0241199657],[3417404.1331975283,3564724.5982769094],[3417363.9295985806,3564846.2905218173],[3417323.4879470197,3564968.0306874453],[3417282.65575385,3565089.848861049],[3417241.3822166626,3565211.755081249],[3417199.260704091,3565333.829583374],[3417156.2912864904,3565456.072392709],[3417112.4486189745,3565578.4885494346],[3417165.459931987,3565795.5626578694],[3417218.458503496,3566012.6392873432],[3417269.271636851,3566230.147104013],[3417317.906001264,3566448.0847903355],[3417364.349208533,3566666.454792025],[3417408.6142816297,3566885.254544515],[3417450.695186731,3567104.4852463836],[3417490.5985947307,3567324.1455928506],[3417528.3121228158,3567544.2380417553],[3417563.8424436506,3567764.7612945503],[3417597.183528504,3567985.716562043],[3417628.3293506275,3568207.1050580386],[3417657.2865848867,3568428.9254934564],[3417684.0428571347,3568651.1803412936],[3417708.592145662,3568873.8708245875],[3417730.9347796314,3569096.9969166014],[3417751.058391854,3569320.5610995265],[3417768.9569666586,3569544.5646057855],[3417784.6181424865,3569769.009923829],[3417798.048603876,3569993.8957868163],[3417809.216951199,3570219.228448127],[3417818.136220686,3570445.0053946637],[3417824.7750203446,3570671.232886384],[3417829.1336969547,3570897.9109225594],[3417831.1999061164,3571125.0420115315],[3417830.948615479,3571352.631170802],[3417828.380180056,3571580.678410155],[3417823.4695756123,3571809.1887543583],[3417816.2044733316,3572038.1647262597],[3417806.7248126557,3572267.5787829366],[3417795.9000697266,3572497.2592967814],[3417782.671053329,3572727.4155252534],[3417767.019106703,3572958.051258051],[3417748.931920983,3573189.1690360806],[3417738.9712679093,3573304.90948723],[3417728.384505392,3573420.773910521],[3417717.1780250124,3573536.761058536],[3417705.351875357,3573652.870937116],[3417692.8934206115,3573769.106058589],[3417679.809052539,3573885.465176309],[3417666.0924785044,3574001.949550115],[3415565.5422853846,3576818.8219016013],[3414599.1145920493,3578748.791244097],[3411701.620344679,3583339.5827500504],[3410209.3989261435,3583827.016027839],[3409056.558598976,3584183.885104486],[3405089.6467431844,3584820.928217191],[3402886.2663087165,3585137.6369858463],[3395988.4336576327,3586026.1477949037],[3393517.198907311,3586022.177414794],[3389962.9404665395,3585829.200600422],[3387245.1793311737,3585878.8394143796],[3383926.577607785,3585420.4221849246],[3381678.0139893834,3585091.8094265712],[3377708.055627686,3584423.440166886],[3373830.8278339747,3583422.141864428],[3369201.868815537,3581915.183301117],[3363794.5578827243,3579845.6405932317],[3363840.795732042,3579609.6989248004],[3363772.149823578,3579510.0120235863],[3363704.1922355737,3579410.181153731],[3363636.923013565,3579310.20628575],[3363570.329538441,3579210.0900473157],[3363504.4181875484,3579109.8310815855],[3363439.182673586,3579009.4306888673],[3363374.610375982,3578908.8914987957],[3363310.707671879,3578808.2121556927],[3363247.4619398625,3578707.3952903803],[3363184.8732238715,3578606.4408767773],[3363122.9415679118,3578505.3488890897],[3363061.654349084,3578404.121959996],[3363001.017944308,3578302.758735576],[3362941.0197298275,3578201.2618496334],[3362881.6660825545,3578099.6299488805],[3362822.944377868,3577997.8656682144],[3362764.854658467,3577895.9689844516],[3362707.3906327784,3577793.9412042326],[3362650.55867768,3577691.78097549],[3362594.3461668105,3577589.4909352455],[3362538.753142262,3577487.071061813],[3362483.7796461866,3577384.5213337485],[3362429.4193857424,3577281.8430597982],[3362364.1993590705,3577181.4448570744],[3362286.0725340103,3577083.756797162],[3362208.4439263064,3576985.964751889],[3362130.078125554,3576888.328109963],[3362050.3985324553,3576790.967977132],[3361971.4959013294,3576693.4453418255],[3361893.3576101656,3576595.762826431],[3361815.9837082494,3576497.9203930735],[3361739.367908676,3576399.9193351096],[3361663.5039240904,3576301.7609466924],[3361588.3791301255,3576203.447853801],[3361513.9935747897,3576104.9800212868],[3361440.3346325243,3576006.360076857],[3361367.408687651,3575907.5866553253],[3361295.2031138167,3575808.6623857887],[3361223.7116208933,3575709.58856693],[3361152.9342556596,3575610.3651665184],[3361031.911156729,3575521.700816211],[3360854.6884360984,3575444.850201714],[3360680.248309248,3575367.419915325],[3360508.4958452336,3575289.429629653],[3360339.3487838735,3575210.896370826],[3360172.7058465807,3575131.841180496],[3360008.4974396513,3575052.278453195],[3359846.6412891946,3574972.225264164],[3359687.0677933185,3574891.6960366294],[3359529.713684672,3574810.703873078],[3359374.503015233,3574729.2645560424],[3359221.378848475,3574647.389878529],[3359070.284244609,3574565.091644006],[3358921.1749383016,3574482.378996783],[3358773.9813057184,3574399.266429031],[3358628.665414266,3574315.761768853],[3358485.1766507505,3574231.8755220217],[3358343.470738232,3574147.616867346],[3358203.5033970904,3574062.994991185],[3358065.236684556,3573978.0177514227],[3357928.626315874,3573892.6943484354],[3357793.6406831,3573807.0313172247],[3357660.2481763875,3573721.0351982354],[3357528.4045038866,3573634.7152103973],[3357398.078051161,3573548.07790577],[3357269.2498823376,3573461.127167644],[3357141.875698908,3573373.872231319],[3357015.9302209183,3573286.318326545],[3356891.388166832,3573198.470687181],[3356768.2242535115,3573110.3345511057],[3356646.4131962,3573021.9151601456],[3356525.923367513,3572933.2190979426],[3356406.7358201514,3572844.2502763732],[3356288.83160563,3572755.01261039],[3356172.179091545,3572665.5126948035],[3356056.765667743,3572575.7531129112],[3355942.5723817265,3572485.737789015],[3355829.5675963024,3572395.473328037],[3355717.7386975884,3572304.9623218044],[3355607.0730709326,3572214.207364277],[3355497.545416699,3572123.2137301792],[3355389.143117917,3572031.9840185195],[3355281.847214464,3571940.522169943],[3355175.6387449093,3571848.832127658],[3355063.997578045,3571758.291249697],[3354953.323205558,3571667.5477904095],[3354843.7869416256,3571576.56549526],[3354735.376167765,3571485.3469650173],[3354628.071921592,3571393.8961429805],[3354521.855239412,3571302.216975004],[3354416.713499563,3571210.312068668],[3354312.6277360786,3571118.1853743894],[3354209.591668866,3571025.8381628683],[3354107.104206196,3570933.3763206527],[3354005.095598864,3570840.8145665503],[3353904.105115081,3570748.038842841],[3353804.1201283475,3570655.0517670107],[3353705.121667054,3570561.8573000534],[3353607.103446956,3570468.4567214367],[3353510.046494441,3570374.8539958396],[3353413.950868396,3570281.04906368],[3353318.791248806,3570187.0472350926],[3353224.5676932894,3570092.8484532377],[3353131.26122454,3569998.4566894444],[3353038.8718992798,3569903.871889149],[3352947.3743932326,3569809.099369449],[3352856.7687618127,3569714.139078357],[3352767.0423694714,3569618.993650443],[3352673.69618606,3569524.615321767],[3352578.532197821,3569430.622817766],[3352484.298083636,3569336.4345562137],[3352390.981208732,3569242.0531682787],[3352298.575283623,3569147.4799430426],[3352207.0740184337,3569052.716170637],[3352116.458429981,3568957.765830015],[3352026.7222268116,3568862.6302140886],[3351937.859117072,3568767.310616765],[3351849.856461649,3568671.8096771888],[3351762.701620491,3568576.1300359406],[3351676.3946468425,3568480.271646049],[3351590.9228995573,3568384.2371502146],[3351506.2800839245,3568288.027847811],[3351422.4535572906,3568191.6463839384],[3351339.4433713458,3568095.0927151814],[3351257.2305345307,3567998.3708336903],[3351175.815097538,3567901.480697904],[3351095.1907631075,3567804.423611944],[3351015.344885353,3567707.202226145],[3350936.2775140554,3567609.816501155],[3350857.982350631,3567512.2677435977],[3350780.4403988635,3567414.559952279],[3350703.1247625942,3567316.8047904577],[3350626.340202078,3567218.9376443774],[3350550.3089666488,3567120.9113786025],[3350475.0184066477,3567022.7286491375],[3350400.4685699632,3566924.389420779],[3350326.6468057507,3566825.8963512597],[3350253.5531612504,3566727.2494066833],[3350181.174984417,3566628.4512464665],[3350109.518671657,3566529.5004914086],[3350038.571570129,3566430.3998022806],[3349968.3273760676,3566331.1504941843],[3349898.7797852354,3566231.7538829185],[3349829.935193669,3566132.2085910793],[3349761.7745959824,3566032.518629377],[3349694.304387811,3565932.682621408],[3349611.026496017,3565815.893407136],[3349562.812833363,3565738.0674433582],[3349480.767367002,3565631.1655453597],[3349411.995183805,3565509.040178009],[3349367.075783985,3565431.3607352073],[3349303.6281870115,3565330.6734551303],[3349240.839535963,3565229.846672523],[3349178.697171175,3565128.88305715],[3349117.2138395812,3565027.7798881503],[3349056.3641769774,3564926.54253212],[3348996.1672823457,3564825.166920861],[3348936.6041423995,3564723.6570742717],[3348877.6747996593,3564622.012968841],[3348819.3792967084,3564520.2345813233],[3348761.711323432,3564418.323237101],[3348704.670922113,3564316.278913681],[3348648.25178205,3564214.1029373417],[3348592.4475920303,3564111.796634914],[3348482.696935594,3563906.7902694754],[3348375.3875193237,3563701.2663936103],[3348270.500613059,3563495.2288923315],[3348168.0238384632,3563288.680307053],[3348067.925751917,3563081.6272319],[3347970.193969688,3562874.0722191916],[3347874.809751396,3562666.0191754824],[3347781.767065062,3562457.4693131936],[3347732.6545055723,3562353.744800035],[3347664.473587039,3562254.0699489745],[3347596.983636195,3562154.248751263],[3347530.1783424225,3562054.2825276344],[3347464.0450384156,3561954.173949549],[3347398.5837685186,3561853.922989175],[3347333.7945771497,3561753.529618986],[3347269.6647955435,3561652.996512373],[3347206.2008241876,3561552.322292511],[3347143.389993476,3561451.5096339653],[3347081.232346846,3561350.5585111277],[3347019.721570613,3561249.4702493153],[3346957.2302313466,3561148.5906094443],[3346894.4194410713,3561047.7791454066],[3346832.255535636,3560946.8305340363],[3346770.7449158737,3560845.743399277],[3346709.88126746,3560744.519067134],[3346649.658275573,3560643.158864209],[3346590.0759830694,3560541.662766484],[3346531.1217162334,3560440.0334527898],[3346472.8082341193,3560338.2681973786],[3346415.11650397,3560236.3710313602],[3346358.0529263658,3560134.340580954],[3346301.611184741,3560032.1781755155],[3346245.7913210536,3559929.883793289],[3346135.991958364,3559724.9044199595],[3346028.642452535,3559519.4049976044],[3345923.711336794,3559313.3921242123],[3345821.186220087,3559106.8683477445],[3345721.0419890364,3558899.8389257537],[3345623.2662480604,3558692.30641669],[3345527.8402390974,3558484.274736328],[3345434.745201478,3558275.747805586],[3345343.9687335333,3558066.7281975914],[3345255.498432111,3557857.218489958],[3345169.315530337,3557647.222617794],[3345085.4139836803,3557436.7418146655],[3345003.768658816,3557225.7813778203],[3344924.3862340576,3557014.3398426836],[3344847.247936084,3556802.4211615366],[3344772.341352519,3556590.0279375976],[3344699.666797407,3556377.160070824],[3344629.2054926706,3556163.821525698],[3344560.9577512373,3555950.0122095067],[3344450.0428441963,3555859.442840755],[3344334.5161998887,3555769.8562711854],[3344220.201503549,3555680.013656495],[3344107.0860954053,3555589.917616983],[3343995.1509497087,3555499.5721297264],[3343884.364308764,3555408.983884054],[3343774.726239956,3555318.1527986783],[3343666.2049829084,3555227.085568406],[3343558.794237831,3555135.7834710567],[3343450.73073171,3555044.62185831],[3343341.0849951385,3554953.7986755846],[3343232.556158809,3554862.7392448382],[3343125.1379224216,3554771.4448444694],[3343018.811252688,3554679.9194661123],[3342913.557115008,3554588.1671039234],[3342809.362840049,3554496.1903983215],[3342706.209390931,3554403.99334794],[3342604.084096276,3554311.578597327],[3342502.9806508385,3554218.947436217],[3342402.8800148237,3554126.1038690796],[3342303.7695143,3554033.050545792],[3342205.636474469,3553939.7901179497],[3342108.468219662,3553846.3252388407],[3342012.25207333,3553752.6585634165],[3341916.981725785,3553658.791390864],[3341822.638131214,3553564.7277365327],[3341728.8583701593,3553470.544931411],[3341635.4386970303,3553376.286390963],[3341542.926804802,3553281.835313622],[3341451.31001257,3553187.1943621654],[3341360.5883755656,3553092.3634845773],[3341270.7428431767,3552997.3467041915],[3341181.7671009228,3552902.1453295173],[3341093.6548339147,3552806.7606700393],[3341006.3933578082,3552711.1953948396],[3340919.9763565008,3552615.4508156674],[3340834.3911441616,3552519.529604071],[3340749.6314034592,3552423.4330740026],[3340665.6971862223,3552327.161181231],[3340582.569435243,3552230.717959567],[3340500.248201364,3552134.1033666693],[3340418.720795569,3552037.320079453],[3340337.9808979863,3551940.3694166057],[3340258.0285585583,3551843.2513380214],[3340178.8447161717,3551745.969883215],[3340100.429419753,3551648.5250138403],[3340022.776347667,3551550.918051885],[3339945.885548621,3551453.1489600874],[3339869.7379586385,3551355.221782015],[3339796.7772107073,3551260.315076576],[3339150.9420088194,3550602.702279372],[3338941.727325589,3550408.168151604],[3335566.185600427,3547678.196347573],[3335549.656487805,3547666.617876144],[3333797.608998783,3546564.356983828],[3333775.4526563324,3546546.9295749455],[3332539.487772387,3545437.2937943786],[3330504.752858028,3543889.3056326946],[3330488.2014317047,3543877.7436354193],[3330295.1513314727,3543743.9572117794],[3330187.216990005,3543669.7516333894],[3329850.6902144384,3543441.5732371],[3329728.5972531415,3543359.9352191105],[3327356.7193268808,3541921.0006690123],[3324867.380155359,3540696.448495491],[3324143.6858454756,3540416.5717392797],[3324036.9372670804,3540354.1037794994],[3323489.0427781716,3540066.563339165],[3323473.2517043226,3540096.652471413],[3322980.0209052437,3539802.018656411],[3322916.3284407216,3539770.0079554794],[3320041.218630175,3538500.594196077],[3317053.873266429,3537524.15403254],[3313984.0610610936,3536850.417630649],[3313822.0380906495,3536831.508623855],[3312471.5692215585,3535422.371479753],[3311818.984207793,3534845.009824397],[3311462.4557612925,3534484.134145648],[3309197.8021130855,3532586.033792942],[3306765.1744966195,3530908.606007644],[3305457.801183619,3530177.6720872116],[3305295.138054129,3530073.691731531],[3305136.5152941644,3529933.515801164],[3302760.2786015314,3528199.9442105563],[3300232.6301128063,3526695.6954290625],[3297575.6316766106,3525433.8988570143],[3297547.661755041,3525422.1841952563],[3296277.847640609,3524922.4100010768],[3296235.537694708,3524906.8078830214],[3295555.9027863275,3524697.7972332393],[3295206.982347608,3524510.627401406],[3294635.2556592715,3524271.236288017],[3293720.849477865,3523818.142574003],[3290755.8171667987,3522704.127102317],[3290521.031006939,3522641.982127656],[3288184.2653657957,3521723.211773719],[3286176.4004823007,3521172.653906495],[3286062.254729365,3521273.5240725805],[3285883.825315659,3521427.8798433198],[3285700.042340631,3521583.4428898087],[3285510.5602088305,3521740.2913150163],[3285314.994918094,3521898.511907408],[3285112.898427494,3522058.20589306],[3284903.7843098748,3522219.4832154624],[3284687.089303271,3522382.4711635965],[3284462.1669181604,3522547.3158344473],[3284228.2682287074,3522714.186472252],[3283984.5098516727,3522883.282690001],[3283988.8212742396,3523111.262128545],[3284047.1913282117,3523327.1254458027],[3284103.3827939546,3523543.477094331],[3284157.4087962043,3523760.314132037],[3284209.269643456,3523977.6364926463],[3284258.9528310075,3524195.4469850473],[3284306.471484194,3524413.7426767577],[3284351.8259139284,3524632.523510696],[3284395.0036197724,3524851.7923046285],[3284436.017727643,3525071.5461356184],[3284474.8493344896,3525291.7892631795],[3284511.505162396,3525512.5202063527],[3284545.985528176,3525733.7389231594],[3284578.271535879,3525955.449681773],[3284608.3763151933,3526177.6495748013],[3284636.274570721,3526400.3443119833],[3284661.979434432,3526623.5309921503],[3284685.465616988,3526847.215330963],[3284706.739849707,3527071.39586912],[3284725.783252939,3527296.0768927652],[3284742.589756326,3527521.259820026],[3284757.153291642,3527746.946072239],[3284769.46139112,3527973.1385094915],[3284779.4951890605,3528199.841430636],[3284787.248626572,3528427.056266829],[3284792.7092462247,3528654.7858881196],[3284795.8581936713,3528883.0346035236],[3284796.689419499,3529111.803854551],[3284795.1712775254,3529341.100828393],[3284791.3041261085,3529570.925538311],[3284864.16117419,3529669.060933238],[3285013.0831483016,3529750.135772454],[3285160.125364486,3529831.6355448356],[3285305.3327109106,3529913.550030317],[3285448.7500732676,3529995.8690166054],[3285590.4287334643,3530078.580864534],[3285730.4007745134,3530161.6782459393],[3285868.7110747383,3530245.150970221],[3286005.3981114086,3530328.9902877817],[3286140.4875629744,3530413.1903226627],[3286274.024301044,3530497.740902919],[3286406.034000283,3530582.6361633646],[3286539.1079103644,3530667.2955384883],[3286672.638179885,3530751.855253234],[3286804.641491233,3530836.7595193507],[3286935.156311502,3530921.999612949],[3287064.201912952,3531007.571113256],[3287191.816758951,3531093.4653061493],[3287318.269611655,3531179.621926695],[3287444.475325008,3531265.8361129058],[3287588.0001456006,3531348.1762159],[3287703.7109354595,3531379.7637310806],[3287811.5508611565,3531412.6341452254],[3288012.1327602505,3531482.193886637],[3289408.214325005,3531532.9023056375],[3282928.461947345,3540017.733949268],[3279469.250614178,3545995.035201802],[3278637.9250229932,3547430.9615536365],[3276945.708881048,3550306.784289257],[3275109.6933637303,3553431.0245437585],[3272635.164044761,3556199.0141047933],[3268761.27982924,3560786.7815117976],[3267430.014787848,3562365.7659975677],[3267228.6644824287,3562669.721488102],[3267023.4226168715,3563207.0903448127],[3267018.633702527,3563216.435549071],[3266717.036806761,3563805.2388032204],[3266634.160785552,3563965.558609982],[3266539.835245544,3564145.3263695748],[3266434.266867945,3564318.3210209967],[3266371.0582193644,3564387.9026815095],[3266314.304137977,3564438.846728052],[3266202.6582564595,3564526.3669760395],[3266106.2395428577,3564544.1121418076],[3266003.0307535394,3564546.2260356313],[3265919.154107116,3564578.2487591663],[3265824.764114299,3564665.873896515],[3265747.5327627463,3564622.942852821],[3265743.8663129024,3564622.9968908452],[3265741.222378187,3564622.4139297493],[3265736.9168571006,3564621.560449755],[3265732.485430253,3564619.4747763146],[3265727.469948708,3564617.4664124544],[3265721.1578716254,3564617.4194604456],[3265715.7118964894,3564615.544740811],[3265709.5072326465,3564611.5861865007],[3265699.293510794,3564602.956575173],[3265695.120134901,3564595.9385364526],[3265693.2842330663,3564584.1278975667],[3265689.594025355,3564574.7282776055],[3265683.763551004,3564568.092240696],[3265672.604773541,3564556.9516842063],[3265667.0483834306,3564542.948844055],[3265656.6255458733,3564535.2044738475],[3265652.959874795,3564525.2488513007],[3265645.351176739,3564518.0137876943],[3265635.8698388385,3564513.8016762226],[3265631.2565719113,3564505.8990170457],[3265621.498470842,3564497.1300555984],[3265611.1722949347,3564495.038977524],[3265602.0825891467,3564488.51228344],[3265599.8288391577,3564479.7675729454],[3265581.392368764,3564473.3777285777],[3265574.6306861355,3564462.6797328535],[3265564.78596469,3564455.5818739533],[3265528.142595963,3564441.144310957],[3265523.903264787,3564432.203830525],[3265523.242809875,3564421.853484003],[3265516.051863714,3564414.2011870877],[3265504.396318757,3564408.896785629],[3265493.5309376447,3564410.6451184996],[3265472.112732768,3564395.403533959],[3265456.633897096,3564395.2345272526],[3265436.221652678,3564383.8888014555],[3265423.1766910874,3564385.1537674875],[3265409.229671045,3564366.974379535],[3265382.9199672434,3564372.673852243],[3265350.7309915433,3564395.4373607305],[3265352.2346040225,3564401.2707351064],[3265347.4489727356,3564406.6395371896],[3265301.900181947,3564397.5820294283],[3265283.8589238143,3564407.3950276403],[3265279.387733582,3564394.036410157],[3265240.607280221,3564387.764204212],[3265235.981424668,3564386.9735020306],[3265227.996698671,3564387.12939287],[3265213.9420216633,3564403.556433696],[3265200.897057619,3564404.822031597],[3265154.312774661,3564387.7491522315],[3265137.3491362603,3564389.769623311],[3265092.330367321,3564378.768614891],[3265081.5692766113,3564364.945937621],[3265056.654751925,3564364.0765170716],[3265049.939112359,3564369.9481768683],[3265035.636886538,3564366.355948897],[3265018.2688697614,3564370.809176848],[3265006.6500895545,3564369.6365736416],[3264985.9832055583,3564357.3192373905],[3264969.581534448,3564361.5268087653],[3264927.9405279956,3564355.6186674754],[3264907.7019760273,3564336.976695033],[3264884.364403614,3564330.263537147],[3264848.432907033,3564334.550895602],[3264794.5590079576,3564313.13146252],[3264764.818364074,3564313.4915400613],[3264758.706555009,3564305.740114091],[3264711.3533003004,3564285.5230738726],[3264636.029841627,3564276.8167007533],[3264624.3412538464,3564267.382389607],[3264601.4205739433,3564266.2615005793],[3264569.049838013,3564276.3682450256],[3264532.4046793403,3564281.8775051073],[3264521.4984617815,3564279.486648798],[3264505.4090698715,3564225.065116198],[3264497.2399116773,3564197.894538324],[3264491.478645889,3564158.357973613],[3264487.9634793755,3564155.442581218],[3264483.595465269,3564111.628622822],[3264449.1279279017,3563964.3396354755],[3264443.7078231415,3563950.42041876],[3264440.9668110264,3563931.021247008],[3264437.4579255865,3563916.7756600357],[3264426.3333897856,3563892.488605215],[3264423.0474890466,3563884.578312248],[3264409.512142184,3563851.972639977],[3264372.891691003,3563791.441800593],[3264362.53026326,3563774.317145015],[3264326.664362957,3563712.4312541885],[3264317.1619350556,3563696.0371712483],[3264307.282826839,3563671.439832948],[3264299.4249702264,3563645.435800451],[3264294.1009370894,3563631.7581647616],[3264275.700779833,3563613.129058636],[3264225.0106438547,3563543.5306647588],[3264198.527956574,3563516.3670040946],[3264173.4919681083,3563488.433808096],[3264170.488930609,3563476.7660797406],[3264083.9436826794,3563372.5246767104],[3264014.757531866,3563235.863270796],[3263987.0355550665,3563192.199227787],[3263708.623894796,3563002.460919337],[3263707.4788212567,3563001.681815001],[3263628.6839579092,3562871.632472166],[3263631.5807447066,3562791.0984160984],[3263559.663011252,3562699.6865701],[3263482.2551363828,3562722.6391052506],[3263470.7104308964,3562729.7424240946],[3263424.1064869124,3562766.4185846094],[3263354.599061317,3562821.1126996465],[3263353.553283815,3562821.939013771],[3263025.0077962354,3563095.768595079],[3262870.6215323894,3563135.336958009],[3262616.483230017,3563295.173247177],[3262609.5015230915,3563299.5620019482],[3262481.9141909154,3563377.881171619],[3262490.72046017,3563468.124350242],[3262502.28531578,3563503.5574588575],[3262505.5001314916,3563520.5086500617],[3262508.405160306,3563529.8138328213],[3262512.6383886347,3563543.3531119335],[3262521.96422387,3563560.336575331],[3262523.1926019257,3563563.080038663],[3262539.001553292,3563598.46095452],[3262551.728324829,3563622.5134985317],[3262568.2811265243,3563658.387599969],[3262565.9243740668,3563665.2165548815],[3262585.2613190897,3563695.6651571477],[3262593.7001814432,3563709.849204795],[3262602.206117129,3563728.398323744],[3262610.0229157666,3563745.627438495],[3262617.8488882976,3563761.9485056982],[3262621.585978425,3563773.9052916104],[3262623.030726414,3563782.6306289937],[3262628.281272998,3563795.338453722],[3262626.462294287,3563808.235510476],[3262639.59393235,3563843.214741047],[3262638.9951220034,3563856.838891491],[3262646.3245611927,3563865.3163163485],[3262658.2423868775,3563899.5669886908],[3262653.9592848206,3563906.8870711373],[3262654.646522455,3563929.5025969516],[3262661.051289499,3563942.367914761],[3262658.808869032,3563961.6011620043],[3262655.5616427334,3563966.273648053],[3262653.5569042894,3563969.156690837],[3262658.4651117455,3564004.1676073885],[3262651.5759194884,3564017.330784884],[3262658.48168509,3564032.1444234536],[3262652.298974986,3564044.0892975563],[3262658.882552287,3564049.654344582],[3262650.307984487,3564064.285086211],[3262660.3247579555,3564075.1916113915],[3262661.55517077,3564083.542206482],[3262673.982378605,3564168.0632611257],[3262691.1608134164,3564199.389200648],[3262693.408366914,3564203.4910522583],[3262709.9232138274,3564211.702884813],[3262713.7872450873,3564215.5916244606],[3262727.981555929,3564229.8672303106],[3262742.7816226855,3564235.4022390754],[3262761.5918642264,3564256.4776021224],[3262770.3158386108,3564258.394409431],[3262769.496738931,3564275.177144149],[3262777.011507307,3564294.7581144134],[3262778.9082737304,3564299.7093834607],[3262797.180483688,3564314.7167432266],[3262794.4769627596,3564336.1321272096],[3262801.9976466643,3564365.2985206936],[3262798.4608715675,3564375.530812218],[3262810.6544943647,3564386.908998356],[3262808.2800278794,3564391.333844251],[3262801.6216479456,3564403.732589518],[3262807.984178682,3564412.4564680276],[3262825.930000629,3564418.2277050344],[3262832.9141206173,3564441.302769233],[3262851.318848327,3564444.8809209433],[3262857.833314224,3564450.496443245],[3262860.580251581,3564452.865985183],[3262860.639143491,3564459.6066873153],[3262861.29559384,3564531.4360338114],[3262849.4053196553,3564551.729601522],[3262847.7246870482,3564554.5950444043],[3262851.698027027,3564566.015595697],[3262849.7270951485,3564571.7117976937],[3262841.8624941353,3564594.4922099556],[3262839.228285865,3564602.1077319146],[3262838.7365179555,3564603.528696253],[3262843.2503374796,3564621.0282097114],[3262833.845657089,3564667.512463283],[3262833.3027712824,3564670.206670991],[3262843.5239340225,3564677.9468318634],[3262844.05106059,3564681.7583279866],[3262844.27027025,3564683.3589730556],[3262843.1295700446,3564685.354241714],[3262841.686544963,3564687.8895619563],[3262841.234673124,3564692.0649704416],[3262848.8651055326,3564706.63083648],[3262848.275126202,3564709.783160677],[3262842.4728506096,3564714.369695428],[3262839.015056791,3564721.063281189],[3262838.4168941416,3564726.361921322],[3262837.710547757,3564732.660306653],[3262838.5881013754,3564741.2759509045],[3262838.2867205907,3564743.054274333],[3262839.4846451115,3564750.1165556666],[3262837.9275623076,3564756.783613438],[3262836.5624188716,3564762.637982222],[3262838.1916024974,3564766.5272850674],[3262846.2235680297,3564770.358482859],[3262851.381626687,3564776.872298822],[3262851.635197917,3564787.776603139],[3262852.2253689133,3564788.557578303],[3262859.223650151,3564797.799569675],[3262857.995062247,3564805.8470590375],[3262855.6190699507,3564822.3475757116],[3262854.280903509,3564841.807627191],[3262841.607780712,3564846.021561713],[3262762.9651173316,3564867.252155329],[3262702.458784772,3564885.288768515],[3262702.3817179287,3564889.262909022],[3262700.0570579753,3564894.960790885],[3262695.9395197034,3565063.4547300753],[3262695.648922804,3565075.379457117],[3262691.743688627,3565235.155296563],[3262689.628798994,3565298.6477203984],[3262678.8323990405,3565294.091513101],[3262664.9795556627,3565293.670909062],[3262651.078519524,3565285.3258362403],[3262634.067581346,3565281.862694962],[3262628.99920664,3565284.6860459866],[3262613.3802167578,3565293.389457289],[3262599.8295157454,3565292.7156863697],[3262600.432149321,3565279.0902722804],[3262586.484255065,3565260.9053920954],[3262568.5765886502,3565259.2782338383],[3262564.293355955,3565266.5874678562],[3262513.401158749,3565280.6731681232],[3262501.1929734163,3565321.099418364],[3262481.0473156814,3565338.705695428],[3262449.1981029594,3565346.8629964218],[3262416.452383385,3565335.5719721457],[3262391.7907792055,3565335.6796578728],[3262382.6434391346,3565340.0889662793],[3262372.642932454,3565357.161231491],[3262377.40420206,3565375.624179707],[3262398.5742170746,3565389.8904535337],[3262405.304031414,3565412.003588213],[3262401.302565419,3565424.419931433],[3262393.010201689,3565437.4273894858],[3262381.088518461,3565436.4234122927],[3262360.3157822266,3565436.9965764717],[3262355.5280349823,3565442.3700821986],[3262346.407874159,3565502.736742595],[3262365.0945963934,3565563.2310231836],[3262360.919079402,3565582.9584235363],[3262341.662054562,3565592.0344910594],[3262287.585226145,3565601.745683657],[3262266.764396847,3565610.9430415025],[3262239.59497403,3565622.950974785],[3262195.2878140397,3565642.5363997025],[3262164.7660460495,3565656.0314626703],[3262154.071113404,3565650.47822375],[3262157.1708086724,3565618.602296899],[3262149.3957095603,3565608.417022926],[3262124.8812678233,3565605.109311985],[3262116.3645564234,3565601.1508102515],[3262074.616088702,3565581.727191475],[3262040.5548901893,3565585.273379691],[3262034.292656966,3565580.1396588376],[3262018.3901141835,3565567.12169112],[3261962.912708943,3565555.439949694],[3261947.1660474297,3565546.0444320505],[3261933.7310680794,3565538.040670442],[3261914.1454138495,3565537.8824610757],[3261865.0724145556,3565459.270412045],[3261848.941847647,3565440.6058519855],[3261837.299032025,3565431.682906783],[3261806.634743541,3565408.193529705],[3261782.359661388,3565377.881398923],[3261764.0857284004,3565362.87827159],[3261704.357646323,3565362.6416059835],[3261676.6040110434,3565394.628107813],[3261666.6747144386,3565419.9662154363],[3261637.921220545,3565448.0674036485],[3261565.2607918866,3565461.5032725763],[3261552.4142372413,3565511.428829326],[3261557.0706404014,3565526.246182571],[3261563.8717511212,3565547.872456968],[3261559.1194728804,3565557.3789260243],[3261531.5006825747,3565577.924574393],[3261500.1337598776,3565603.0768892216],[3261496.0043885363,3565606.051318929],[3261488.5872905958,3565611.56450675],[3261484.7169005247,3565614.4445883622],[3261481.5739952857,3565617.9475806793],[3261434.790080174,3565668.3911456345],[3261414.735969634,3565688.207100617],[3261407.370107049,3565695.4862437393],[3261388.2146415226,3565712.2730407943],[3261338.3635054445,3565755.0447441875],[3261289.0448718513,3565795.5951542645],[3261255.8191246763,3565824.1506857416],[3261237.824623456,3565838.4560830137],[3261213.759904597,3565853.5824327553],[3261189.821639738,3565865.296384782],[3261179.4777855617,3565869.6760168998],[3261159.6772388937,3565877.2779931035],[3261153.735441559,3565879.5945366654],[3261143.704794342,3565881.963503862],[3261125.98302983,3565886.3775688647],[3261108.0025800783,3565885.8741676086],[3261101.4153960124,3565885.59922139],[3261086.3381071184,3565884.951063271],[3261073.4711562824,3565885.488384431],[3261069.343106365,3565886.3183530215],[3261060.681107971,3565871.6604388263],[3261048.156585998,3565853.126136857],[3261040.4479868733,3565838.9699436887],[3261038.272842287,3565830.3445696374],[3261039.014429509,3565813.382449447],[3261043.357561646,3565796.5724703623],[3261044.9084538575,3565782.3589328076],[3261042.1995617794,3565770.760605597],[3261033.165009154,3565753.6199646546],[3261021.167697173,3565737.6587176058],[3260999.734913879,3565718.825191673],[3260978.075278076,3565702.487129245],[3260892.4250473035,3565657.2982409406],[3260877.6708797836,3565646.207811266],[3260867.482353073,3565631.777481512],[3260859.2490038653,3565618.0411374085],[3260856.430517405,3565605.975024373],[3260861.0951006375,3565596.097845164],[3260872.0090662614,3565583.786723209],[3260879.267068855,3565572.494544179],[3260881.013341209,3565557.742473279],[3260877.7152409935,3565528.3547741077],[3260874.3072279934,3565501.27484444],[3260876.7008210933,3565460.1320902626],[3260872.952567021,3565406.557648132],[3260872.796776,3565355.901422252],[3260870.105459664,3565316.5903001917],[3260866.6044215737,3565298.8217176576],[3260857.5708231977,3565276.129986665],[3260851.786522177,3565262.4800187335],[3260842.873858331,3565255.575815909],[3260834.045417323,3565251.09497996],[3260826.989206812,3565245.8939897916],[3260823.3461070023,3565242.8155041346],[3260821.8876779536,3565237.946464517],[3260821.213833042,3565226.0373136513],[3260822.783657593,3565215.397598977],[3260824.4758579335,3565207.344439908],[3260823.5572085334,3565196.4783199304],[3260816.79966912,3565186.310944072],[3260809.337674115,3565177.2815990546],[3260804.820083957,3565169.026781165],[3260807.2740654415,3565160.7971647214],[3260816.8935482902,3565150.586677656],[3260825.518931768,3565140.2738861083],[3260832.7252935553,3565132.250971862],[3260835.465362476,3565125.9048279757],[3260832.080470562,3565118.3739499864],[3260827.006215798,3565114.0098277316],[3260816.021807241,3565110.03980661],[3260807.4028094504,3565106.4852904687],[3260801.344412135,3565101.374290705],[3260799.307389591,3565091.248913334],[3260799.4085000777,3565081.282005547],[3260801.8914634143,3565071.0845222203],[3260806.743821724,3565061.9782728427],[3260817.273219779,3565054.9748048913],[3260825.0068213693,3565047.804648749],[3260829.0747438218,3565039.5223886375],[3260825.4454579502,3565028.1372461473],[3260819.091820513,3565019.011692736],[3260813.271569441,3565010.7374483487],[3260809.716298774,3565001.7894914146],[3260809.381840445,3564990.616045338],[3260809.2876433143,3564981.1875557923],[3260805.1949275136,3564969.9097544192],[3260800.4972621095,3564963.004067832],[3260796.3183554057,3564952.732549897],[3260795.92229087,3564937.169346274],[3260798.3615587857,3564930.2506349892],[3260798.8903754354,3564917.902392642],[3260800.2555426434,3564902.917582067],[3260802.3863474154,3564887.7439738675],[3260806.549597591,3564878.4648129325],[3260811.777354623,3564872.3682769914],[3260821.6990391035,3564864.8519851607],[3260836.3383247615,3564852.492795709],[3260850.6281353394,3564837.2900769515],[3260856.9997477923,3564829.1281045377],[3260860.7289900137,3564820.1101195873],[3260859.678978255,3564810.7424835106],[3260852.0934955752,3564799.7804321456],[3260835.7928697607,3564781.386574744],[3260824.066783827,3564770.890366602],[3260815.902157298,3564759.5693157623],[3260807.677052358,3564742.4017317505],[3260806.4972406533,3564731.102988006],[3260803.4549471834,3564721.5430492284],[3260794.97708547,3564713.7237200206],[3260781.3220643667,3564703.192627388],[3260766.775387588,3564690.90691462],[3260758.92600625,3564673.9734578505],[3260754.285461796,3564658.2579545984],[3260747.975865254,3564638.2038833513],[3260746.268508943,3564612.8404143723],[3260748.3003313765,3564594.4326274456],[3260745.5671092123,3564579.261681526],[3260744.115842042,3564549.434900832],[3260746.8414001847,3564533.3093108386],[3260746.9960025945,3564520.0729389014],[3260747.19468534,3564503.557759635],[3260752.6500406954,3564494.9657217152],[3260764.5604108083,3564479.9700689763],[3260770.2252295837,3564470.18268203],[3260773.4311928106,3564455.4253693614],[3260768.621100966,3564443.1668156],[3260763.6155065773,3564431.4466968887],[3260761.272321294,3564415.8528425214],[3260763.443168135,3564398.066675617],[3260775.9057838884,3564350.6702342266],[3260788.156835488,3564288.49387467],[3260794.642989764,3564253.732541777],[3260800.268845277,3564225.030989016],[3260801.7503941385,3564202.1977941464],[3260803.499248146,3564187.445475163],[3260813.5045063808,3564166.377227601],[3260828.293299013,3564140.772186626],[3260841.610715664,3564119.212332124],[3260856.4166459218,3564098.294177162],[3260875.248389123,3564078.6229536077],[3260887.9329318367,3564065.3870101483],[3260913.559038149,3564047.2393140253],[3260902.588656272,3564019.1697682203],[3260881.0751353567,3563985.1005576],[3260880.38938011,3563940.451538649],[3260879.125301446,3563920.7315379223],[3260869.001253738,3563918.3621134465],[3260832.2049015965,3563927.4557315903],[3260827.654732403,3563928.5781561295],[3260800.943938922,3563893.636727677],[3260797.754929519,3563889.351910261],[3260751.07288538,3563866.512773721],[3260737.1015892285,3563827.08466732],[3260725.188957046,3563820.553659065],[3260721.5074909013,3563824.995877158],[3260693.3321772497,3563806.0601062076],[3260649.315692449,3563802.6975396904],[3260640.606104876,3563802.0308955004],[3260595.064603569,3563743.9834835674],[3260568.463041788,3563722.2179525127],[3260584.3143748445,3563683.957099025],[3260602.589191581,3563614.5366086424],[3260616.137764249,3563540.0636809757],[3260619.2451806124,3563526.9120144113],[3260623.932404713,3563507.05233227],[3260627.7307538763,3563490.953799174],[3260624.9397434723,3563460.623239434],[3260623.5475353734,3563450.302710834],[3260621.943200496,3563438.356879704],[3260624.267925388,3563387.3908340307],[3260629.0378038567,3563282.873511851],[3260606.4732535225,3563167.4141321247],[3260590.432837168,3563050.5358168087],[3260579.546652666,3562971.2165160784],[3260564.154773454,3562911.508222251],[3260557.484677696,3562877.775254742],[3260552.9598414954,3562849.5321630733],[3260541.8008632367,3562814.5219504256],[3260534.5738906115,3562796.354680612],[3260528.7940889853,3562768.6430206033],[3260524.8624054585,3562743.944008118],[3260505.007344529,3562676.5874455078],[3260497.5878384933,3562645.780477112],[3260493.370655176,3562592.326973861],[3260483.128656269,3562456.9950892017],[3260464.454089783,3562357.2072840855],[3260463.615990824,3562336.035380736],[3260463.2174123325,3562299.909916935],[3260452.0816337657,3562192.2295015235],[3260448.4128851444,3562123.4189540017],[3260444.188721978,3562085.6447662674],[3260432.912724453,3562021.5888708783],[3260425.778816293,3561978.2609736733],[3260403.291432922,3561901.570634447],[3260369.281224537,3561788.3372442992],[3260352.5185748828,3561743.4311401225],[3260324.676000119,3561674.8962478708],[3260281.6993277473,3561569.0947522596],[3260279.3203273695,3561563.2346548005],[3260277.666565737,3561559.305383978],[3260206.347492962,3561395.1428112616],[3260193.6789961047,3561370.6776928087],[3260148.481250044,3561346.3130539777],[3260132.4069403484,3561333.623551352],[3260118.6656564167,3561329.2934980295],[3260101.3405378265,3561319.737920132],[3260051.8115106644,3561284.71328979],[3260036.4117146772,3561270.2392495875],[3259947.546918488,3561202.4982990855],[3259931.1208131947,3561191.920659465],[3259893.208381152,3561172.614087715],[3259880.444680077,3561169.8931353493],[3259860.957750894,3561181.344973515],[3259849.8889182946,3561180.892313845],[3259812.1003226256,3561179.3571438724],[3259762.0986062,3561184.917545924],[3259694.0867278706,3561204.410403011],[3259653.2683979413,3561209.6912533725],[3259581.2156405332,3561209.5008597346],[3259555.3330824887,3561208.87954804],[3259502.7840463985,3561197.3707130905],[3259485.5611569667,3561193.596538736],[3259443.6576230917,3561178.6928328034],[3259400.5923694856,3561166.845580393],[3259386.961529988,3561163.0537116136],[3259382.3984269286,3561161.7828096384],[3259374.9406492217,3561158.728262273],[3259350.568474383,3561157.5515518687],[3259325.639688725,3561155.82726423],[3259316.3293865044,3561169.958418012],[3259312.3686858686,3561175.9684955725],[3259314.6865945808,3561184.916321932],[3259310.60028819,3561200.1652049255],[3259310.1061581704,3561208.9732930884],[3259308.2041009436,3561217.4309640303],[3259302.53944098,3561221.8517693393],[3259299.3842295012,3561218.580209924],[3259299.4666490457,3561210.876802327],[3259295.6468078513,3561205.4195589246],[3259281.4198419214,3561196.6967809396],[3259270.9099481152,3561199.843385852],[3259266.1463275403,3561208.3792963363],[3259270.502976015,3561232.0742142075],[3259270.310024747,3561238.3581402004],[3259267.4065846116,3561241.210119803],[3259263.1536179427,3561242.356273626],[3259255.203172811,3561250.093870827],[3259247.5144671267,3561256.486286235],[3259181.7947851233,3561212.375412572],[3259128.7258717753,3561225.9708780786],[3259117.061606571,3561217.7556084245],[3259114.174444287,3561215.718033231],[3259108.331511892,3561211.9225802086],[3259081.4978799745,3561190.4093354675],[3259066.0775328623,3561205.877088281],[3259047.11909834,3561213.769492528],[3259029.3894065684,3561203.760350243],[3259018.7394555896,3561202.3522990085],[3258968.8823669204,3561224.449409477],[3258945.7871414046,3561223.839000688],[3258923.132370986,3561218.550323366],[3258878.0995134744,3561194.398175414],[3258869.675246525,3561200.30806217],[3258850.6243796055,3561186.6832146817],[3258836.942954785,3561179.4981110753],[3258785.0646068957,3561150.9924654006],[3258777.3113338435,3561146.7341367234],[3258767.2593183275,3561121.262708831],[3258761.0930999485,3561105.62578114],[3258754.016639891,3561086.7819952676],[3258751.7603552947,3561080.7675204664],[3258744.0834956877,3561067.923820855],[3258728.018324651,3561044.351187549],[3258702.9353712425,3561007.557622128],[3258699.3982121684,3561002.5397606585],[3258664.6224735994,3560953.22089401],[3258661.7321047224,3560948.248062197],[3258657.1270820666,3560940.3236978315],[3258650.124954236,3560929.250480084],[3258648.0493505984,3560925.958266324],[3258637.741220987,3560909.653039986],[3258622.0781642245,3560885.19590873],[3258619.3886257634,3560880.967914917],[3258616.2603339693,3560874.031626576],[3258599.4151433334,3560837.553313008],[3258571.098704596,3560796.0731764566],[3258567.458197154,3560789.037740747],[3258565.134573943,3560784.5414003814],[3258559.785874851,3560776.0439809477],[3258557.724184077,3560772.7829622612],[3258536.7913300833,3560745.097656857],[3258534.0025905035,3560740.9614979066],[3258531.9396324586,3560737.895759016],[3258524.2802508427,3560727.70905112],[3258520.1124511464,3560722.1722343797],[3258513.035217773,3560713.0433795797],[3258509.177547628,3560707.9737233524],[3258502.8845136072,3560699.706765428],[3258497.153277668,3560692.1812273334],[3258493.5625088406,3560687.451121745],[3258489.3095577853,3560682.2666775854],[3258485.066654795,3560676.150872534],[3258481.882558997,3560671.4985146997],[3258478.900581006,3560667.281011343],[3258470.2177418433,3560654.980402502],[3258467.6819045623,3560651.382031598],[3258463.4567487035,3560645.170362252],[3258461.4153363165,3560642.0537608457],[3258449.307926083,3560623.5852480913],[3258440.7626949362,3560604.508651844],[3258432.0159875024,3560580.0422079363],[3258426.5250194846,3560553.0544962203],[3258422.768127545,3560541.4811952394],[3258418.341709,3560532.001502593],[3258411.5642940905,3560524.2139296317],[3258406.6401707204,3560519.081918789],[3258391.2471896624,3560511.319443759],[3258327.5461629406,3560501.2254323484],[3258320.696608142,3560497.056127429],[3258315.9912341693,3560493.949449172],[3258299.6046338426,3560480.419021724],[3258281.676169765,3560465.823969493],[3258276.735293722,3560460.305960495],[3258267.230561791,3560455.4105273425],[3258225.0085313655,3560436.5055133235],[3258213.1117493175,3560422.6680464773],[3258201.628756108,3560405.442829606],[3258195.2183201676,3560398.453487809],[3258185.162185777,3560387.503893827],[3258178.5772522963,3560378.1922797365],[3258176.850641053,3560373.7869343925],[3258168.164757915,3560346.920785064],[3258162.3880039025,3560336.82531161],[3258151.277717823,3560323.229871686],[3258147.41961585,3560318.504540882],[3258143.5108139627,3560314.765894304],[3258133.539853968,3560305.241771061],[3258124.8425928475,3560297.0968189975],[3258121.415708863,3560294.9898030683],[3258117.261697081,3560292.0650422545],[3258106.115440419,3560285.5089294193],[3258094.441782971,3560279.5339497062],[3258070.640286362,3560273.4930828973],[3258069.395612372,3560279.229903857],[3258067.2688981667,3560285.091025577],[3258054.728701139,3560373.5181838055],[3258038.8497539638,3560461.756625829],[3258020.2164915167,3560495.751295045],[3258003.1716875453,3560526.8542786506],[3257952.7618177105,3560594.6934209256],[3257893.410478877,3560635.807081589],[3257872.470919046,3560646.3543343204],[3257855.69538839,3560653.5383630637],[3257846.513195115,3560654.0056484602],[3257836.5125483815,3560654.525210262],[3257814.42042058,3560644.6483832775],[3257793.5325086038,3560642.785011296],[3257751.169414002,3560639.0112748286],[3257729.3883154695,3560662.3715220154],[3257719.541782823,3560687.6078864997],[3257650.4205999523,3560690.812870801],[3257619.653483081,3560700.556616172],[3257587.558911686,3560703.6807165323],[3257565.3029636974,3560712.665444353],[3257522.788408702,3560736.365593229],[3257508.2943354445,3560750.0642327257],[3257499.7599548493,3560768.791517747],[3257495.9657374844,3560774.764923485],[3257489.798329993,3560779.385110386],[3257468.9454265246,3560782.99789192],[3257455.565267277,3560797.562308493],[3257439.6806730363,3560809.5537958574],[3257410.7283730768,3560823.6725182077],[3257396.984944086,3560830.728196615],[3257390.45809751,3560831.922094489],[3257385.539727183,3560831.8020643424],[3257343.387001594,3560828.4422305864],[3257325.227377909,3560842.5911109606],[3257318.948464035,3560847.478349773],[3257311.2994594066,3560852.1216180995],[3257289.079307465,3560865.6074899673],[3257288.2328961683,3560865.597521186],[3257273.6583319455,3560865.3793935254],[3257271.483833654,3560865.333641764],[3257264.519353732,3560865.229948657],[3257259.3417423195,3560865.1472995738],[3257149.8303657398,3560907.9046475114],[3257093.1155170626,3560930.6283357893],[3257041.7597767925,3560949.0572302546],[3257022.895557923,3560956.27099765],[3256991.7292338703,3560966.0778655503],[3256939.2112281895,3560978.9394511553],[3256923.4787119776,3560986.3096197406],[3256909.0719583686,3561004.980196186],[3256888.4893936543,3561035.271089421],[3256881.429870094,3561043.460403951],[3256872.647114953,3561046.4064170644],[3256856.0143071245,3561030.9873678256],[3256848.6083347276,3561021.730069551],[3256840.414951884,3561016.2345013474],[3256822.142745903,3561011.6689941473],[3256804.7196151023,3561020.4302488724],[3256783.6805937197,3561023.3899361435],[3256773.2683842657,3561023.411057332],[3256765.984693443,3561020.17049239],[3256762.9580856543,3561018.831722589],[3256731.9603013247,3560998.6857605437],[3256708.801882853,3560977.6021868554],[3256706.626307877,3560975.434868048],[3256687.642402922,3560956.5016998295],[3256670.609974498,3560936.576131559],[3256668.71412237,3560942.212770787],[3256650.7432486997,3560995.6427644156],[3256630.934170915,3560993.499669781],[3256612.6087547913,3560999.6953668995],[3256542.105057426,3561027.556959987],[3256496.0763465473,3561043.64222983],[3256464.897360916,3561063.0340824686],[3256446.556457348,3561047.9097368],[3256444.0353427846,3561043.9530399786],[3256432.4753072057,3561025.7734465306],[3256425.78960027,3561019.767554263],[3256418.1923878994,3561006.5517794234],[3256411.6450147917,3560991.268198928],[3256394.3829150074,3560978.634837275],[3256374.1290978184,3560957.175799049],[3256366.8465722464,3560952.283655749],[3256359.1101441933,3560947.0840360313],[3256358.445587067,3560938.3828909583],[3256343.638391042,3560938.6919808057],[3256342.321270708,3560935.671459878],[3256336.5666106576,3560920.1692964667],[3256331.7828742787,3560904.5791752744],[3256325.7139962604,3560897.4894065065],[3256321.612541723,3560892.7069750368],[3256317.4436069196,3560887.7222773805],[3256312.6401401935,3560884.376251127],[3256280.5554410648,3560866.4695369815],[3256264.181926339,3560855.3162034745],[3256262.15773525,3560853.825043432],[3256254.6615322414,3560849.051484866],[3256248.161909867,3560844.585484436],[3256246.095815007,3560843.172892421],[3256219.989029032,3560820.699837502],[3256196.288681686,3560801.6366056716],[3256188.3910120316,3560795.1784033845],[3256183.903755786,3560791.66720871],[3256169.0907341265,3560825.989684396],[3256158.583081047,3560850.318401794],[3256126.465984503,3560912.3848794457],[3256126.3912203247,3560916.8989186944],[3256126.1938150153,3560928.668242943],[3256126.456839338,3560936.8548212154],[3256126.372369711,3560995.5490715248],[3256098.5497889295,3560993.7219776674],[3256094.139551072,3560993.427840822],[3256089.523447525,3560993.1700849817],[3256073.6301582865,3560992.2756544333],[3256072.3313989677,3560992.451340266],[3256034.9316204833,3560997.3587903343],[3256024.350908092,3560998.7513327077],[3255972.9912100537,3560999.3790530115],[3255906.390288057,3561018.6235586866],[3255882.496638488,3561023.5586470054],[3255880.6756757605,3561023.936085016],[3255871.7297035577,3561025.7863599844],[3255852.2991308738,3561045.078517584],[3255834.1259128693,3561035.056122624],[3255755.141539269,3560942.078659318],[3255720.8627921296,3560903.188014586],[3255630.548174742,3560800.732092486],[3255625.86498046,3560795.7870593984],[3255623.7174746552,3560798.2594641116],[3255578.9639410926,3560852.4175572284],[3255563.6257354002,3560868.1897549545],[3255554.7406323804,3560877.333718456],[3255539.4457883528,3560893.06154389],[3255512.2696032347,3560927.1306561073],[3255508.908356442,3560931.170206266],[3255490.2717787903,3560954.4206431503],[3255484.671940731,3560976.5780932824],[3255484.247570813,3560990.373754606],[3255481.489714706,3561079.9881562814],[3255457.323940725,3561134.0640830784],[3255454.462976292,3561140.465237244],[3255445.50459152,3561130.8592129936],[3255366.6239243643,3561040.7645731852],[3255287.633912069,3560951.6710791844],[3255281.969943743,3560946.0596530475],[3255277.7874880563,3560941.53758349],[3255251.5821060156,3560921.2712087366],[3255246.14431947,3560909.1945492863],[3255245.2794931717,3560893.8745863675],[3255139.833043122,3560832.216306451],[3255122.570378241,3560816.317174305],[3255096.2736176383,3560808.725883425],[3255068.004559591,3560803.2110595056],[3255051.6095703198,3560807.5873039793],[3255038.2781435316,3560815.5986834834],[3255030.4247882217,3560825.1691749613],[3255020.7765745684,3560845.286835693],[3255002.6011981135,3560865.185849177],[3254987.238785008,3560897.3936449606],[3254981.793313385,3560901.2876425106],[3254953.4488903014,3560895.0798729328],[3254871.335004201,3560853.167094797],[3254801.917125345,3560827.424684248],[3254706.1113427253,3560796.627302014],[3254706.418895851,3560822.620032734],[3254744.816589823,3560885.2234075004],[3254759.0374451242,3560906.4869485497],[3254757.372363247,3560932.3536380953],[3254748.7746524583,3560957.3442653483],[3254740.802789405,3560968.4917590874],[3254712.9349797573,3560973.8873999896],[3254678.9657332595,3560982.6649407307],[3254639.4455844583,3561008.8529049777],[3254620.439572597,3561029.7733079703],[3254607.57139362,3561048.0950771375],[3254555.950573343,3561262.1344074868],[3254530.95985063,3561315.2514871447],[3254510.265494444,3561326.7686549],[3254502.7938679964,3561335.873137339],[3254501.659042293,3561337.261592329],[3254505.4148641275,3561351.8402969334],[3254514.8890480734,3561356.667220759],[3254515.973131596,3561396.80842241],[3254526.5092499643,3561465.609450939],[3254535.520291939,3561472.632114708],[3254542.999937012,3561497.655514521],[3254541.0402755854,3561521.996821176],[3254544.5731354095,3561547.445714414],[3254559.8506152323,3561574.9214642574],[3254556.0512976334,3561595.79049806],[3254558.8422169955,3561620.1042869687],[3254563.2470880225,3561651.981118204],[3254569.685681638,3561669.055719021],[3254572.1368495515,3561677.674325408],[3254582.452365335,3561690.65711637],[3254586.842642134,3561699.1455258853],[3254578.565553889,3561710.181343938],[3254564.313666626,3561719.1664710175],[3254549.332613892,3561715.851100342],[3254533.689706344,3561699.0378990695],[3254522.5869898926,3561695.6342111463],[3254514.525721527,3561701.365642493],[3254509.428106807,3561722.1240939368],[3254504.4880191116,3561731.5916095637],[3254493.8768592887,3561741.5305232974],[3254493.7615306936,3561756.654876635],[3254482.3290941976,3561772.314688784],[3254484.5014986442,3561781.5144476965],[3254485.343104638,3561792.894030545],[3254485.965767488,3561801.456519732],[3254489.977819116,3561807.7614233396],[3254498.678338199,3561809.6936724223],[3254511.017942768,3561807.5205581374],[3254527.3076216737,3561803.3379714713],[3254545.1909313244,3561794.2414233442],[3254559.412968817,3561787.442833639],[3254570.7346610827,3561787.6980680316],[3254582.673757951,3561795.2665361953],[3254580.7595263794,3561803.5821190705],[3254575.779440789,3561807.426007781],[3254563.7884113374,3561812.4546890724],[3254546.09921162,3561824.8903008876],[3254536.2007470233,3561838.0934468433],[3254531.903563003,3561849.7286868696],[3254533.907974574,3561857.4991068454],[3254562.9764695885,3561890.4713951577],[3254562.0994202374,3561897.6392389],[3254555.9268568186,3561902.0820327788],[3254561.1448989995,3561910.985719971],[3254561.1496465113,3561919.256108977],[3254556.8166634566,3561946.467535769],[3254550.203438619,3561948.6611379245],[3254524.0351153756,3561951.254670202],[3254513.682719635,3561954.0435701413],[3254504.666619412,3561961.156173409],[3254498.788373101,3561975.8441544487],[3254501.2030614065,3561995.381412852],[3254502.537767927,3562003.00948424],[3254508.3073013453,3562011.8076642295],[3254517.2057749266,3562016.1832507253],[3254533.013998069,3562015.29040387],[3254535.480705271,3562008.245718291],[3254536.3634175947,3562000.5602702335],[3254541.626995977,3561998.3252164135],[3254547.0436148206,3562000.253391569],[3254551.633737148,3562016.2439797516],[3254551.1163465935,3562039.0451362715],[3254545.8886569655,3562059.6160222027],[3254534.104546335,3562093.7249641637],[3254531.5577465203,3562100.6277079065],[3254534.2629393344,3562105.275110899],[3254540.4554151967,3562106.7702152617],[3254547.6310430546,3562106.717105596],[3254570.8772911485,3562106.6623108606],[3254579.8063365365,3562114.908468427],[3254581.579912618,3562130.258447569],[3254583.332536348,3562145.0052753724],[3254571.690792376,3562159.7387259733],[3254566.2328504124,3562204.7877730923],[3254564.8777645277,3562213.799284972],[3254560.999584091,3562216.1133451033],[3254556.8881192314,3562215.349785634],[3254551.4071766613,3562208.9509618385],[3254539.671947281,3562201.3926775604],[3254533.963710321,3562202.2743488583],[3254515.4868405843,3562217.7390909013],[3254496.213439221,3562241.454473019],[3254479.2631406114,3562265.248555183],[3254467.635587748,3562298.0481388345],[3254430.554120645,3562345.379466925],[3254417.965988094,3562364.980305805],[3254396.9654301894,3562383.7868958227],[3254383.855633938,3562404.7598812766],[3254387.3722272934,3562425.7041689274],[3254391.771970281,3562445.5594072808],[3254392.789256466,3562483.307804393],[3254399.250519192,3562493.5393965067],[3254407.786679955,3562499.2838944215],[3254411.540392751,3562501.805564009],[3254410.10580008,3562505.1110216645],[3254393.7143027773,3562551.479745393],[3254393.3116150815,3562552.674884598],[3254385.8694850905,3562574.7029039995],[3254385.0501770293,3562577.119376554],[3254384.5809700876,3562577.9170006085],[3254372.843204382,3562597.824984206],[3254341.3767944733,3562648.083699119],[3254322.6087689376,3562705.4351339615],[3254320.557453087,3562716.81183543],[3254320.1156395357,3562719.2666131957],[3254318.133742201,3562730.225613233],[3254297.153742139,3562735.215514296],[3254273.6894219965,3562735.5871041906],[3254206.05613121,3562716.648042243],[3254119.443361828,3562683.9240572024],[3254104.163736008,3562655.9681466133],[3254094.7639972703,3562638.218398256],[3254083.895293625,3562629.8169232938],[3253986.0183666646,3562583.312849634],[3253941.6898210477,3562579.793171068],[3253913.0709061483,3562594.5609980407],[3253900.371428249,3562596.877493249],[3253875.7639613478,3562608.531097664],[3253853.50543148,3562633.92120241],[3253847.67976119,3562637.011063953],[3253843.631692455,3562640.111219833],[3253838.6061991127,3562643.9554152717],[3253813.5631053112,3562682.500093947],[3253806.285976584,3562706.131985704],[3253807.2551729428,3562720.866764801],[3253807.6893321895,3562727.5345904334],[3253793.120374243,3562774.7904680013],[3253792.393917748,3562788.8649085877],[3253791.0651441487,3562814.6902927943],[3253777.3573282883,3562849.2975972854],[3253768.703895543,3562886.6852619033],[3253766.649553857,3562895.5622072318],[3253704.9494114816,3562978.5042847763],[3253697.1318271393,3562989.0228380775],[3253684.3101072637,3563015.106359845],[3253680.854873306,3563033.614539544],[3253650.110616984,3563034.3898910326],[3253616.383332434,3563047.528849112],[3253603.9951397306,3563056.439791234],[3253592.7229383923,3563068.4752019877],[3253581.434731929,3563077.10688126],[3253567.8782479283,3563074.232066407],[3253510.1140965736,3563029.6892919433],[3253492.5559882186,3563013.4634265467],[3253474.1062166807,3563010.433053876],[3253464.424313852,3563030.4046435193],[3253454.50024796,3563042.3900501626],[3253443.0320050903,3563044.811194787],[3253420.7674856894,3563042.222921035],[3253388.1415271023,3563071.307065505],[3253372.2444620226,3563077.4571595667],[3253367.4583222233,3563082.8295945753],[3253362.8562956084,3563108.8797597443],[3253363.2959190058,3563130.5305065718],[3253347.95175422,3563154.6221982674],[3253322.283945989,3563194.923407518],[3253274.5549932355,3563237.202349361],[3253270.8399700783,3563254.739329481],[3253267.6638341164,3563267.102406699],[3253237.269393255,3563312.0519131552],[3253216.655700449,3563331.8430619496],[3253213.483620768,3563355.4491941133],[3253194.2443178147,3563392.0842066975],[3253189.243043912,3563421.6701172367],[3253179.980743802,3563428.0294187292],[3253160.902871123,3563441.1295423764],[3253121.5640483284,3563472.0118325874],[3253097.928298665,3563505.43926775],[3253076.1254717694,3563522.4453756395],[3253052.594968181,3563547.7713142917],[3252989.840245923,3563511.4778683125],[3252957.729176497,3563493.531193443],[3252954.705476189,3563491.8385337703],[3252951.7211961877,3563490.1711008577],[3252941.006388315,3563529.0646406696],[3252938.5444230298,3563537.395074047],[3252929.710090395,3563540.018058413],[3252928.238329584,3563539.627067594],[3252918.234705217,3563536.992567636],[3252916.9221256664,3563536.0251884395],[3252890.9463968864,3563516.8542459523],[3252877.99645855,3563501.861628213],[3252863.0902980804,3563484.6176048024],[3252831.397261708,3563429.514264134],[3252822.890003157,3563424.442609939],[3252820.520125279,3563395.4508788604],[3252779.2852415903,3563355.917477938],[3252765.6621052325,3563351.993484633],[3252757.091777576,3563340.7867305917],[3252749.541614743,3563307.484663234],[3252753.235630528,3563261.9788958738],[3252728.3933230196,3563161.608790374],[3252715.297431778,3563130.7593475105],[3252700.9258432984,3563118.898101408],[3252684.2002273025,3563113.8621657332],[3252688.3478522543,3563038.1780988034],[3252694.879163404,3563033.5909271743],[3252716.222152856,3563018.606828288],[3252725.931124337,3562996.4236681764],[3252728.844865819,3562943.8602836463],[3252728.4108959427,3562926.601958553],[3252747.3060736563,3562899.7518293536],[3252771.7771366043,3562878.9786782954],[3252817.0645165415,3562856.333282862],[3252837.1243411102,3562838.849836732],[3252835.2055743793,3562825.8733736644],[3252829.816379889,3562789.416954656],[3252814.4497814784,3562756.939937045],[3252810.072057488,3562728.233158877],[3252808.4960170565,3562714.121193985],[3252813.7062510466,3562702.430607034],[3252839.4743048293,3562707.2284100787],[3252855.3058774527,3562710.282276256],[3252863.0663030706,3562706.3611406405],[3252925.630205921,3562645.7724860804],[3252936.69025015,3562638.018584378],[3252975.4312000982,3562627.354552159],[3252991.0305512566,3562618.1062319474],[3252999.9458810985,3562604.9897823688],[3253048.2513673278,3562542.8410043754],[3253059.4287219876,3562522.3591928016],[3253066.732842134,3562446.9170705946],[3253081.804665206,3562429.5774048544],[3253121.0223869393,3562401.066283025],[3253133.96178946,3562391.670215163],[3253134.653631473,3562391.164709723],[3253146.758709751,3562366.3022526307],[3253205.9607734503,3562308.6489838604],[3253192.556098126,3562296.537723539],[3253187.290652209,3562276.126861445],[3253177.3575890716,3562273.486233589],[3253141.9038562234,3562283.610756263],[3253077.615254754,3562313.5497475057],[3252970.9764445676,3562338.805627271],[3252920.372533447,3562357.9836408556],[3252862.866090544,3562355.492514204],[3252843.9313085033,3562361.9851198513],[3252838.835176533,3562361.624726881],[3252827.0734249055,3562360.8110594805],[3252809.6086947275,3562379.5702909376],[3252790.627109035,3562395.8379885233],[3252749.3379599596,3562431.2376637203],[3252710.978202976,3562462.994407138],[3252668.4815510316,3562498.1834174045],[3252631.777453213,3562503.441004407],[3252559.583687197,3562506.869899562],[3252479.429382572,3562510.6655766726],[3252373.6618136736,3562515.6888090144],[3252352.2023199704,3562520.8452092577],[3252345.9501906186,3562522.349962437],[3252349.973278039,3562510.7979856674],[3252356.7829471687,3562499.1580266436],[3252336.9112014356,3562473.3778683497],[3252332.2601287616,3562449.243790715],[3252314.488306325,3562377.5834244317],[3252312.2424596893,3562375.6406034147],[3252298.835085203,3562365.8954862976],[3252286.0605115662,3562357.8155920105],[3252268.761148698,3562350.011339244],[3252216.3790491237,3562331.037445692],[3252208.973642356,3562327.326951931],[3252206.59038803,3562326.1390800667],[3252179.0212652157,3562312.332769871],[3252172.819601354,3562322.798456648],[3252106.6387044378,3562294.9293251922],[3252071.642325639,3562280.9407264665],[3252002.265596291,3562251.5696953214],[3251978.6747653475,3562239.669818625],[3251886.2280222783,3562182.5363903563],[3251826.834460274,3562144.147629646],[3251777.462043752,3562173.8134437036],[3251765.1528447988,3562164.386740962],[3251765.5180456303,3562154.433777858],[3251765.661551901,3562150.4302459126],[3251759.972460188,3562144.391974576],[3251691.351323872,3562058.280661319],[3251636.6765219592,3562022.4177040737],[3251626.894180809,3562016.6696482697],[3251477.4404180488,3561928.84781293],[3251405.0213262336,3561886.3670744053],[3251349.63457286,3561964.8304311936],[3251296.6191288475,3561916.5348551045],[3251287.578740179,3561920.8606461803],[3251136.8682360267,3561992.915517672],[3251126.5435194722,3561993.7206824794],[3251087.6305602263,3561977.302196617],[3251056.2818234274,3562026.174030811],[3251028.3502051244,3562009.5202051094],[3250980.3609869676,3562061.144063023],[3250962.9367401563,3562052.317183027],[3250869.278359156,3562013.267909392],[3250852.9454420945,3562004.4388031117],[3250811.0754807508,3561981.8169077206],[3250791.4918039907,3561968.2625857904],[3250781.5065008765,3561961.347052723],[3250734.4174454436,3561932.3603076385],[3250730.620856383,3561927.9346267153],[3250682.8723158506,3561907.1346313516],[3250676.235222079,3561909.14450182],[3250668.658677806,3561906.0840520295],[3250628.1501622973,3561887.3449471314],[3250573.1843360197,3561869.425728781],[3250558.9247166067,3561868.3517576056],[3250538.734654437,3561877.6944295084],[3250523.8366070273,3561881.27937138],[3250520.3624241743,3561882.320790709],[3250516.0845827484,3561883.136936634],[3250508.3527424377,3561853.583184154],[3250499.609004653,3561825.310125348],[3250501.4620493758,3561808.5369094387],[3250495.302958723,3561788.3347807117],[3250488.823521829,3561782.0805844613],[3250485.1464492623,3561778.5335946553],[3250483.4263758995,3561771.3162949346],[3250479.2612521257,3561753.8037485345],[3250478.7133564507,3561745.3600961897],[3250478.0832615187,3561735.7422726466],[3250479.5285981633,3561705.0306353904],[3250490.073009344,3561669.9549998217],[3250498.1540067485,3561644.5087433015],[3250500.471921085,3561611.0688299593],[3250499.82635196,3561593.4452442066],[3250498.2402867405,3561550.3149804976],[3250484.609662842,3561455.81548828],[3250483.758938187,3561449.898235608],[3250501.8123010094,3561428.627988959],[3250467.9553852403,3561410.5149890953],[3250415.600542621,3561400.488759721],[3250413.0600405233,3561400.0038352953],[3250348.190966621,3561375.8626879575],[3250324.0852680486,3561408.6001307857],[3250300.214234356,3561431.747319885],[3250235.204950954,3561416.717076256],[3250224.125228907,3561414.1545902574],[3250166.2997540254,3561415.794489975],[3250143.6392372395,3561418.188329459],[3250089.3485809676,3561423.9371369956],[3250037.359979325,3561430.410667251],[3250013.031706173,3561433.4360238253],[3250008.8380532674,3561433.9574452317],[3250015.171191291,3561447.807531774],[3249965.2988593867,3561521.432955902],[3249935.012945158,3561552.279012553],[3249902.7180664986,3561609.7814535038],[3249885.155127244,3561640.5449497206],[3249903.1724263756,3561657.159495878],[3249879.77815412,3561695.770094544],[3249873.634444318,3561705.904902948],[3249866.1874037073,3561733.488467475],[3249856.6247318676,3561742.965454889],[3249822.6836996498,3561754.36788503],[3249804.1254615895,3561762.21916477],[3249791.351348375,3561792.620874712],[3249784.4831593116,3561812.9317677994],[3249774.0869595204,3561843.695537703],[3249726.335183149,3561910.4956529303],[3249716.4692040975,3561919.1948737204],[3249652.5507248053,3561975.6052878276],[3249615.929865081,3561982.5415057247],[3249590.9819225,3562021.6214392562],[3249531.6788887493,3562114.7664270145],[3249526.5582184847,3562122.8381539797],[3249498.964994302,3562166.3247953546],[3249464.2911328743,3562213.6601283015],[3249462.155127355,3562216.9369426947],[3249419.3526254324,3562282.802746255],[3249379.5244360846,3562345.1044680066],[3249218.0617550323,3562427.0224194117],[3249170.884379318,3562454.4850388556],[3249153.629119407,3562451.936265013],[3249139.661942869,3562444.8309872053],[3249099.8098972375,3562408.7367730504],[3249091.3326074835,3562403.284516711],[3249085.531729134,3562399.5469303564],[3249044.5606899792,3562383.3730309918],[3249002.7255695015,3562359.816101054],[3248976.171397336,3562344.8700143625],[3248891.6282692,3562272.5309132016],[3248888.3112366213,3562269.6924566664],[3248881.8246281766,3562264.6122070733],[3248819.4482567487,3562215.7863193518],[3248802.1209751014,3562204.1319827936],[3248765.142082312,3562179.3248454984],[3248722.293858777,3562151.8294742047],[3248654.9793444406,3562111.5172032467],[3248643.760933758,3562102.0938710645],[3248627.0081923334,3562095.3778687348],[3248624.806166944,3562093.9424994793],[3248587.1730412766,3562081.9935109788],[3248569.0279475506,3562076.2233862444],[3248543.3755684765,3562066.759971731],[3248535.467133064,3562063.8376545385],[3248472.873591167,3562040.7607298996],[3248451.9847428347,3562033.051313808],[3248426.5163210025,3562023.66008778],[3248387.990279981,3562009.6950931824],[3248354.514719289,3561993.8704991993],[3248297.603626973,3561966.423442755],[3248297.3053279887,3561962.1208466096],[3248235.7329159994,3561900.7862566086],[3248210.826913094,3561875.977725137],[3248100.2610797435,3561767.5438967906],[3248008.8711202117,3561843.7738171425],[3247984.548647316,3561824.5676073134],[3247910.8123403257,3561766.3376839818],[3247833.366140427,3561705.178896043],[3247828.777779127,3561701.5599770956],[3247789.7804028206,3561774.7701796293],[3247739.088325617,3561849.745784152],[3247736.0669077607,3561860.4842925156],[3247735.7511167116,3561874.73189601],[3247734.781045732,3561876.7839785484],[3247733.6241924595,3561878.3289501993],[3247727.7344613154,3561882.314198648],[3247712.5029565915,3561891.988785456],[3247698.3755084523,3561900.34888027],[3247675.635995183,3561902.6704754457],[3247658.591263445,3561901.3738480704],[3247639.2582848193,3561895.7244359236],[3247619.8688603276,3561885.6353633227],[3247608.028428665,3561872.3427058132],[3247574.585134809,3561817.0810842076],[3247565.7573847,3561805.5040419376],[3247553.0885986704,3561800.9671915174],[3247528.5271185483,3561791.688737412],[3247502.9426290635,3561780.9745323965],[3247489.6030625496,3561778.7641264545],[3247472.8636935893,3561768.8577512386],[3247452.6857803483,3561751.034962969],[3247437.064114972,3561743.4489893476],[3247427.9282926223,3561744.476935106],[3247418.4497647826,3561746.2393982518],[3247408.7509955927,3561751.0145149766],[3247405.6867610626,3561748.5995426252],[3247403.6699705347,3561744.091307196],[3247391.4689175184,3561736.0021319487],[3247385.479291256,3561728.1556896013],[3247372.5246965652,3561720.19725486],[3247357.9229394295,3561720.222575023],[3247349.614926741,3561716.1560267424],[3247337.298660975,3561716.6901019453],[3247319.060087977,3561709.407944252],[3247317.188394663,3561708.66454735],[3247285.798233144,3561697.7282853397],[3247275.215678701,3561698.223380812],[3247259.2320559407,3561696.17423009],[3247250.2799066566,3561712.0564440587],[3247245.394407271,3561720.719029967],[3247220.990490772,3561761.065549553],[3247207.329895921,3561784.5132029247],[3247204.5250152387,3561786.8004633123],[3247193.958793773,3561795.3946834253],[3247176.112094212,3561804.7546089864],[3247122.7450237833,3561832.231962731],[3247116.2414778415,3561838.7262432547],[3247086.6429326795,3561868.286891142],[3247077.2260256927,3561882.3964406406],[3247063.680206973,3561904.9915678143],[3247057.6063903263,3561926.6382268663],[3247041.8850095673,3561934.1806895486],[3247000.6048833877,3561926.47207392],[3246975.2317059794,3561918.844217638],[3246956.4105877643,3561922.063897095],[3246924.334183568,3561940.3396514766],[3246905.6950068576,3561957.094369635],[3246899.271172384,3561958.761456422],[3246890.1023575943,3561958.6850149594],[3246884.5368913766,3561963.9842059254],[3246876.991029422,3561989.213120469],[3246871.351971805,3562007.4758652803],[3246865.3084629215,3562012.19857891],[3246861.103015851,3562012.9552738257],[3246842.8722107,3562016.232194713],[3246833.9312649183,3562017.743690577],[3246795.905846753,3562024.1481172643],[3246782.909969732,3562026.117200245],[3246726.117213751,3562034.7201936007],[3246659.641092275,3562049.1532146716],[3246648.7819228796,3562057.921089328],[3246640.1623694412,3562060.7922626236],[3246613.7866534097,3562047.1118939607],[3246598.5037499927,3562049.9278718154],[3246568.02342821,3562054.702084626],[3246556.2022966426,3562061.5840348657],[3246544.506613645,3562079.4319519293],[3246537.0550236376,3562089.4552333914],[3246529.448768393,3562098.6540130237],[3246528.416283909,3562118.304551793],[3246542.2844502544,3562146.935449485],[3246553.692699325,3562171.5983744124],[3246571.769653118,3562197.956475594],[3246574.759228019,3562205.1860442134],[3246592.3846357716,3562236.7805004786],[3246600.293809478,3562249.5358473184],[3246608.814510422,3562270.549200659],[3246637.3937740154,3562316.181887967],[3246641.3876915835,3562323.5201852433],[3246645.1146975,3562330.3816586207],[3246645.986945874,3562335.800966151],[3246641.8503061556,3562341.8099235822],[3246616.228920187,3562358.2533078073],[3246591.369638501,3562370.6042883946],[3246580.3905651616,3562377.839786793],[3246571.025159563,3562376.2493510656],[3246550.2730973335,3562366.277493675],[3246530.6782633346,3562357.0327480547],[3246513.6319317776,3562349.2675776635],[3246508.3399289027,3562349.0285511296],[3246506.346675319,3562348.933797663],[3246500.9104875964,3562351.3454734595],[3246483.7083464228,3562393.7277110023],[3246466.333809427,3562429.000071635],[3246459.7884834046,3562430.1225942723],[3246405.219073111,3562416.8150162906],[3246402.3726163385,3562416.1170786144],[3246396.617683102,3562419.533382027],[3246387.8622131264,3562417.4329072735],[3246382.778328819,3562412.347577302],[3246371.0694230394,3562382.165849182],[3246366.9179639854,3562367.4730785484],[3246361.2343074763,3562347.3780879923],[3246259.546747539,3562379.9513094304],[3246248.2344432124,3562383.7078300514],[3246236.784612146,3562403.6916391654],[3246230.650664433,3562415.851276126],[3246228.213588574,3562420.796197904],[3246225.412448664,3562426.469310889],[3246222.6176695586,3562432.1409350242],[3246220.270381185,3562436.445000314],[3246108.0187847107,3562632.3394986154],[3246074.297389347,3562694.1315119327],[3246043.901660655,3562735.378530197],[3246034.6284593022,3562743.9255225156],[3246028.1207901817,3562746.9911744837],[3246018.1187085216,3562746.251550044],[3245987.317311537,3562729.309686067],[3245950.484303039,3562714.415209546],[3245945.547256444,3562712.4177954574],[3245883.913992597,3562685.692809771],[3245859.805917265,3562674.9736911324],[3245851.904393191,3562696.1461894736],[3245831.468308836,3562740.4973058626],[3245826.909465789,3562750.3827525023],[3245794.726922307,3562820.2186309705],[3245777.8062958927,3562856.9269568045],[3245776.319416969,3562860.0767242396],[3245738.767982076,3562939.5646346295],[3245737.686655726,3562941.850169449],[3245693.6002555955,3562990.9413049985],[3245677.027598004,3563009.3988493374],[3245653.949783886,3563034.5837678653],[3245643.4169336623,3563037.3787212945],[3245635.4300271524,3563037.2227716693],[3245617.3326817974,3563032.1870521433],[3245533.589240608,3563008.8804932926],[3245446.743582514,3562983.801572438],[3245425.669935804,3562977.7208546977],[3245379.4058679566,3562962.1304785158],[3245331.511788505,3562941.7236800184],[3245322.3175392235,3562892.3801503093],[3245321.2881020494,3562886.389232693],[3245299.1596715376,3562881.406091521],[3245275.8934502443,3562868.2192896577],[3245274.964068967,3562867.691521484],[3245237.3223337913,3562837.6455189153],[3245228.2905551894,3562829.9073509555],[3245219.2319784192,3562822.141053356],[3245211.914821334,3562812.725994207],[3245200.7228052705,3562802.602794841],[3245195.103103183,3562792.1461778157],[3245193.4952653036,3562789.1492535146],[3245182.4548191195,3562774.0317941685],[3245172.736689373,3562765.4907392724],[3245154.279980409,3562753.848874184],[3245131.2921155468,3562741.3891383056],[3245129.1775413253,3562740.2445186544],[3245089.2258485844,3562711.407664424],[3245062.0760841845,3562685.279460882],[3245054.3551735394,3562681.2394817946],[3245044.4013712145,3562676.036802607],[3245040.8181908447,3562672.597214329],[3245017.921349652,3562656.7877002186],[3244986.5757072335,3562628.259452419],[3244952.603419095,3562597.077123289],[3244917.685006244,3562565.015305836],[3244922.8294424415,3562549.9059837973],[3244944.6498031365,3562486.984506226],[3244947.5482959906,3562478.612862745],[3244966.212800073,3562424.812521568],[3244969.7378050936,3562414.640815727],[3244975.137741303,3562397.6350857276],[3244984.1370426845,3562369.326823311],[3244998.983800527,3562322.5878159627],[3244986.061913212,3562300.830290035],[3244985.271669941,3562299.2482723687],[3244976.870430682,3562282.397444517],[3244966.1955717467,3562260.9843653375],[3244927.421625244,3562183.2482225443],[3244926.3270362783,3562181.0604837383],[3244930.745302256,3562177.9448088473],[3244931.1069753272,3562169.1362026744],[3244932.9914490357,3562123.261719086],[3244933.3141742265,3562115.4494201997],[3244933.4898029612,3562111.2070444403],[3244933.8113893075,3562106.0235796566],[3244934.998639412,3562087.023296726],[3244941.4502982944,3561983.716806437],[3244945.080864524,3561928.559482265],[3244943.3981177034,3561907.3754057167],[3244882.979498177,3561848.188351278],[3244849.5882016732,3561815.4800735237],[3244834.351169998,3561803.88545612],[3244812.881098992,3561787.545482116],[3244780.356630679,3561762.806490869],[3244778.7946594916,3561761.222146185],[3244776.1911961064,3561758.665789716],[3244774.270790294,3561756.672088202],[3244688.133624445,3561841.6851284443],[3244599.3275027564,3561928.751211804],[3244588.0591364396,3561937.230528751],[3244461.288510316,3561849.804214729],[3244412.5689459206,3561852.164056348],[3244410.0513427695,3561851.584973858],[3244393.6265605036,3561847.8351537073],[3244383.5306231994,3561853.479642647],[3244373.8314764714,3561869.6602286487],[3244345.4474431733,3561898.027005803],[3244340.4981938843,3561902.9783895],[3244301.8802451883,3561909.8522872785],[3244227.85555367,3561929.767937449],[3244180.4936907254,3561942.7276237314],[3244173.870776265,3561930.452598724],[3244168.9253434734,3561921.295742121],[3244149.41142699,3561885.7991713383],[3244143.5752758733,3561861.5044260724],[3244141.00664407,3561837.302394389],[3244134.750367338,3561816.5271383007],[3244122.0043740533,3561793.7765730405],[3244107.649532118,3561773.321247046],[3244089.5878270725,3561727.3129689456],[3244078.1820627386,3561694.765741363],[3244069.9968289686,3561671.4250474856],[3244054.2337777363,3561635.0351987192],[3244047.8933623387,3561618.377708821],[3244038.582082889,3561593.935772619],[3244032.4575349814,3561585.9170841803],[3243976.221301025,3561571.0043121567],[3243970.3699438567,3561567.1112599806],[3243965.760935762,3561552.9508783524],[3243955.332569129,3561520.9085384356],[3243946.9025923493,3561495.0082156286],[3243917.556973829,3561408.6529495306],[3243886.5935285427,3561414.2000654116],[3243871.2440691083,3561432.0661985357],[3243842.8061404163,3561465.33857568],[3243839.0967043974,3561470.033357516],[3243798.325076603,3561521.6113371905],[3243786.206786746,3561536.950328751],[3243737.2811588245,3561610.259713599],[3243721.044803776,3561625.3966165017],[3243696.310254663,3561648.4784864853],[3243662.9839149923,3561677.5531220892],[3243611.8447590186,3561684.3812062033],[3243564.2523685773,3561686.679275429],[3243517.788514305,3561701.6609912715],[3243475.8394211084,3561727.795163122],[3243451.634493565,3561762.9222893105],[3243418.4268038166,3561799.3640751042],[3243374.8618860478,3561847.1624925584],[3243324.186391316,3561818.7465974987],[3243338.338997029,3561774.997739946],[3243342.8121784814,3561758.987638675],[3243338.5081969495,3561733.5631765127],[3243327.7825888516,3561702.21089889],[3243314.3481225185,3561671.794413586],[3243252.4052593457,3561581.3774800655],[3243231.1977356942,3561549.2083432823],[3243228.433088784,3561543.487735767],[3243217.997956402,3561508.497036318],[3243207.957594308,3561477.6608479074],[3243199.163887178,3561468.801465221],[3243180.007475243,3561455.837049934],[3243159.3362063803,3561449.4395175925],[3243142.8576962166,3561455.15359304],[3243125.1259262967,3561470.036282969],[3243112.9613029035,3561503.6178557724],[3243096.7664511064,3561536.3800469306],[3243089.0453744247,3561545.0846579256],[3243076.099291942,3561547.2816262664],[3243067.2906484185,3561548.7690292676],[3242954.861429195,3561555.000495424],[3242933.0432432946,3561556.3815598767],[3242909.896684933,3561557.845775142],[3242835.4391546007,3561562.0081755216],[3242811.9340721276,3561557.32377764],[3242797.9095096737,3561543.6348971003],[3242784.5634547193,3561530.601389937],[3242774.0073817065,3561506.9352972107],[3242764.659123664,3561485.9581572856],[3242774.543634638,3561465.9871692294],[3242782.9774470683,3561427.0602992],[3242783.240473976,3561425.850417749],[3242785.9232143005,3561413.463743883],[3242774.0523077,3561378.5126019446],[3242757.61130415,3561327.9686227352],[3242749.510551704,3561310.130258604],[3242739.2362436545,3561303.7436729],[3242733.4467490492,3561300.1471677623],[3242717.116818364,3561334.5155566726],[3242690.844779826,3561380.2130379006],[3242676.449003637,3561399.7997111543],[3242672.9629614097,3561413.351395918],[3242667.4156881496,3561434.8960893475],[3242652.2856691005,3561489.4166037193],[3242625.3404644444,3561586.1290864614],[3242601.097173306,3561667.110009437],[3242597.6319840522,3561678.6824673954],[3242586.6756144008,3561703.854385539],[3242583.808880738,3561739.0952726062],[3242583.222133402,3561790.6174432216],[3242579.5147219496,3561817.7333997204],[3242571.941356307,3561836.242761246],[3242570.878059732,3561850.785614364],[3242574.3674699124,3561868.6877882886],[3242576.592358186,3561928.777955301],[3242574.0783898556,3561973.9809179124],[3242559.472572964,3562018.2771355235],[3242543.910463563,3562056.392849598],[3242521.5378377927,3562120.3811252383],[3242507.1135235364,3562149.665169259],[3242491.2155948197,3562170.6748291766],[3242477.867479833,3562182.6462971754],[3242461.4720762065,3562191.6388619654],[3242413.2530067316,3562190.4466952127],[3242401.121685153,3562186.5763577083],[3242392.0090213967,3562178.47073488],[3242376.990971676,3562176.5660671913],[3242353.1523148157,3562176.7732756124],[3242329.9354964336,3562181.437680407],[3242301.0515613565,3562187.655098331],[3242289.164165782,3562193.2905414384],[3242275.926578347,3562210.953819231],[3242265.2464405326,3562234.673293052],[3242254.751655969,3562252.080980295],[3242235.3403483825,3562260.797578371],[3242219.1868754206,3562263.913710146],[3242196.183227945,3562267.610280295],[3242175.5898388242,3562270.1881527137],[3242163.9269455066,3562277.7572069177],[3242155.6871128753,3562294.9440240096],[3242158.7197473613,3562312.1273759827],[3242169.182867408,3562329.282390119],[3242185.6470311554,3562350.9820340276],[3242192.6034332747,3562378.847626593],[3242199.734514765,3562399.9905592464],[3242210.103964622,3562416.5821669507],[3242213.3557636165,3562434.9996747747],[3242209.279860811,3562459.1040197196],[3242192.63445213,3562494.1022513844],[3242174.1777349655,3562512.5135243475],[3242162.1980101843,3562524.4510440384],[3242116.451095337,3562553.975727934],[3242089.3869062737,3562562.2002444537],[3242065.4123188118,3562574.484333886],[3242049.687942284,3562589.6005966454],[3242037.010946399,3562606.903482382],[3242021.031246286,3562663.903227009],[3242009.9461848256,3562684.746021198],[3242000.3608004856,3562706.877213909],[3242000.3229092974,3562726.402901707],[3241999.6958235186,3562732.6582595157],[3241984.4835835146,3562778.5367455436],[3241970.994156114,3562814.5265476527],[3241956.295329062,3562849.5730371685],[3241949.202141769,3562874.458096972],[3241956.615463337,3562899.380387703],[3241971.502922782,3562923.2187753646],[3241977.614850163,3562929.2752976753],[3241992.4832638046,3562944.025644941],[3242009.77984065,3562948.698005185],[3242052.790426463,3562959.859512132],[3242065.5196574638,3562968.030622246],[3242072.6592765385,3562985.222192972],[3242077.2737854742,3563015.246908528],[3242067.3346852884,3563038.0011057416],[3242039.7489138525,3563091.8812278956],[3242027.6585833346,3563145.1066619745],[3242005.692250102,3563174.1624967605],[3241985.8112776196,3563192.911216982],[3241963.7098964667,3563217.5562398406],[3241940.1880043894,3563313.26810765],[3241919.446707233,3563359.050318209],[3241901.3933501686,3563368.437067667],[3241865.573232488,3563373.2287275223],[3241843.541820907,3563375.436521151],[3241825.495652876,3563381.917306514],[3241813.715729914,3563395.6120463945],[3241813.908958313,3563424.7389415004],[3241812.7418737262,3563460.2483023712],[3241815.1199334036,3563523.807512655],[3241804.062810554,3563549.857501877],[3241788.3475046493,3563578.5669876356],[3241777.450620704,3563644.268332069],[3241773.840726808,3563692.6611498296],[3241764.4488061722,3563723.9100559168],[3241755.0710370373,3563795.6599450186],[3241746.2285985807,3563842.680412692],[3241743.8732329286,3563865.474037078],[3241741.4971865686,3563888.4906881284],[3241743.6391233425,3563924.908062597],[3241763.940307033,3563945.0583329704],[3241793.261166157,3563969.339317836],[3241815.1151900096,3564000.627391159],[3241835.0793000488,3564024.1867099884],[3241853.879788618,3564035.793345088],[3241855.625405142,3564042.7180557777],[3241857.155501818,3564050.118361646],[3241858.320230297,3564055.3316041175],[3241859.0256761936,3564059.401711912],[3241859.700429353,3564062.4113424905],[3241857.3665059726,3564087.1285920553],[3241829.227020674,3564117.229070865],[3241789.2348120287,3564130.5952829383],[3241775.913001577,3564128.362989397],[3241744.319774638,3564137.3499856284],[3241731.743069481,3564152.8982359017],[3241728.9185991604,3564156.3884649035],[3241717.259974299,3564197.667149977],[3241719.797660966,3564266.413473541],[3241705.0467342697,3564326.8942826786],[3241719.3646204034,3564369.2353564627],[3241725.9934994755,3564389.543516977],[3241723.7978712777,3564405.158642419],[3241723.294317604,3564408.7101735575],[3241713.7204388184,3564423.9410636225],[3241693.7200900423,3564440.51686389],[3241676.6541540734,3564460.0747573436],[3241647.999777569,3564466.01647625],[3241590.3731874432,3564457.183292185],[3241564.21460874,3564469.6781788794],[3241518.9228462223,3564504.848620032],[3241421.405613207,3564552.4982207455],[3241357.8858154938,3564569.019222053],[3241296.920956645,3564583.400000054],[3241264.0712042917,3564574.2028284534],[3241230.532402976,3564562.0799349146],[3241206.6128614633,3564564.645798224],[3241204.473178284,3564596.758592163],[3241190.0049850037,3564623.145984465],[3241168.166553897,3564641.5131636737],[3241141.9411308602,3564656.231130551],[3241139.765422712,3564657.4562942362],[3241084.7007979834,3564696.648729553],[3241057.038063242,3564711.5227492126],[3241046.6255264166,3564730.79993157],[3241042.760224111,3564738.141581753],[3241032.5525794104,3564772.939324597],[3241030.779795928,3564823.4167611664],[3241023.6824844317,3564854.518483824],[3241000.6714667757,3564893.853277301],[3240981.4185142396,3564933.8514656476],[3240958.2802504674,3565001.989453965],[3240953.514988845,3565020.9907827154],[3240948.9423567224,3565039.2233345057],[3240944.8308409695,3565064.2704590335],[3240923.674984469,3565086.508610114],[3240912.755606984,3565103.1391164465],[3240907.572143052,3565123.226713578],[3240890.6952067968,3565141.16004669],[3240882.060597212,3565158.9966615606],[3240887.8083486604,3565187.3889389476],[3240934.929969109,3565266.375077177],[3240949.2493913937,3565287.7153779087],[3240955.8449142464,3565309.696017782],[3240957.152392789,3565330.7776451046],[3240966.116665102,3565347.8936326634],[3240980.3785407105,3565362.06005878],[3240993.124669335,3565379.9713017885],[3241000.934954266,3565414.3868432967],[3241009.4808674264,3565461.786666374],[3241011.7365733786,3565471.185869503],[3241014.623545923,3565493.8350990694],[3241015.3938833233,3565517.7301842836],[3241007.448423285,3565541.9256403716],[3240999.482773091,3565571.3615203067],[3240988.1781037264,3565599.185876655],[3240978.544615755,3565653.5058593093],[3240964.344422338,3565680.5671347296],[3240950.1247462295,3565688.4702040865],[3240938.1658465886,3565692.211487555],[3240916.899124725,3565693.7638473185],[3240893.532472956,3565691.3915350917],[3240869.460359554,3565684.673542088],[3240848.770855141,3565693.3578793984],[3240838.1628980553,3565711.5116054667],[3240831.7756522824,3565730.5864709304],[3240834.5311234756,3565752.4517119606],[3240834.6665464747,3565765.107079359],[3240833.4925770517,3565778.1748893685],[3240830.481426895,3565787.267408604],[3240825.354110631,3565812.256546095],[3240810.1867651483,3565837.021029321],[3240808.6608206527,3565844.270338651],[3240803.92893987,3565866.835411168],[3240802.3250237233,3565898.180465213],[3240806.048257049,3565937.097397955],[3240819.72342732,3565979.1646392117],[3240832.5656530103,3566004.12545347],[3240846.5556746377,3566017.459811658],[3240852.690195824,3566020.7076372635],[3240882.8077155203,3566027.0083782785],[3240906.727525438,3566025.9084387273],[3240922.549017801,3566017.36270164],[3240946.395659034,3566012.4338680757],[3240977.8293098263,3566020.296018695],[3241047.921717788,3566016.6681502904],[3241100.348008856,3566025.6384128],[3241110.9782522786,3566024.9090921097],[3241127.7859129873,3566016.0854444606],[3241138.9567854917,3566001.1177074676],[3241164.4824713115,3565974.8743188092],[3241196.1866390845,3565941.2715227366],[3241232.857567221,3565916.9681275226],[3241258.0770662054,3565907.1589269163],[3241284.013094124,3565906.618587218],[3241309.3431838956,3565909.8150725025],[3241337.328863049,3565920.2613352817],[3241355.6043750998,3565943.9866897706],[3241361.8343295716,3565982.1046950845],[3241370.239063357,3565996.620336808],[3241388.722600366,3566005.439652779],[3241397.707337222,3566009.9099792433],[3241407.4305778574,3566004.860182401],[3241416.775740267,3565992.4711411768],[3241456.459665185,3566013.7861238793],[3241495.601678171,3566038.432505331],[3241523.6334035094,3566041.7502500135],[3241547.1323632384,3566069.100234768],[3241561.5968575766,3566102.5083497283],[3241586.7761087297,3566149.496918296],[3241587.9942034194,3566192.7812278224],[3241582.5646848893,3566210.503488023],[3241573.496473373,3566225.9153947798],[3241560.257311159,3566233.1148316087],[3241551.3744603135,3566244.430156801],[3241555.2450783188,3566266.4567270065],[3241562.2940856577,3566286.3211871656],[3241574.077279361,3566294.953592317],[3241601.2912762696,3566305.85830567],[3241612.717982721,3566324.265142512],[3241610.9860031717,3566345.248354695],[3241610.6497942586,3566375.7647623224],[3241617.7809287068,3566394.9324557064],[3241644.7672974467,3566417.705262607],[3241649.19028648,3566456.146122206],[3241640.6055331985,3566546.7732229778],[3241654.6688456424,3566570.3790170695],[3241704.119955008,3566598.127548995],[3241725.9516348178,3566880.343784189],[3241728.370747723,3566911.5649722912],[3241745.350574814,3566985.7010877086],[3241790.247376551,3567053.3424320067],[3241971.199306949,3567171.3224901115],[3241987.2735380903,3567188.036145766],[3241997.085327614,3567207.914859134],[3242014.430397477,3567251.390096888],[3242009.5132724894,3567309.749713705],[3242002.008779736,3567334.092231713],[3241990.9650396835,3567367.077005364],[3241984.7316195443,3567376.2514751256],[3241962.170103702,3567387.0850448026],[3241930.337992641,3567383.9516384033],[3241899.8393784873,3567383.5808248515],[3241882.5958103593,3567377.671801265],[3241874.915173823,3567375.0406252677],[3241866.3644003915,3567367.792576347],[3241859.775116357,3567357.32621844],[3241850.173059779,3567357.180608228],[3241841.9378962684,3567365.656517111],[3241837.666124277,3567380.7405963033],[3241827.8385135876,3567402.6351557253],[3241820.9095785636,3567425.223597954],[3241820.8268095236,3567456.4840732175],[3241823.0624766834,3567490.3089913824],[3241828.2570500122,3567510.714332515],[3241830.012777702,3567528.1536875456],[3241828.801136585,3567551.792813928],[3241826.6325148735,3567567.0696405172],[3241810.18988931,3567581.2597497497],[3241795.019477141,3567589.3056813697],[3241774.6922472427,3567600.7959293146],[3241765.746374773,3567611.3228196935],[3241758.5249798,3567626.930960957],[3241751.982595719,3567643.92890148],[3241753.253161473,3567672.987283322],[3241760.608257845,3567707.487275637],[3241766.847042974,3567724.2247269526],[3241777.0074667325,3567751.5067831716],[3241775.645035141,3567770.1987002376],[3241760.2131744605,3567792.2107628277],[3241753.9267034605,3567807.437664724],[3241751.671972799,3567814.491261503],[3241754.188853552,3567820.7632669387],[3241759.746857776,3567825.4564936953],[3241764.0261838753,3567841.2785556805],[3241768.6746280706,3567852.2027501035],[3241775.671968317,3567854.3289051247],[3241783.125361015,3567866.9908187557],[3241793.425095124,3567885.169588479],[3241799.038007086,3567900.1487986464],[3241802.2593993507,3567912.959763173],[3241797.0510263527,3567921.227022012],[3241786.3578687203,3567939.6408861885],[3241773.7008320424,3567955.4871310014],[3241766.524606985,3567967.422203526],[3241763.678461196,3567999.8977868906],[3241802.766962558,3568021.524133423],[3241848.182049144,3568054.0348305684],[3241848.5378099335,3568067.2464731066],[3241854.2345115407,3568074.157371676],[3241927.3126779967,3568162.760703483],[3241942.8258978995,3568181.569332181],[3242050.5713071106,3568312.833212469],[3242089.9248056505,3568279.850273973],[3242102.8477380825,3568229.325717229],[3242113.5365272597,3568205.4025957184],[3242133.0246808613,3568178.312807434],[3242177.343922195,3568093.7795709884],[3242202.2115174746,3568032.148514754],[3242204.3639406143,3568025.7623413145],[3242200.469590963,3568014.2582748155],[3242202.302841886,3568008.9807114773],[3242201.6921062497,3567983.7052395055],[3242228.1236759783,3567962.510088403],[3242244.041193935,3567952.3717475464],[3242260.564422313,3567959.346889932],[3242276.6357909422,3567961.181743468],[3242300.5994088557,3567962.1194766],[3242326.4280021004,3567954.672452857],[3242360.1564917034,3567910.631793887],[3242402.4127489086,3567867.1520845606],[3242457.23299132,3567855.302471655],[3242536.494574655,3567909.8940778724],[3242595.122214864,3567981.2809756356],[3242705.1897771126,3568026.0498650908],[3242786.950629618,3568060.9965879526],[3242921.3120932993,3568090.730704874],[3242917.88169029,3568354.9676072635],[3242937.501932474,3568362.8675570902],[3242956.932922761,3568380.456106754],[3242998.97887477,3568430.611470771],[3243011.5108125,3568477.483918752],[3243023.521474088,3568594.030228608],[3242957.4342162907,3568648.692046213],[3242904.0059018917,3568738.291985015],[3242899.7716741357,3568745.3867598684],[3242857.3357227906,3568857.918267947],[3242848.450847571,3568881.482886271],[3242846.5947910855,3568886.4096413404],[3242843.05719186,3568895.7857265593],[3242815.0451903315,3569035.984939915],[3242801.1002982464,3569099.2507114867],[3242808.436961538,3569169.3806330934],[3242829.5803110106,3569249.8940063133],[3242887.6536760493,3569327.186070311],[3242850.310201844,3569356.4981044987],[3242800.0561589035,3569392.0357872476],[3242764.2427698355,3569454.535913512],[3242692.842263855,3569592.722408402],[3242659.40524466,3569655.7659331337],[3242634.586191835,3569696.868358414],[3242617.629406492,3569756.9778119167],[3242609.016909986,3569788.9873869466],[3242600.671900727,3569839.1548228627],[3242593.565901679,3569867.445080122],[3242581.575537733,3569894.2585103363],[3242580.7880255124,3569932.0802677255],[3242580.0943617737,3569944.873447387],[3242578.220463542,3569979.449732468],[3242553.4620636576,3570100.9664868796],[3242550.853471354,3570113.7867432213],[3242539.845726285,3570229.4533708408],[3242549.527382427,3570270.9706834927],[3242562.0406414866,3570351.384991412],[3242533.8856393723,3570404.6089877156],[3242543.7509886757,3570491.6186202727],[3242545.422785595,3570520.570859465],[3242501.1353471507,3570651.612566517],[3242489.7983341906,3570721.1682260167],[3242495.041518134,3570738.1406328566],[3242523.3272646978,3570829.563886845],[3242546.520457565,3570904.507342585],[3242547.1307595544,3570906.7629632847],[3242560.3352647596,3570949.515650054],[3242557.254990172,3570962.906774501],[3242538.815518007,3570979.8653020905],[3242533.819829609,3570998.852276074],[3242544.4812888233,3571056.097873317],[3242553.0028483905,3571101.873188186],[3242582.8901035143,3571232.3233613865],[3242602.086869259,3571253.9478896027],[3242629.212887535,3571284.5053133694],[3242653.3644914906,3571297.80756852],[3242681.6612004857,3571372.3962688353],[3242693.7033255296,3571368.5669785654],[3242698.7656972264,3571353.858494298],[3242698.3472444084,3571336.287119657],[3242698.256640409,3571332.4736598223],[3242700.574391583,3571317.792896716],[3242711.4687456526,3571314.9349301476],[3242770.5558637874,3571320.3264776524],[3242796.042014766,3571333.6703085587],[3242839.5857513323,3571338.137793892],[3242864.712371288,3571330.2456870712],[3242888.400209057,3571314.6447247877],[3242912.299683365,3571313.609835378],[3242931.5873981807,3571304.7535796664],[3242947.357917444,3571293.971707413],[3242949.10519836,3571292.7902140333],[3242968.945248588,3571279.360545667],[3242982.8156311093,3571278.5451837215],[3242996.1114287437,3571276.6369141396],[3243001.990734163,3571272.3106412413],[3242991.9438132313,3571260.4095856133],[3242986.5868430203,3571248.15984828],[3242996.8340855846,3571237.1772310147],[3243002.9013860156,3571226.801880264],[3243014.9904460297,3571230.0924063115],[3243021.875588891,3571234.6106247073],[3243032.022041747,3571251.5744807716],[3243042.2959031747,3571256.2117866403],[3243054.5768105993,3571241.0296161664],[3243070.877078903,3571232.3047668193],[3243069.7748601087,3571216.4679982536],[3243069.154444008,3571207.4982035607],[3243083.4250126136,3571192.7997621507],[3243087.203614522,3571188.900308603],[3243083.5199639406,3571169.780351215],[3243092.4305626526,3571147.2646886543],[3243098.1175529733,3571120.285511221],[3243115.8183407206,3571115.1112597743],[3243121.15166,3571113.554702338],[3243137.0278790053,3571098.5122593543],[3243136.656379465,3571082.2276496002],[3243135.407408879,3571028.078272625],[3243137.333893404,3571021.653628375],[3243141.88881194,3571006.491790479],[3243146.5038418863,3570991.1320904484],[3243155.8211689405,3570968.5208436],[3243161.1380852093,3570958.1392120714],[3243171.4672818584,3570956.1392110204],[3243206.3890656866,3570970.7386382683],[3243244.075205095,3570952.481691521],[3243266.6892049415,3570947.5845986027],[3243275.879395145,3570937.162259141],[3243274.5810137084,3570924.4374022256],[3243288.823062476,3570909.781201186],[3243303.7906254246,3570912.761143693],[3243316.3164054137,3570909.8071939754],[3243318.9343960453,3570909.189798938],[3243336.1128492653,3570906.883804348],[3243363.85301563,3570929.0103020044],[3243378.2343097483,3570977.984024467],[3243377.278488622,3571030.3334466517],[3243389.1306134984,3571087.2514862483],[3243389.435181503,3571088.729606568],[3243412.3721742723,3571150.657019414],[3243412.4682830563,3571200.1636924543],[3243405.9422810525,3571245.3537665163],[3243405.0769230523,3571269.2203692514],[3243402.827146586,3571278.95877279],[3243397.034993651,3571288.832242462],[3243391.031190381,3571299.0541504007],[3243383.490053721,3571327.3310330505],[3243358.4099405054,3571354.5319864824],[3243354.4826895036,3571368.9255923154],[3243370.7749235574,3571374.807663577],[3243381.3769336855,3571383.8687509345],[3243376.2577958154,3571389.3929687575],[3243366.9276229767,3571399.4465412274],[3243345.8880655295,3571416.6131655653],[3243345.209031188,3571417.163676624],[3243345.020536148,3571425.773077975],[3243356.7995197885,3571451.3534382237],[3243349.6173059065,3571464.7811299236],[3243346.2059388915,3571488.6054581115],[3243350.2873899024,3571518.492728126],[3243344.73077474,3571542.3867780794],[3243347.4531513797,3571551.836636667],[3243348.828159529,3571553.7626389894],[3243352.256943197,3571555.261645478],[3243357.0426531713,3571555.9928458952],[3243372.6389016053,3571546.677123514],[3243379.2313463115,3571542.986778869],[3243381.8555667493,3571541.552689159],[3243384.852697819,3571542.4187301868],[3243393.1167756235,3571551.3882208867],[3243399.532800856,3571560.242484254],[3243407.306624017,3571565.320692745],[3243414.6966317073,3571571.4308846346],[3243420.684399952,3571569.9268475277],[3243422.300853336,3571564.930199441],[3243422.1070460975,3571560.6245577745],[3243419.6316564903,3571555.4218718335],[3243414.261053752,3571549.4439023677],[3243411.6650020266,3571543.3397029345],[3243408.3856397066,3571535.62856405],[3243409.940207271,3571531.8635101407],[3243413.034722741,3571529.7329873387],[3243425.909485247,3571525.7206752086],[3243436.883894054,3571532.351812505],[3243439.0309418715,3571534.1187169706],[3243448.017549824,3571542.3553017224],[3243475.5978688225,3571560.9486078313],[3243481.8173965504,3571570.469257138],[3243484.8168168385,3571587.9824016495],[3243484.187988892,3571600.9895313527],[3243482.99002594,3571610.617668044],[3243482.3736685123,3571616.836530208],[3243483.975374477,3571621.60232872],[3243493.0398847675,3571626.4795713173],[3243505.5873896116,3571634.266786712],[3243513.6390538896,3571641.7250584895],[3243517.627049003,3571648.7294897716],[3243516.3231091592,3571657.9118782068],[3243512.311176326,3571663.5308152577],[3243508.784742599,3571670.2063347567],[3243508.3902307274,3571676.372874272],[3243508.774264487,3571686.798994491],[3243508.908118903,3571705.9408685956],[3243508.958273601,3571716.9049770865],[3243508.7866848605,3571733.776747785],[3243507.1799474214,3571740.699906641],[3243502.11706899,3571746.79635474],[3243494.989371774,3571751.0491096117],[3243485.2865957217,3571760.1227632286],[3243480.8608622896,3571768.8703794368],[3243480.0229525073,3571780.9968948783],[3243482.8281721687,3571790.8520208485],[3243488.8651118493,3571801.5752864573],[3243494.1100901575,3571809.925040065],[3243506.3554179557,3571820.3551886715],[3243518.0635126624,3571829.5113593927],[3243529.005428719,3571833.475079195],[3243544.0536049195,3571838.100740231],[3243552.3034721967,3571836.625876951],[3243563.8332022605,3571837.178927473],[3243567.1727763,3571838.6416533245],[3243574.7163300924,3571841.9373143613],[3243597.706062628,3571848.915331374],[3243611.179054426,3571852.8563782712],[3243621.6238343176,3571852.815809057],[3243630.052941923,3571852.0106353126],[3243634.489808102,3571847.278938959],[3243640.3702520262,3571842.1723921294],[3243644.973813948,3571835.495549821],[3243661.784905467,3571830.8998821583],[3243679.39106582,3571830.295892281],[3243688.2528281366,3571831.5357615487],[3243702.597692324,3571821.436860542],[3243715.937055539,3571810.599227146],[3243716.9978993284,3571809.7405941878],[3243729.421032125,3571807.098339094],[3243736.8545660637,3571813.4511547233],[3243742.128077129,3571822.3454184504],[3243745.055785546,3571835.4207855975],[3243745.836607718,3571847.6016870616],[3243751.7582884496,3571851.452224517],[3243762.9537971113,3571853.9789003637],[3243777.90986456,3571856.7555359686],[3243780.478715229,3571857.229054808],[3243796.341282617,3571859.849410125],[3243810.982291781,3571859.3020652137],[3243822.0496492414,3571856.5319288075],[3243830.263718008,3571853.527551624],[3243831.9447923964,3571852.9130650987],[3243837.0003876435,3571851.881838023],[3243843.9919124893,3571842.805302142],[3243846.299691894,3571828.8629812184],[3243850.367790969,3571813.5412506913],[3243851.143454483,3571800.6145763015],[3243850.411048661,3571790.775906457],[3243854.4706949294,3571783.527262346],[3243863.3208674407,3571778.2146083703],[3243876.305657834,3571773.3738025213],[3243889.08666439,3571765.6764218044],[3243903.34038998,3571758.768498856],[3243912.9231175864,3571756.509385107],[3243918.8777246084,3571755.9092656095],[3243924.4394311,3571761.061834718],[3243926.9507779013,3571770.951809016],[3243933.041616668,3571787.1160601755],[3243935.783052946,3571793.243479402],[3243940.28303196,3571794.605093755],[3243945.4121077433,3571793.235218134],[3243950.5070069614,3571788.3143470758],[3243955.202233077,3571778.3328110436],[3243962.645615033,3571769.8044337695],[3243972.5746004707,3571766.327213235],[3243985.58031971,3571766.9811136634],[3243996.3373762565,3571764.2846137504],[3244001.4144268353,3571764.695117915],[3244007.46111162,3571770.53708909],[3244010.8274021544,3571778.618215894],[3244010.8399508097,3571788.132835863],[3244007.5868083695,3571794.7204571175],[3244004.7364230906,3571802.326779476],[3244007.7244426534,3571806.7887748242],[3244008.3642656095,3571807.763068102],[3244011.7549738055,3571812.93379477],[3244015.268551077,3571821.634605753],[3244020.0308258054,3571826.803479228],[3244026.593751663,3571826.0600744286],[3244032.395952697,3571822.76357368],[3244038.5450800527,3571822.2784607825],[3244043.925639862,3571818.5876947683],[3244047.5727547705,3571810.954332709],[3244049.5405767756,3571806.449244091],[3244050.4881208353,3571804.2971191653],[3244056.9818683104,3571799.2073807498],[3244062.3007322783,3571798.6080346922],[3244071.0521909934,3571799.610538685],[3244076.682850939,3571801.02721113],[3244082.0156335738,3571802.5141027793],[3244086.5097959945,3571807.906954105],[3244091.831987908,3571814.08049483],[3244090.162180494,3571821.2477295105],[3244088.564728316,3571828.719372907],[3244084.59967744,3571845.153009116],[3244081.916806714,3571855.4636830776],[3244082.806641888,3571861.235411124],[3244086.3445841195,3571867.335841068],[3244094.6423771256,3571871.1891903933],[3244107.2777231922,3571874.341597933],[3244118.603618119,3571875.3917282354],[3244124.801087122,3571873.7587215444],[3244132.5364233586,3571866.4591418505],[3244136.2624192773,3571861.8611499723],[3244140.934037516,3571861.242221758],[3244145.359127164,3571863.528624589],[3244148.435090906,3571865.122718567],[3244153.7919136593,3571869.6119472943],[3244155.0537637104,3571870.6692526257],[3244162.553709101,3571875.192945946],[3244169.4266325934,3571881.16175542],[3244175.181080859,3571885.7754125977],[3244186.2619763706,3571899.7073785504],[3244190.359543897,3571905.262638686],[3244193.3672700985,3571909.329703811],[3244193.753049867,3571913.544039603],[3244194.862922463,3571925.7619688055],[3244194.5215782467,3571937.1394327004],[3244195.859275694,3571946.8238350283],[3244197.6905164463,3571963.992137984],[3244199.115408226,3571972.6916107386],[3244200.395622156,3571980.7822643174],[3244198.3813452167,3571988.3865450146],[3244197.430982689,3571991.962911496],[3244193.777650579,3572007.6800438827],[3244191.786146568,3572013.465015301],[3244191.696066291,3572029.306679496],[3244192.4311790094,3572035.1033869865],[3244194.276253387,3572043.543096581],[3244197.4235785455,3572047.32466908],[3244214.194894483,3572049.663097038],[3244224.04947526,3572053.310364523],[3244231.170957674,3572054.2150190333],[3244237.642131819,3572059.141951669],[3244235.303363328,3572068.900706895],[3244225.4629712263,3572078.154397245],[3244214.292702333,3572090.6261936575],[3244207.889959459,3572101.5036012717],[3244204.9720758284,3572107.2199145],[3244204.0548282065,3572109.0204539765],[3244204.150912592,3572109.537400683],[3244206.169663011,3572120.6226656125],[3244205.9760458306,3572135.3521558647],[3244207.004883693,3572145.7637722683],[3244210.2820558837,3572151.443495577],[3244217.8779573003,3572157.7240577303],[3244228.0084425528,3572164.5323298736],[3244237.5210858425,3572175.527454713],[3244246.5493038744,3572189.862848117],[3244253.8714155992,3572200.3984336024],[3244260.3273237227,3572213.39988559],[3244264.021428886,3572222.8618312776],[3244276.076560391,3572237.769645705],[3244286.958497418,3572252.4717996526],[3244291.3178048907,3572259.3545373688],[3244295.6142115714,3572261.8894369164],[3244296.405226616,3572262.0359402187],[3244301.6707615824,3572263.0451087337],[3244308.655495894,3572269.4583116025],[3244314.6410567737,3572280.481157004],[3244318.2864784105,3572289.8512594597],[3244322.178316132,3572303.4685418685],[3244324.5075613847,3572322.253039617],[3244324.9118305333,3572337.358190488],[3244329.5066957395,3572349.8224361534],[3244336.792669651,3572377.5531680854],[3244341.8315322846,3572393.88508689],[3244348.5612401613,3572417.303899069],[3244351.3475885727,3572441.8128569303],[3244353.460705842,3572458.6736210184],[3244354.6778135737,3572481.3940728763],[3244350.5865381435,3572495.377477787],[3244341.577476995,3572545.122880365],[3244340.145536442,3572561.5104365037],[3244332.971042429,3572579.469673462],[3244326.2566304523,3572596.126499586],[3244323.867824166,3572602.039582238],[3244319.3883946184,3572604.7027237536],[3244304.7922050897,3572601.2317837398],[3244297.555806333,3572602.937493437],[3244289.5060073477,3572627.0387448804],[3244286.5241507282,3572648.7284675348],[3244284.420811093,3572670.2570454893],[3244285.905345179,3572676.221538427],[3244286.214581156,3572684.701825143],[3244290.655647192,3572693.195501623],[3244295.867541235,3572696.570746227],[3244300.009201916,3572696.51294045],[3244302.8189705256,3572696.482069495],[3244310.6845862763,3572697.7622599746],[3244313.9608060205,3572699.412444448],[3244317.0818171296,3572701.8454651237],[3244319.097255456,3572710.3253907403],[3244322.7930197334,3572718.3862769883],[3244339.2362897387,3572728.138039977],[3244349.082646461,3572733.9799609943],[3244350.298505782,3572734.7036768505],[3244367.09330777,3572769.021796152],[3244373.9147387454,3572786.827865863],[3244370.3608096275,3572790.2027996294],[3244360.3746681153,3572791.0641325833],[3244360.025922997,3572791.088931833],[3244359.102661876,3572791.1458240985],[3244353.6797328014,3572791.4711693553],[3244348.6350542232,3572794.79568621],[3244346.735092344,3572800.765779348],[3244348.7514084964,3572805.6175778215],[3244356.785735843,3572808.70642801],[3244364.773878181,3572808.729333951],[3244369.570127176,3572810.468995512],[3244370.818378595,3572815.777375329],[3244378.549773315,3572831.612400544],[3244387.4513942758,3572847.894883076],[3244385.29009954,3572852.089637772],[3244378.423861322,3572856.589745553],[3244371.443975455,3572866.21411098],[3244356.2812379263,3572891.521286757],[3244348.3142442103,3572907.830594056],[3244346.489700666,3572911.555660864],[3244347.9931052,3572927.171044381],[3244341.8395574214,3572943.0299634547],[3244340.573040356,3572964.613902086],[3244349.8902405715,3573000.0975684132],[3244349.0569404624,3573030.0063051507],[3244357.940735519,3573044.777448504],[3244359.2479069484,3573045.8010861566],[3244400.47762745,3573076.9079822656],[3244406.23503615,3573081.2567990455],[3244416.432325713,3573073.629376979],[3244434.777442907,3573059.913934809],[3244446.458197374,3573050.0540945055],[3244480.7978654066,3573022.50030645],[3244486.9310468053,3573019.562239203],[3244498.628276491,3573030.2950844173],[3244506.2149084453,3573032.318554837],[3244511.175182852,3573029.4847542886],[3244515.6560256165,3573027.8431432326],[3244525.7349861185,3573031.288345499],[3244529.992804529,3573035.0148698613],[3244534.1844276874,3573038.6881136973],[3244540.164539968,3573047.071701139],[3244551.304093005,3573055.8810247863],[3244557.673618185,3573064.861683935],[3244559.005721379,3573068.749655089],[3244554.561894995,3573072.207936483],[3244543.4403258176,3573072.0048880493],[3244537.6725904588,3573073.7775784996],[3244533.4035463207,3573083.658319922],[3244538.933595085,3573090.0355259245],[3244546.4716666015,3573093.7696180074],[3244587.776837365,3573092.9092371087],[3244600.2792675383,3573090.0545436246],[3244608.012007103,3573082.6984606814],[3244623.203712631,3573074.2389341216],[3244636.0835783463,3573077.758994231],[3244647.76777649,3573103.9251069357],[3244657.971459643,3573126.7892934596],[3244648.556096282,3573190.1884605475],[3244650.2047306816,3573231.4746453455],[3244647.592791822,3573262.996113493],[3244643.427261485,3573272.1290943436],[3244636.3740140414,3573283.7221612525],[3244634.9559242707,3573295.8010947825],[3244640.5453693597,3573298.938271608],[3244651.299784663,3573293.235029849],[3244664.497808799,3573293.2817600495],[3244681.2700287313,3573299.190884282],[3244693.9390071426,3573308.076167429],[3244696.5080443006,3573314.692042381],[3244697.5392541923,3573322.07215628],[3244703.2743099676,3573329.595112963],[3244711.911781252,3573335.4237762],[3244724.9038846027,3573387.3656403855],[3244727.0700012464,3573392.9054482863],[3244727.604840952,3573394.2833662867],[3244733.495329906,3573409.358391279],[3244738.294037114,3573413.588952642],[3244744.225873213,3573418.8153470154],[3244750.475457588,3573424.19647645],[3244761.3912654226,3573421.876614636],[3244778.0390011678,3573405.1066552284],[3244796.1710131736,3573392.8088610093],[3244805.6830909047,3573379.0064090816],[3244815.3504098747,3573366.786170945],[3244825.3338494757,3573353.1367714233],[3244830.972497478,3573351.8080731584],[3244842.9262685296,3573356.6717773215],[3244885.1059505204,3573386.593188465],[3244894.816298944,3573390.3783340654],[3244913.079974133,3573397.3028553575],[3244940.3579047173,3573419.416063983],[3245005.73802912,3573427.121803964],[3245083.976630045,3573431.5923848883],[3245089.572714026,3573431.9157059686],[3245093.618777735,3573439.7105619246],[3245111.5433934387,3573474.245556395],[3245116.244154694,3573482.4027968333],[3245119.6990710744,3573488.385258074],[3245133.6031930484,3573512.5018604784],[3245163.8117522094,3573607.0554835442],[3245192.550899258,3573654.5068995017],[3245202.4107473446,3573690.746685675],[3245205.443337431,3573717.98697194],[3245209.3637061254,3573769.999418495],[3245199.2840461675,3573807.4006861057],[3245196.2951331055,3573822.3864473877],[3245227.5118075013,3573890.6305966577],[3245228.2812132128,3573892.3206392797],[3245251.77725174,3573955.943183148],[3245267.2042599292,3574013.476319408],[3245268.876447552,3574074.5483871894],[3245284.036575496,3574086.1883915574],[3245294.9838714153,3574093.1036651526],[3245298.374872431,3574101.0987767237],[3245292.6219395828,3574110.191850845],[3245280.4614865175,3574112.5859835395],[3245277.305558807,3574121.3198375124],[3245289.3266645875,3574124.308380481],[3245308.8210113766,3574120.152087203],[3245323.272795785,3574112.649050331],[3245342.778254239,3574100.373688513],[3245350.6551031675,3574089.99970895],[3245363.98640367,3574082.0030898936],[3245368.2124009966,3574086.2770600426],[3245378.58678342,3574108.802934002],[3245382.037626059,3574116.2903149375],[3245384.9944788236,3574159.9652682613],[3245376.674960053,3574219.9467530204],[3245365.028330754,3574237.7641071607],[3245351.711592247,3574246.664378449],[3245330.9854395958,3574249.9972317824],[3245321.7875466757,3574269.223987105],[3245345.1749483906,3574352.8020899314],[3245348.4224509583,3574390.5996775776],[3245341.0049173525,3574413.82701609],[3245319.6177428663,3574469.046671576],[3245318.1776809976,3574516.811645911],[3245307.3119081,3574547.1428868673],[3245294.0544036264,3574564.479289853],[3245295.955502568,3574592.1011174326],[3245295.2127960185,3574626.751976282],[3245329.7098684283,3574665.7054605065],[3245329.8194237547,3574686.321524553],[3245296.2685275795,3574722.5375006725],[3245294.6111529325,3574778.8380542086],[3245287.391550758,3574803.7068483047],[3245293.397930038,3574821.441083133],[3245326.681298551,3574863.056738231],[3245325.8768015895,3574873.4065402052],[3245324.1203477527,3574896.046662009],[3245311.9544796553,3574935.673882551],[3245300.5406729085,3574978.1548634497],[3245275.759682172,3575030.857842376],[3245275.0153062325,3575053.1103798174],[3245275.77381785,3575057.512387525],[3245279.6387717407,3575075.211633762],[3245296.3053678423,3575079.7454367927],[3245318.4218358956,3575070.458339004],[3245336.5898000346,3575072.135742871],[3245351.6602686564,3575088.331180856],[3245354.0001692306,3575132.79498172],[3245341.5731115877,3575211.3915038332],[3245338.5179363918,3575224.200452514],[3245335.03644832,3575233.470529083],[3245335.6135506257,3575242.174572999],[3245343.01271452,3575259.7183617502],[3245354.002618247,3575277.2885483042],[3245367.770574623,3575291.437312014],[3245370.6999530178,3575298.783423853],[3245367.410142135,3575315.5854861094],[3245353.5919902455,3575330.94213808],[3245338.365018987,3575352.5548233013],[3245334.1408702796,3575366.155924659],[3245336.9480349785,3575379.1218720786],[3245333.331891966,3575392.579709801],[3245328.743968222,3575400.1474041166],[3245328.544338587,3575410.9288068684],[3245333.30242831,3575417.4995440748],[3245338.7270665844,3575420.2623798484],[3245348.0229072343,3575413.651773095],[3245357.1145897266,3575409.6150289713],[3245363.5588967986,3575409.577439532],[3245366.6650500223,3575413.586963298],[3245365.928886039,3575420.591380375],[3245359.748932689,3575430.8303161245],[3245354.4497387893,3575446.7168170824],[3245354.665544213,3575485.5277669905],[3245354.561299631,3575524.1730686277],[3245345.919767982,3575563.6707396354],[3245340.7855400746,3575618.6559166084],[3245334.3804536886,3575623.4717937913],[3245327.0824823193,3575629.0606588786],[3245328.84996367,3575636.8068550327],[3245335.9874777314,3575643.9074638356],[3245342.101647535,3575654.3834586684],[3245352.541693664,3575677.1804914377],[3245365.1308882735,3575712.030859285],[3245370.027054952,3575736.5706570987],[3245371.9959009932,3575756.5307136197],[3245379.7507077428,3575790.143888555],[3245385.7794671776,3575812.4995098],[3245384.744257222,3575821.732811966],[3245383.0807374045,3575875.1654199525],[3245371.914156758,3575896.097234092],[3245364.2497127,3575911.7607148625],[3245367.35666242,3575919.9374767677],[3245377.867170633,3575929.8365616594],[3245399.273403067,3575947.064164769],[3245427.2844487336,3575962.3449505707],[3245441.4950491013,3576022.7824082123],[3245449.1939095147,3576050.645492836],[3245449.0105857225,3576069.482501783],[3245449.4169424893,3576087.790205683],[3245448.4284451343,3576094.65897616],[3245443.8657845547,3576098.5584962815],[3245438.183871176,3576097.9458474964],[3245425.914759242,3576096.1187942415],[3245416.021686772,3576098.6340378416],[3245408.3747229986,3576104.2133955825],[3245404.537762671,3576114.1759402067],[3245400.1621992085,3576132.646330986],[3245396.657670231,3576155.6529761367],[3245391.2751485184,3576174.5559028],[3245385.576413154,3576191.340566196],[3245383.3879354997,3576200.2487624106],[3245378.473211975,3576204.7480021617],[3245368.665161901,3576205.819766632],[3245354.74550857,3576204.2212508894],[3245341.1614068886,3576205.9190196134],[3245326.7132564937,3576211.3795188395],[3245318.8231868222,3576220.885419626],[3245317.1271640435,3576228.770633165],[3245314.759940819,3576243.2547618994],[3245317.5564743006,3576252.8249540795],[3245319.607175066,3576261.170292092],[3245314.3800533833,3576268.60197944],[3245306.2807000866,3576278.04246393],[3245300.412904325,3576288.150964339],[3245294.1339215506,3576294.785880115],[3245287.2588700308,3576299.9540028335],[3245279.428928424,3576298.320980549],[3245268.666559819,3576294.084214021],[3245259.214077562,3576292.741840861],[3245253.0541595826,3576299.6243007714],[3245248.9310740605,3576307.5650684824],[3245251.9206453674,3576319.971437668],[3245258.1780964322,3576331.5271179336],[3245260.7175502693,3576341.6745439386],[3245258.8387991404,3576349.465134461],[3245252.5150385564,3576360.438972653],[3245238.664876408,3576387.170691664],[3245237.87984915,3576413.003938703],[3245236.234608168,3576435.584248189],[3245231.5255107256,3576455.62627763],[3245229.2674272377,3576465.25143198],[3245223.4088317524,3576509.479118529],[3245215.506062666,3576538.471459846],[3245198.9797486924,3576569.577234948],[3245192.8848787164,3576581.1173119117],[3245175.7907813834,3576616.01953806],[3245158.420998281,3576664.7755122036],[3245153.5493976986,3576685.0857712817],[3245137.907737067,3576703.7677577455],[3245133.647347076,3576727.9408315253],[3245132.513336841,3576781.0895510195],[3245142.2703704126,3576980.31479448],[3245140.0842070007,3577078.3959326083],[3245143.432372231,3577125.195299399],[3245143.6876639468,3577165.3416804867],[3245147.355397571,3577177.2781822737],[3245152.3368637133,3577187.4582950035],[3245161.507526722,3577195.548420524],[3245163.862908654,3577200.5613247086],[3245163.075797421,3577205.9937556526],[3245135.1113192965,3577205.6532872044],[3245120.5838260176,3577199.8596785017],[3245102.6848450685,3577195.9403596953],[3245093.6258209273,3577195.7688968414],[3245050.7951391675,3577196.672808232],[3245011.50362184,3577173.8950145626],[3245000.9290527347,3577161.899647285],[3244987.0308201956,3577169.8271805225],[3244965.741812134,3577179.819280562],[3244893.9558188673,3577218.0131571046],[3244858.36100658,3577213.8711615056],[3244820.9503113166,3577246.5533192153],[3244784.4943500906,3577324.8899654937],[3244742.109549298,3577379.4244017433],[3244684.431854297,3577471.4719053805],[3244633.7645363347,3577557.7679443564],[3244594.8806479163,3577633.511842903],[3244587.8211011123,3577647.8645894323],[3244454.3665773114,3577910.3883394375],[3244452.9142869576,3577913.2455519657],[3244443.002688983,3577922.0143962144],[3244431.7363725957,3577927.141826055],[3244380.4323670175,3577939.330452623],[3244357.4132833937,3577943.6381808287],[3244341.5102118207,3578006.086146258],[3244300.2689398606,3578224.9836337296],[3244294.8700142843,3578243.802220286],[3244279.2375606606,3578346.98216153],[3244266.925172599,3578364.470590741],[3244250.764740159,3578424.523609774],[3244210.237794838,3578566.913595273],[3244210.6627584626,3578613.579046179],[3244208.65951805,3578637.6128758723],[3244205.6306588836,3578673.8989537377],[3244197.581726931,3578791.066451651],[3244195.62781489,3578819.4863327877],[3244189.1571484283,3578926.2922727945],[3244162.7435654895,3578956.9053468895],[3244084.566324372,3578944.834925688],[3243996.7348989584,3578931.267986098],[3243975.5570779266,3578929.4260631287],[3243747.7574391067,3578956.097883358],[3243738.7211210467,3578955.9015236786],[3243640.2396664415,3578966.9371646307],[3243607.3044259036,3578973.3974896055],[3243604.148103405,3579040.9590815026],[3243528.877655026,3579087.8276821403],[3243473.9007485462,3579179.5414914046],[3243429.6843428826,3579255.2333555333],[3243425.271834886,3579331.188138402],[3243419.2477284633,3579336.561702008],[3243413.620069572,3579341.1870854697],[3243388.4139935025,3579419.9891915857],[3243319.389799226,3579389.6020033956],[3243314.9426378263,3579387.656072516],[3243298.1848374065,3579380.271776459],[3243268.7269479325,3579335.22908129],[3243250.6897756374,3579294.5834607426],[3243239.811988282,3579273.569032004],[3243233.7859965265,3579258.412311942],[3243229.690751035,3579246.5885393685],[3243216.3162937514,3579238.427692847],[3243204.253733121,3579229.658250952],[3243200.660803737,3579227.3152714763],[3243187.94625959,3579221.053904786],[3243176.694703929,3579216.6399657577],[3243128.792819132,3579212.5754336365],[3243083.6492185323,3579210.213317594],[3243063.654332334,3579210.1973592653],[3243043.0065182312,3579218.9364248184],[3243032.2608592864,3579229.652330535],[3242999.3507504677,3579278.092758923],[3242965.16736417,3579335.40085003],[3242946.244622943,3579348.8770332984],[3242919.831843679,3579362.6428540894],[3242883.074043955,3579379.4403904434],[3242877.962211417,3579380.7064174525],[3242850.5151863107,3579403.3064917875],[3242824.8872873373,3579433.1128333025],[3242813.8807541206,3579452.595295792],[3242807.129608062,3579459.990532338],[3242797.9655189086,3579462.088542073],[3242782.6739183236,3579467.8631846076],[3242775.857173102,3579475.767766103],[3242772.57444086,3579478.817645954],[3242771.6497429525,3579484.019924804],[3242755.856408702,3579589.18401773],[3242754.073327033,3579597.2878179657],[3242753.0372862816,3579599.9212866155],[3242747.625433962,3579603.290974182],[3242723.8722936125,3579685.1900739158],[3242730.781221762,3579702.7788523957],[3242736.0329997772,3579704.258364595],[3242733.782994042,3579717.8007710436],[3242728.7750934577,3579795.232699743],[3242715.9027473535,3579849.078154625],[3242713.373106353,3579868.1986599267],[3242697.698514688,3579986.8288778034],[3242693.9991868376,3580036.817222402],[3242685.3426144333,3580061.7390911896],[3242676.80689504,3580082.7970469533],[3242664.0289665936,3580112.207671771],[3242649.7670772085,3580115.6499073184],[3242646.4785335604,3580115.899519875],[3242602.2467719857,3580119.184892782],[3242564.3442968186,3580122.75340176],[3242529.7553531057,3580126.0091989934],[3242466.2884798404,3580131.6413282333],[3242445.842583921,3580119.8389468836],[3242430.8311075973,3580101.8246123004],[3242400.501426031,3580036.505666275],[3242398.9513828782,3580033.1747400784],[3242359.9883104516,3580069.9988302696],[3242315.5533149736,3580105.706574714],[3242227.6836117306,3580178.7015884826],[3242176.8378301393,3580212.3223777376],[3242067.593946337,3580272.9475954394],[3242032.9205665076,3580283.128996488],[3242010.754907303,3580289.351247403],[3241991.239991815,3580286.241612803],[3241956.6821402265,3580289.712791952],[3241945.285910719,3580290.37760817],[3241924.0910515273,3580294.6479591304],[3241889.7283130316,3580294.3182889875],[3241856.8799928925,3580299.0162504534],[3241830.1560437917,3580298.015684088],[3241810.8774394584,3580297.296860981],[3241780.7482429887,3580305.6581018283],[3241766.7305119354,3580313.593077339],[3241755.306224461,3580314.448749346],[3241719.0760315964,3580310.106706195],[3241696.5740203527,3580293.511390185],[3241655.1264378265,3580257.5841038628],[3241610.9459422473,3580254.5163987577],[3241558.352410497,3580228.004213873],[3241553.371916467,3580214.621870079],[3241543.0070144185,3580210.932161453],[3241528.846171286,3580195.210370552],[3241508.886618997,3580182.1019146233],[3241499.3052158486,3580171.451220689],[3241492.8852334693,3580170.203763336],[3241478.195393063,3580172.7519765976],[3241446.272816326,3580155.7009326234],[3241438.283304939,3580147.8544206517],[3241419.5888527683,3580134.951945505],[3241410.103698996,3580122.131057404],[3241415.386451767,3580113.4958736286],[3241406.6275148317,3580107.577156182],[3241393.6810054705,3580090.086589438],[3241365.2329180026,3580071.0761800166],[3241355.12513273,3580063.260527462],[3241355.195043223,3580061.314655583],[3241355.6771175405,3580047.5230227774],[3241355.4133039513,3580036.652708868],[3241348.87317337,3580024.6618256997],[3241342.807166528,3580024.8695411934],[3241334.175204158,3580013.075454986],[3241325.3334428733,3580010.6446101777],[3241300.611576258,3580009.643240729],[3241291.7691986505,3579996.9688200746],[3241294.187996813,3579985.3253686517],[3241272.1370072076,3579971.162474312],[3241240.1688908134,3579951.3554090858],[3241212.268710102,3579929.356255688],[3241195.4324892815,3579921.6643821457],[3241153.9161580987,3579910.8832781375],[3241137.3808083693,3579893.8755760235],[3241127.325913674,3579872.2667263364],[3241115.6488621733,3579867.5103546763],[3241110.9311600137,3579863.8503576433],[3241107.0600516787,3579852.766313599],[3241101.1582404524,3579842.163252471],[3241102.6970477514,3579831.956862877],[3241089.7514763456,3579794.415137397],[3241082.256453241,3579784.8095834153],[3241086.970570939,3579775.0799070513],[3241086.30796868,3579753.0839310326],[3241093.5548301376,3579734.7614314537],[3241104.214795364,3579723.0033863415],[3241098.271961297,3579701.95946596],[3241098.6324009136,3579700.0825730613],[3241100.397969145,3579690.93646907],[3241099.4067443046,3579664.4017511774],[3241086.357940208,3579637.9551479323],[3241093.2403703793,3579597.566189817],[3241089.6207110947,3579551.6601901287],[3241102.3491108497,3579520.6588739865],[3241097.8565048296,3579502.131025933],[3241092.6383973816,3579480.593909872],[3240875.2539626863,3579384.6263601114],[3240686.569442163,3579298.9211285757],[3240661.2629730646,3579287.8279761667],[3240652.809206174,3579278.495801289],[3240644.9620984783,3579271.087084525],[3240630.027611601,3579259.0296675647],[3240627.509901804,3579254.2285301234],[3240626.415449785,3579247.941752933],[3240625.8586374423,3579242.813843075],[3240627.372122041,3579238.9640200934],[3240626.579087494,3579233.7427809555],[3240588.718508159,3579194.8461637264],[3240569.1496037813,3579178.1676592673],[3240560.1972958148,3579162.44204004],[3240520.300825146,3579157.8611157867],[3240508.900079458,3579153.040164093],[3240496.266339232,3579144.06691889],[3240489.0151217678,3579143.545617371],[3240483.0889454596,3579138.8056536717],[3240477.9542553835,3579132.454082527],[3240479.337535289,3579122.5483044693],[3240476.3190114712,3579107.67918006],[3240468.181837113,3579097.7438720223],[3240465.27104492,3579087.465958827],[3240466.0985898874,3579074.5910675447],[3240470.2316626552,3579059.210278973],[3240469.0086292317,3579047.1543255923],[3240467.240241062,3579036.9847087422],[3240461.9695534045,3579015.26475168],[3240461.0841800477,3579011.615774715],[3240455.7835680344,3578983.1960109863],[3240445.7994500017,3578937.4994432554],[3240441.5500594643,3578936.3357659047],[3240435.5373067856,3578935.9344487577],[3240431.293747459,3578932.277278648],[3240432.35312098,3578926.582647462],[3240433.267342278,3578918.7977942014],[3240432.649924081,3578908.2406148366],[3240427.273928999,3578905.104426812],[3240421.4296360454,3578901.6313132877],[3240415.6102155987,3578896.1080838563],[3240417.4001531154,3578892.4912896063],[3240416.432346249,3578887.518167877],[3240411.659763066,3578880.9200129826],[3240404.3546822667,3578879.699458807],[3240401.703749498,3578875.1251554685],[3240396.9342101444,3578872.1209131293],[3240388.8244852303,3578873.1008168906],[3240382.542570687,3578867.377120339],[3240375.881128655,3578861.548124407],[3240376.538505259,3578853.835592257],[3240372.4810603242,3578831.345800305],[3240366.546733337,3578786.2859346317],[3240363.785299385,3578765.2461710023],[3240373.077916866,3578738.0197037277],[3240368.512783175,3578717.993043547],[3240358.8063216126,3578703.6750307577],[3240364.7464733645,3578694.090604367],[3240359.3669676324,3578673.7056576246],[3240336.4954914055,3578658.016700964],[3240328.2918183813,3578643.0210514325],[3240341.907826582,3578601.9879948525],[3240332.945341054,3578574.0798903457],[3240308.707142368,3578567.362557322],[3240285.2264052476,3578567.1727587073],[3240283.969058234,3578557.490713237],[3240265.942457691,3578554.607489341],[3240239.9595618965,3578554.356197584],[3240227.532980815,3578551.432347055],[3240143.2658986636,3578584.0005439557],[3239976.9693521447,3578696.250358617],[3239944.2161374018,3578718.3585190587],[3239916.5891856123,3578788.9806595696],[3239909.713630859,3578805.2765466305],[3239906.4558737306,3578808.15052642],[3239900.0934834247,3578813.6439866736],[3239887.717913099,3578823.8820454413],[3239869.807296985,3578875.261510306],[3239854.8524338733,3578894.6214255197],[3239724.765360864,3579134.902234254],[3239605.305321721,3579176.0127249346],[3239597.042836281,3579178.9254030464],[3239551.5715696444,3579194.9692095835],[3239509.5075975023,3579144.418973855],[3239464.6769675496,3579089.908076313],[3239452.2689550016,3579073.9809298743],[3239416.392298555,3579025.8800019254],[3239314.270740048,3578888.069720544],[3239211.908442244,3578786.7254479877],[3239185.085591149,3578813.462920034],[3239129.346739758,3578840.605601041],[3239085.180593906,3578864.245533875],[3239046.380508107,3578900.418235961],[3239026.886087193,3578934.9741613115],[3238997.830662078,3578970.2023035684],[3238934.4558410747,3579091.135093209],[3238930.875729262,3579097.968523432],[3238921.0476676114,3579138.960621948],[3238910.332439302,3579160.8218324604],[3238906.332020773,3579178.4709821884],[3238895.69313927,3579225.3754631765],[3238896.378388219,3579243.5206970684],[3238906.438287977,3579296.7575826375],[3238908.171750319,3579308.1073504896],[3238923.316072903,3579385.130077925],[3238924.636667468,3579422.9140519043],[3238931.5915383454,3579447.140394634],[3238958.039411571,3579496.9706599065],[3238962.6162968567,3579510.5629742043],[3238965.312771922,3579523.3381224074],[3238964.9232355854,3579589.3687583813],[3238963.3616205743,3579605.7501338767],[3238964.7549197506,3579617.8008538024],[3238959.745595865,3579654.135294134],[3238954.322231595,3579679.1858914737],[3238950.3608765462,3579692.886419152],[3238945.4736395306,3579701.098384952],[3238919.100258958,3579728.812496691],[3238875.8944278937,3579774.212690006],[3238847.5350822126,3579808.038240553],[3238837.9378979467,3579829.221490955],[3238825.823833909,3579876.8104202077],[3238807.9937207596,3579913.478113196],[3238804.9661777844,3579919.9051255845],[3238790.121266684,3579951.419442933],[3238785.887200768,3579973.638551185],[3238801.2046539504,3579999.6700921007],[3238808.625114259,3580026.3931525173],[3238809.878141078,3580044.86331645],[3238802.944924807,3580059.269687476],[3238797.874875931,3580071.7406663136],[3238798.207342581,3580090.888798954],[3238801.257199402,3580105.1077161725],[3238803.0627903747,3580130.4644982535],[3238807.416561545,3580185.423798892],[3238800.2596248426,3580210.369830234],[3238798.8059311854,3580215.355148065],[3238784.483966618,3580275.5979210744],[3238781.315236176,3580307.9015000686],[3238778.602511947,3580350.652263874],[3238786.192867385,3580433.3051122124],[3238781.6916817836,3580445.0210202886],[3238754.3943139664,3580519.7961883997],[3238740.3247755477,3580560.672187633],[3238724.723538554,3580590.655865597],[3238605.936118335,3580768.051561564],[3238604.797772818,3580773.5135254064],[3238567.8967747553,3580957.690381134],[3238351.617823799,3581001.1790022575],[3238247.430578971,3581020.713510629],[3238195.646876947,3581025.595327435],[3238149.712825236,3581026.296797194],[3238035.0576187046,3581036.5727411206],[3237986.4287727736,3581046.9788757428],[3237903.5254585976,3581052.0451896787],[3237900.839057436,3581080.8024347816],[3237895.946251982,3581101.2739107283],[3237871.8727182755,3581127.923210945],[3237855.5400180854,3581138.3979202243],[3237821.7559389416,3581216.391381845],[3237810.5553781656,3581269.996231548],[3237798.7471819595,3581308.9624200393],[3237782.6786205256,3581314.4011478685],[3237738.7733015493,3581316.060951139],[3237699.1041817083,3581313.3371565603],[3237647.973800158,3581299.0257046055],[3237599.3405222106,3581277.734505937],[3237576.6418138384,3581266.0037433133],[3237556.075259443,3581234.813104845],[3237478.5562460595,3581209.2820627484],[3237449.388371818,3581202.857385876],[3237407.7281056046,3581206.111264807],[3237375.2180536664,3581209.751499184],[3237347.494888531,3581222.4541169805],[3237323.567123265,3581238.941126719],[3237313.9533029487,3581257.9175035935],[3237267.022391064,3581317.069278697],[3237275.964046865,3581388.6890731016],[3237277.325295857,3581399.5766185564],[3237267.086700199,3581431.050308247],[3237270.783540101,3581460.9562117597],[3237279.5317769023,3581483.9978284715],[3237291.13017182,3581526.6705973325],[3237224.5471911444,3581594.161582062],[3237226.946760245,3581629.5797000085],[3237228.130319156,3581646.9422683967],[3237195.5451639933,3581692.334851917],[3237132.818722672,3581761.7024196666],[3237102.184500985,3581804.7712301626],[3237097.615579038,3581812.6124197277],[3237067.331537366,3581870.3708470017],[3237002.6465090513,3582003.0079616522],[3236990.8297147024,3582041.5329176206],[3236977.4180136253,3582092.935543457],[3236964.151591786,3582122.7421563026],[3236919.748109339,3582179.990765956],[3236916.567339518,3582186.399299339],[3236912.068694707,3582193.638321496],[3236888.3870209083,3582234.711269163],[3236853.95275243,3582275.425164639],[3236850.8105193665,3582281.882059919],[3236842.6428639917,3582290.0401793513],[3236775.9260958266,3582365.5813910016],[3236698.428876357,3582450.857987689],[3236660.0334529914,3582494.573263392],[3236636.6655152114,3582514.356454767],[3236624.2126557813,3582525.0399583173],[3236611.7876040293,3582531.5239274097],[3236587.8467885586,3582537.1992077213],[3236516.9201028133,3582559.319928076],[3236493.208842336,3582566.2851641225],[3236464.430138005,3582574.85889034],[3236434.4096699064,3582582.797920564],[3236414.173134344,3582582.606709508],[3236401.952895004,3582584.6542769163],[3236395.572401729,3582591.0095621394],[3236376.0388634494,3582609.7782535707],[3236361.9735106044,3582622.845432857],[3236352.3760112533,3582636.204546022],[3236347.925864077,3582645.087188215],[3236344.8464618856,3582655.6423684116],[3236348.2334514167,3582665.6000438775],[3236354.7541354415,3582672.548567018],[3236359.6267463304,3582684.852177227],[3236360.1178661208,3582700.8411064316],[3236361.882702595,3582713.172365179],[3236368.192860764,3582721.5265671853],[3236374.9547343696,3582722.8001558515],[3236383.7800468532,3582720.699074608],[3236390.498126643,3582720.7883838722],[3236394.9752741014,3582725.4893549504],[3236396.8221257767,3582734.182436462],[3236401.7515319725,3582745.748805112],[3236410.1250415286,3582750.7283866205],[3236415.706479081,3582759.0263509946],[3236415.3886976177,3582769.6707319305],[3236403.3260473385,3582782.169237202],[3236392.7039164975,3582796.714294833],[3236384.301246651,3582809.536261159],[3236376.315772838,3582820.0877395393],[3236370.784022783,3582826.94186161],[3236362.0090513774,3582830.225770384],[3236354.1073318133,3582830.1885951273],[3236349.1129315738,3582834.2151852376],[3236348.3398141274,3582838.982889119],[3236346.3356958246,3582855.6004164405],[3236342.495056985,3582869.4960639225],[3236338.0626248065,3582879.9254504875],[3236337.844261644,3582891.5112126386],[3236339.7030714257,3582898.639115434],[3236345.146593868,3582901.0191507647],[3236351.505965763,3582907.01806479],[3236354.4323870298,3582915.224364433],[3236352.545527666,3582925.288913165],[3236351.0590374665,3582935.016896814],[3236350.541061578,3582942.905991039],[3236354.9556541643,3582955.2497028653],[3236356.608572985,3582967.113658836],[3236353.0793043165,3582992.239226829],[3236350.461595061,3583024.833139223],[3236350.4416788677,3583039.0253622527],[3236347.4151377575,3583050.326286822],[3236338.2654200434,3583058.0305145066],[3236286.4405744085,3583073.977730129],[3236227.662196869,3583097.06118723],[3236192.0552441776,3583108.883445252],[3236152.4560955483,3583124.172621121],[3236124.087279449,3583134.2717342977],[3236107.6886330065,3583147.0459524165],[3236094.629804332,3583160.5642231335],[3236091.509806663,3583165.4085235167],[3236087.2525030687,3583180.3459682083],[3236086.014313707,3583188.0161860357],[3236094.6919173114,3583260.357516353],[3236082.6795469373,3583318.4531246987],[3236055.958841905,3583406.1416634275],[3236059.6603162,3583465.4117319845],[3236082.9410526976,3583520.006744674],[3236090.7949089687,3583557.2300657774],[3236089.9276032513,3583589.833118083],[3236098.426259728,3583615.805343104],[3236145.391121038,3583662.484477379],[3236169.8780371747,3583687.669974019],[3236197.880326316,3583707.101368742],[3236221.1013776665,3583734.863139377],[3236232.7220772263,3583757.8401558055],[3236238.846243559,3583778.909630227],[3236235.0100030378,3583826.1891072975],[3236247.963759601,3583871.3192589213],[3236256.9553593947,3583900.930700101],[3236271.9713938236,3583925.2473011557],[3236293.7658156073,3583951.579739099],[3236300.3467311235,3583959.754239309],[3236324.8985414524,3583983.074978473],[3236330.4271008526,3583991.7643553913],[3236336.678488968,3584008.3576677386],[3236337.3140850975,3584014.8693494583],[3236332.8436408597,3584017.036894762],[3236316.13013524,3584025.118707365],[3236293.543821357,3584038.597182148],[3236271.665888665,3584052.4929708736],[3236255.8637800766,3584066.4811357763],[3236235.386908262,3584088.682507127],[3236225.5299429274,3584103.4145349283],[3236213.79831732,3584120.1325486414],[3236208.021874618,3584132.3532782793],[3236205.1425482836,3584140.3915381776],[3236204.232733399,3584142.917371691],[3236203.4756198404,3584146.7739210958],[3236201.625842657,3584156.2327312217],[3236195.5293762423,3584173.3777333563],[3236187.4672095357,3584192.518926937],[3236174.995071562,3584212.687679881],[3236151.43368333,3584250.21450936],[3236132.1962165665,3584281.070799249],[3236120.1276921937,3584298.3290837784],[3236104.415266045,3584321.8320162715],[3236094.53381964,3584333.7328438936],[3236082.0243492597,3584344.9846081496],[3236066.80941212,3584353.124316862],[3236053.4219557187,3584359.4156395667],[3236032.1706248214,3584369.1544782305],[3236016.522342148,3584376.8806649763],[3236001.6589958556,3584385.982310176],[3235995.131134683,3584393.6264501405],[3235988.819086774,3584403.2526195548],[3235986.9909853498,3584406.043297121],[3235977.451787673,3584425.204012234],[3235965.8228783086,3584448.929566717],[3235957.2745788265,3584463.8448397247],[3235938.454212697,3584489.7551055085],[3235915.3298515733,3584521.4128246354],[3235907.769628688,3584532.2097534062],[3235906.6507696165,3584533.8090206315],[3235902.5471260957,3584534.970691713],[3235896.339345444,3584535.9674369013],[3235880.4645482157,3584537.9121518694],[3235863.6440597493,3584535.728162726],[3235679.229489037,3584436.300849823],[3235581.0988230202,3584454.588893353],[3235465.394802588,3584492.129979948],[3235388.569145157,3584465.535240347],[3235415.2894665874,3584546.6977925417],[3235403.837511854,3584604.516475392],[3235405.1275601583,3584634.9413343705],[3235449.058118847,3584737.2416524068],[3235458.5976954456,3584755.93435084],[3235495.775009587,3584793.8993919515],[3235527.3569966294,3584831.130489214],[3235570.5652953405,3584898.597153338],[3235564.2173953764,3584946.823480397],[3235552.4174634847,3584994.21272418],[3235540.5463024275,3585031.830670867],[3235537.661734868,3585048.0051810495],[3235543.216482467,3585074.5755891646],[3235539.9057593513,3585089.7832569815],[3235531.09929191,3585125.0852843705],[3235523.2922798535,3585199.486679274],[3235521.437166035,3585215.6341355247],[3235514.3299868824,3585229.94330236],[3235498.0903612087,3585251.473458805],[3235483.107959146,3585270.980636471],[3235477.2309831693,3585279.3211277244],[3235475.9427283537,3585282.07540679],[3235463.3475395255,3585277.760110951],[3235453.344001912,3585294.5523055308],[3235449.5206362614,3585303.5980408257],[3235443.0270839836,3585339.176348702],[3235445.3225309006,3585367.6613749103],[3235447.582697898,3585381.529492188],[3235452.8488552673,3585389.7865975983],[3235451.5772135477,3585411.551013695],[3235457.3806858277,3585431.3182204897],[3235458.377726594,3585476.2891945094],[3235448.4748688713,3585495.0796083384],[3235432.238050073,3585509.1993960706],[3235414.235966919,3585525.3946139016],[3235413.9374104924,3585527.430411743],[3235409.0760570955,3585560.5403381204],[3235413.6066175452,3585589.2047976097],[3235432.514827309,3585618.5997274523],[3235446.08059249,3585632.506307373],[3235450.3314286796,3585644.095998423],[3235443.2175077815,3585669.3676395905],[3235443.1759412596,3585686.6339149824],[3235453.8591662506,3585710.3845214215],[3235467.569753046,3585733.5855607027],[3235466.670294253,3585753.227809887],[3235473.633080696,3585794.168382263],[3235471.439878267,3585809.764852101],[3235468.141001586,3585833.288115328],[3235466.1287502768,3585883.928690089],[3235475.3346379045,3585923.3348468337],[3235493.35455288,3585964.3385736444],[3235511.537903949,3586010.7146273637],[3235523.9567335285,3586029.685541279],[3235531.4932440715,3586052.934225951],[3235541.237726442,3586067.9243367934],[3235592.330275044,3586136.8755596713],[3235601.7109082444,3586160.4887358886],[3235608.841815468,3586186.5225549997],[3235608.2541858284,3586213.650133555],[3235597.2012279537,3586251.970415255],[3235582.4114609323,3586288.3326445827],[3235565.3883785736,3586314.5773211783],[3235545.8949275063,3586344.6281657876],[3235492.103303035,3586416.9238956315],[3235447.577788236,3586479.7840601355],[3235438.1218812857,3586524.1468737912],[3235419.735651737,3586609.139850378],[3235410.267272427,3586676.759922839],[3235397.18431126,3586739.153120634],[3235390.427551342,3586757.228822517],[3235390.155795014,3586810.993998197],[3235393.8189707557,3586850.332271004],[3235390.811052081,3586875.464296547],[3235355.9742018776,3586898.5727397273],[3235347.369596475,3586912.4363365127],[3235333.4590594023,3586940.077526953],[3235331.1873237053,3586942.182015078],[3235318.016875766,3586954.38903687],[3235311.712764892,3586969.013717625],[3235309.7935156426,3586985.096975658],[3235312.8858844014,3587012.818110174],[3235322.6415061783,3587060.2047084514],[3235339.1534249936,3587110.6900378787],[3235349.6310208375,3587150.6431835457],[3235336.0439599436,3587172.658167406],[3235315.2877058648,3587221.6256445525],[3235305.348398775,3587261.0959818033],[3235297.0286769643,3587274.9724232117],[3235287.459221037,3587278.49647153],[3235258.1068848185,3587273.9645592985],[3235244.9868855868,3587278.163521567],[3235232.71228695,3587286.5957012726],[3235209.714683658,3587318.393817663],[3235211.6897657225,3587347.0711008785],[3235214.737794003,3587384.4770722245],[3235227.51494358,3587425.708345911],[3235281.0495132823,3587506.814042106],[3235287.386815531,3587545.2619329877],[3235288.766785051,3587573.047156998],[3235292.947040621,3587603.588041101],[3235299.47150639,3587653.963224548],[3235305.4564646455,3587680.4888026314],[3235320.5136488574,3587706.3662232026],[3235330.8329241686,3587735.8903503213],[3235335.439186329,3587749.061049565],[3235322.736265339,3587819.5578579027],[3235321.9741939264,3587854.5296178367],[3235326.2642489513,3587904.633790994],[3235342.6493526073,3587962.042922578],[3235356.309176419,3587988.3571250215],[3235386.7424804987,3588020.859966657],[3235396.8266863422,3588053.955934708],[3235426.347880191,3588158.2209393983],[3235424.0371622965,3588244.885403294],[3235423.102625726,3588251.209283621],[3235430.9217273267,3588274.89592282],[3235432.105752982,3588301.5560662393],[3235436.50370586,3588320.073086752],[3235431.9268034366,3588330.4027453456],[3235435.33142306,3588398.8141153217],[3235450.0700305686,3588439.565839305],[3235495.4976679343,3588510.8405405544],[3235549.2901572697,3588583.198550135],[3235672.145053802,3588676.8554286063],[3235663.0758375814,3588819.0744633367],[3235578.131721076,3588829.634815694],[3235549.6736046295,3588836.931239524],[3235520.69537192,3588851.383525852],[3235510.7185300505,3588861.7955320026],[3235489.8200506745,3588890.1179659897],[3235476.5197163774,3588903.3338992717],[3235440.845703386,3588930.4262585077],[3235421.83130728,3588943.7537905555],[3235400.7064480204,3588954.9425372146],[3235364.005488272,3588968.6196970465],[3235349.2954238206,3588975.979736643],[3235327.1188985575,3588996.910336598],[3235312.6980769415,3589029.559102817],[3235297.4224151867,3589059.9877185263],[3235288.302031261,3589113.477581778],[3235280.976755555,3589127.2443672246],[3235231.3585266825,3589180.3829482202],[3235205.5482501425,3589285.9077923577],[3235204.0075740525,3589292.204316891],[3235199.5301046767,3589344.1728843753],[3235201.7163632475,3589365.9410826704],[3235222.3998917136,3589428.9995338083],[3235233.641062349,3589470.6778049385],[3235222.430090973,3589504.8592893095],[3235183.9110845383,3589556.108358878],[3235158.402265829,3589595.9674411635],[3235110.2175513487,3589655.6035813037],[3235099.2278710064,3589672.5211157883],[3235045.3806286254,3589632.2957471483],[3235025.75813336,3589602.523172624],[3235018.584878334,3589591.562713828],[3234997.8086252846,3589562.1001609345],[3234970.2350421906,3589537.8112464016],[3234942.7084840164,3589485.3492956767],[3234911.865711613,3589474.7559784073],[3234879.4142279364,3589485.5507305902],[3234815.148733611,3589515.491403108],[3234798.5174303325,3589537.7787347017],[3234781.8058035215,3589571.4490487156],[3234777.1928879004,3589601.8620403493],[3234772.874404344,3589619.5081841885],[3234774.3020468587,3589641.9405638035],[3234770.431317699,3589647.4841178716],[3234751.397606426,3589642.1833926407],[3234724.3637282243,3589633.7954591024],[3234704.4509025672,3589621.385658792],[3234697.080503832,3589613.7932250374],[3234694.2652494954,3589610.892262547],[3234681.5470958054,3589610.27636909],[3234656.7966360766,3589607.846732521],[3234632.7309112707,3589600.5311801103],[3234570.2731712926,3589585.427632219],[3234504.7954838118,3589569.0699523566],[3234469.9797091037,3589569.390594557],[3234450.4880988756,3589577.4256242923],[3234435.328064306,3589575.6817077533],[3234397.91402533,3589571.372590488],[3234397.3553406456,3589576.0332695832],[3234397.3239568835,3589579.7521465835],[3234388.941586641,3589578.985796187],[3234357.546503719,3589574.916453859],[3234312.6300540483,3589568.28705564],[3234312.8417962724,3589570.1898261476],[3234273.3545614453,3589566.836643799],[3234233.3876600703,3589565.1496047294],[3234233.1192546673,3589589.0104536302],[3234246.00655216,3589708.602838923],[3234248.0227093445,3589781.4991420796],[3234254.795310538,3589830.5995937563],[3234261.151322581,3589852.6131390682],[3234280.035529211,3589897.5437442106],[3234291.267224846,3589931.445291007],[3234293.4132074323,3589940.4005996245],[3234291.548669822,3589949.8317316608],[3234299.2153125005,3589963.798978787],[3234303.6315415064,3589978.5430013156],[3234301.92761124,3589993.7614232046],[3234294.08193832,3590005.931846985],[3234283.554954688,3590015.204014063],[3234261.108692729,3590025.842503547],[3234247.8844829323,3590034.2541337884],[3234231.004934923,3590037.472426674],[3234102.330234052,3590038.8916408615],[3234032.8831673367,3590021.1577093257],[3234005.3820740636,3590025.6173603013],[3233966.6216914807,3590014.33766919],[3233917.4987061354,3590024.8284967197],[3233903.965939657,3590027.6155935917],[3233883.2205083603,3590043.284610294],[3233867.6415669573,3590056.3511568005],[3233864.8954076767,3590064.005587324],[3233864.808418229,3590079.113776652],[3233858.065610492,3590119.013160015],[3233846.87206784,3590119.735938071],[3233828.9315723414,3590154.694294511],[3233823.2696077223,3590160.609889768],[3233775.4542717505,3590193.725790569],[3233728.721287074,3590227.4798448347],[3233707.100114736,3590247.0940226023],[3233692.598777099,3590262.408832091],[3233669.6714945375,3590273.64845036],[3233637.6158886817,3590277.6256024456],[3233613.8225575294,3590270.503227728],[3233584.0934004127,3590262.9045087956],[3233550.119273117,3590260.343034519],[3233520.8702000626,3590266.131817253],[3233498.4469141485,3590274.2871350385],[3233487.875412825,3590280.021577648],[3233480.6247588275,3590296.2804821935],[3233452.132900127,3590321.193699346],[3233474.3657741155,3590340.8230952043],[3233479.900031295,3590345.5551999416],[3233484.3948653564,3590351.6505536293],[3233484.7531289,3590357.643645844],[3233480.843636647,3590365.507850687],[3233467.7197232675,3590377.2881912338],[3233455.365891565,3590388.7464984],[3233449.994494833,3590398.5461999997],[3233449.0750873145,3590403.7532581873],[3233450.302080255,3590407.343767537],[3233455.0714097414,3590411.063723607],[3233465.6272600954,3590411.710412791],[3233473.59443116,3590410.896414103],[3233479.7804672215,3590409.589163776],[3233485.331513837,3590412.731470234],[3233487.6572704697,3590431.606622067],[3233490.243093623,3590437.34270587],[3233493.044578134,3590446.1298020063],[3233495.62625146,3590452.5678353533],[3233495.625129297,3590458.2332126875],[3233492.060169768,3590466.141433638],[3233487.3951014364,3590475.8526020027],[3233487.1611086885,3590479.861509729],[3233488.4242148176,3590483.684695342],[3233491.929676721,3590485.431728435],[3233500.2723518033,3590486.699741708],[3233507.4161408963,3590487.231815958],[3233518.9913696363,3590493.403280112],[3233533.639404945,3590499.529276061],[3233540.3100999705,3590503.771253043],[3233543.338775155,3590509.2405484193],[3233546.319298505,3590522.2824861878],[3233551.978843726,3590560.64199592],[3233560.2706077397,3590575.860921357],[3233561.7919014236,3590583.575285476],[3233563.7370615387,3590588.7866356643],[3233564.8344959337,3590599.004012312],[3233565.058452917,3590607.0401633508],[3233568.641374898,3590614.778528369],[3233597.6390910437,3590635.007849743],[3233609.9274590737,3590649.087063845],[3233633.4303377597,3590687.648961244],[3233633.7226202018,3590698.070381793],[3233630.2188434806,3590701.9994718637],[3233624.058099216,3590706.230797253],[3233612.115912781,3590712.005781317],[3233601.752947145,3590716.5527495425],[3233593.748035159,3590718.8120851335],[3233590.086996535,3590722.089367986],[3233589.3802239387,3590725.5218814216],[3233592.605491937,3590731.8059833543],[3233593.083142094,3590738.735771469],[3233592.670285813,3590746.2347761136],[3233608.2983460454,3590770.833854217],[3233616.596010795,3590783.2015816774],[3233620.80523202,3590797.2136613997],[3233621.5985794426,3590805.423885524],[3233610.731504819,3590820.824139572],[3233580.954240769,3590837.7943089805],[3233570.5395596065,3590847.3524421635],[3233561.971522751,3590860.938949822],[3233561.454778539,3590880.9766762275],[3233559.137025547,3590894.768859612],[3233558.0739274723,3590899.8494271184],[3233555.041334915,3590909.158699815],[3233548.9722141745,3590919.768877978],[3233546.3432050226,3590924.3621880612],[3233543.3478805088,3590929.5947004426],[3233538.59832227,3590937.901294767],[3233534.6841255636,3590943.7787906197],[3233527.0102650058,3590953.9340373427],[3233516.7294316436,3590957.6573438253],[3233500.876673417,3590957.8183172066],[3233477.485018717,3590956.2779760384],[3233467.140049923,3590956.500434208],[3233458.744950259,3590960.542680784],[3233429.3235076936,3590983.7377808574],[3233418.9531335873,3590987.9194249916],[3233408.1542921043,3590987.5611369447],[3233391.6866563354,3590979.147733896],[3233383.5279103424,3590979.192092376],[3233373.148390176,3590984.663053941],[3233367.1459680023,3590993.556945149],[3233356.7068711747,3591000.329234794],[3233346.840287487,3591009.998282794],[3233346.23774291,3591022.1278649014],[3233354.723782561,3591029.853670308],[3233367.1372952424,3591041.075474066],[3233372.7915196763,3591051.6966256485],[3233364.5879151626,3591063.415443973],[3233349.5830293642,3591065.23575043],[3233336.132024363,3591053.365898696],[3233331.2208934193,3591040.349154336],[3233327.4307075916,3591031.9480230296],[3233323.2051934293,3591025.420710254],[3233313.9345794003,3591016.905899998],[3233299.5351192923,3591014.1573114023],[3233289.1954849577,3591015.2867283467],[3233280.5957060084,3591024.7562796157],[3233272.7063495256,3591026.414128205],[3233265.223567958,3591039.293692218],[3233263.344220509,3591055.256699512],[3233266.8876899183,3591069.9336666074],[3233273.18044712,3591082.42445222],[3233286.563239468,3591085.6345063574],[3233290.772582889,3591093.946820416],[3233283.12665609,3591100.6485995506],[3233268.852469813,3591101.8462005383],[3233248.3476899317,3591100.983860619],[3233236.0948330616,3591112.350413448],[3233235.8391391337,3591118.616945963],[3233239.321673572,3591127.539822077],[3233233.57899614,3591139.359627772],[3233223.189588204,3591150.6480852286],[3233210.3166517303,3591158.86510706],[3233182.290985018,3591174.8680731463],[3233129.6862297403,3591194.638819405],[3233057.5282292273,3591269.445763141],[3233008.9244997185,3591308.819129803],[3233000.1914140917,3591326.2161481054],[3232990.728533591,3591341.6964123975],[3232971.340554999,3591371.1014108337],[3232964.9548612945,3591412.862034211],[3232967.669210138,3591456.8457924603],[3232956.664890795,3591479.785564145],[3232954.0478060767,3591506.750858049],[3232976.0060325833,3591526.787867198],[3233016.798749692,3591546.5800943854],[3233034.6935294075,3591598.8700431045],[3233071.500635524,3591645.2427635626],[3233094.1898946976,3591671.046222185],[3233122.6379256705,3591709.9737648237],[3233130.76553264,3591710.1084465566],[3233151.253269101,3591700.4359068093],[3233174.0668957615,3591690.3906823955],[3233182.2656012606,3591693.749055382],[3233197.1248360807,3591706.2005033814],[3233207.717610782,3591737.048232305],[3233237.4588580634,3591758.509808366],[3233226.5692513846,3591817.1830709823],[3233235.294782089,3591858.785583188],[3233217.78330327,3591952.7600819967],[3233194.4911826313,3591965.3217238015],[3233148.331976616,3591958.6613626834],[3233131.713959934,3592017.339097832],[3233124.6872232044,3592058.7820857163],[3233137.955272238,3592087.633366094],[3233136.1884309407,3592101.260175485],[3233117.2954615233,3592121.8363848464],[3233115.843594758,3592138.2032889337],[3233128.1727571376,3592153.994927127],[3233159.9656182625,3592155.497629999],[3233231.433615963,3592161.190687253],[3233249.5512777613,3592161.3589920844],[3233268.7719417815,3592148.3008926],[3233282.4943644153,3592144.361583137],[3233294.878927908,3592148.200522809],[3233306.810125503,3592157.5949811665],[3233321.979914977,3592167.8001999315],[3233328.4028450446,3592184.7528769225],[3233330.2655000445,3592197.660244812],[3233327.714957858,3592209.314023697],[3233329.074834787,3592217.928975957],[3233333.6952616544,3592222.637885143],[3233340.325512069,3592221.5222294084],[3233354.1053875578,3592211.7431301707],[3233362.2261072975,3592213.6493091285],[3233366.4241771745,3592221.3896557046],[3233372.8027030462,3592233.7104021045],[3233376.186736081,3592252.1717867237],[3233368.6671428056,3592259.579253823],[3233346.8818489346,3592271.3547136784],[3233331.192553004,3592286.4058386465],[3233325.480094133,3592297.897081061],[3233331.865162177,3592311.238971328],[3233348.9213494156,3592329.7262399294],[3233363.0593964187,3592338.8108800454],[3233383.9342357297,3592342.8013245496],[3233402.0759591926,3592336.4140971797],[3233430.8588169953,3592323.9409868014],[3233462.4861194184,3592335.3216730435],[3233496.9973843424,3592356.159339818],[3233525.28113121,3592364.5827652747],[3233545.0634195255,3592364.9626783435],[3233557.5150331687,3592357.007355833],[3233560.7297098073,3592346.3899905253],[3233555.465559254,3592331.469735725],[3233553.343635312,3592312.844297944],[3233564.3617551285,3592302.129379441],[3233588.9307925063,3592292.7915928247],[3233626.4404749433,3592293.8829755737],[3233664.8226910676,3592293.697190433],[3233683.5210934887,3592291.245918191],[3233694.9448077884,3592288.0415985417],[3233696.689038273,3592287.555338326],[3233704.2438749187,3592279.6574420817],[3233705.1137093045,3592264.6600384433],[3233704.2400886626,3592246.4485116717],[3233703.240948621,3592230.2320289533],[3233708.8701515673,3592215.7392312614],[3233719.786734474,3592205.347908322],[3233732.917596138,3592196.4723269157],[3233739.6343031945,3592185.4885679204],[3233741.375823982,3592161.3310062885],[3233742.8626895146,3592137.8319262993],[3233747.84525514,3592113.002456054],[3233768.8756294814,3592076.0373003096],[3233773.345785776,3592052.732443254],[3233769.0937857376,3592032.9620176414],[3233752.1444930276,3592012.919599106],[3233738.4436685946,3591990.7441264726],[3233732.240028292,3591974.692593991],[3233742.1323127244,3591954.6641236823],[3233752.928606128,3591932.1326984107],[3233754.8936840347,3591912.242494911],[3233752.774951417,3591902.1659419667],[3233748.2657970926,3591892.580780017],[3233715.340033114,3591852.7687802636],[3233695.804561145,3591819.0844510086],[3233680.3090878744,3591781.7906905985],[3233671.0818498577,3591747.076794874],[3233660.142508626,3591692.111269642],[3233659.3502534297,3591673.983801006],[3233667.1860704436,3591663.456418533],[3233680.2012313027,3591660.00969274],[3233743.56240453,3591674.3508270346],[3233786.9855259466,3591672.5823749825],[3233811.859139434,3591664.2426508805],[3233838.6616698825,3591644.927369438],[3233865.747353962,3591620.12079614],[3233887.1705192504,3591590.348677319],[3233910.608388898,3591568.4258969347],[3233963.8520636894,3591518.6109931963],[3234010.5887912037,3591487.761826479],[3234020.4382784152,3591472.881366319],[3234028.312479535,3591464.195776353],[3234040.932880005,3591463.3152052416],[3234057.212464503,3591466.7305846857],[3234124.902523696,3591476.698118245],[3234168.022619571,3591486.4509787164],[3234209.326165567,3591499.4077859605],[3234225.0162950996,3591509.5373447207],[3234240.7730736025,3591525.143606215],[3234263.6740618967,3591549.5903880084],[3234275.988705498,3591568.742976496],[3234283.889182917,3591591.7546625496],[3234286.0976700997,3591616.288062931],[3234288.4959022487,3591645.590745129],[3234292.43855015,3591677.3394352756],[3234290.6353914617,3591694.730959532],[3234288.5451501943,3591711.5131729827],[3234285.067121088,3591724.479016873],[3234279.4046858735,3591749.825662934],[3234274.148500004,3591775.5003715875],[3234274.660701342,3591798.394035973],[3234276.1126662856,3591820.7297798544],[3234272.3471816895,3591843.7039923826],[3234265.6458787182,3591860.428218886],[3234260.856374954,3591874.7878740355],[3234256.9665887114,3591891.161645543],[3234251.205759747,3591908.8790975744],[3234241.6294531035,3591922.3150143037],[3234227.440942792,3591932.039124436],[3234216.744828712,3591944.318017859],[3234216.9179669535,3591956.594858657],[3234221.994297902,3591970.526024155],[3234226.924096427,3591977.517254787],[3234230.809363718,3591982.115345598],[3234240.803521932,3591983.4371544067],[3234255.731450179,3591982.005014845],[3234264.055873034,3591987.9662527377],[3234263.6798289064,3591999.1563521023],[3234260.233496837,3592016.343415007],[3234250.3317753607,3592036.338062408],[3234242.1181429974,3592059.456813448],[3234222.143773946,3592093.730272624],[3234219.7776141427,3592112.4057745263],[3234227.4843283095,3592130.545617395],[3234241.7328339377,3592149.637672885],[3234261.8566820445,3592162.5790843703],[3234287.0021037348,3592173.9061446507],[3234305.350130454,3592188.6971777957],[3234306.096787745,3592234.597097484],[3234309.8081560163,3592291.704196588],[3234322.530203347,3592313.735283915],[3234337.082812314,3592330.6059127175],[3234346.044210177,3592338.5176543184],[3234357.2996593686,3592340.6180529147],[3234369.1652375394,3592338.527803259],[3234376.728855723,3592324.3321486055],[3234385.1949205818,3592310.2539797565],[3234397.2354198154,3592300.8138241293],[3234412.4586733305,3592297.8174852068],[3234439.3933430426,3592298.203178582],[3234463.031948611,3592301.0776934586],[3234475.2265009396,3592300.0466827177],[3234489.849875803,3592299.7909389874],[3234505.887670421,3592306.0340980114],[3234515.394504172,3592312.861954644],[3234521.720445111,3592327.8273552484],[3234520.24164797,3592348.0254524853],[3234518.6024196576,3592358.598173994],[3234523.0238932706,3592364.89520675],[3234535.4205660895,3592363.1265390352],[3234552.287163635,3592351.096689172],[3234566.8193110735,3592331.547015609],[3234588.4932292528,3592321.079918529],[3234601.4949675305,3592322.510612553],[3234614.59426783,3592331.3984659975],[3234635.359904637,3592338.545641452],[3234679.144050619,3592338.892081851],[3234702.6503800396,3592336.823850734],[3234723.4745877394,3592330.938475607],[3234733.186715934,3592322.0788528207],[3234742.317534808,3592317.1156388614],[3234750.3120439644,3592319.031151576],[3234760.262395424,3592323.0530882245],[3234766.4986316804,3592329.766804777],[3234771.690123801,3592342.3836140214],[3234773.4966942887,3592355.9588581114],[3234778.94895777,3592369.214265267],[3234785.3601798704,3592373.611023878],[3234796.698802272,3592373.3484164374],[3234810.194925701,3592368.5599553217],[3234829.0614803005,3592363.797894992],[3234843.869073497,3592365.636394945],[3234857.136325067,3592373.232148547],[3234886.6643949104,3592397.406298797],[3234923.721038998,3592422.4241261743],[3234953.374231493,3592448.0049398905],[3234968.3627264574,3592463.2099169325],[3234984.0324883666,3592479.6079875636],[3234991.074832757,3592496.9417755688],[3234990.105078726,3592520.6945608286],[3234981.587958214,3592541.2296986505],[3234971.2753543807,3592555.4260631897],[3234957.502422395,3592560.7514526155],[3234941.8656467376,3592558.8466610517],[3234926.1928430665,3592556.571339708],[3234911.6088434877,3592568.215183087],[3234902.353929732,3592584.721380743],[3234902.4370190063,3592605.3960290616],[3234916.1348738037,3592639.6733494923],[3234921.045022019,3592662.216329275],[3234923.107316766,3592691.6218860736],[3234918.7658029073,3592729.7970741517],[3234920.0995870205,3592770.7294771797],[3234925.216553866,3592801.0711059687],[3234938.3245761953,3592822.3096773867],[3234957.669730168,3592840.9199700174],[3234963.193441296,3592844.322392582],[3234984.7928733146,3592850.5127247446],[3235010.1548225605,3592855.459193821],[3235036.181912465,3592861.338420227],[3235056.9022971205,3592873.1511478303],[3235071.14890204,3592889.958220121],[3235081.888738921,3592915.072198481],[3235082.2657076847,3592934.91813961],[3235086.5868129544,3592958.5326031134],[3235098.7002826426,3592981.3764065835],[3235124.228502551,3593013.458547475],[3235140.610638285,3593056.2983670803],[3235144.096578216,3593074.596970656],[3235143.791531763,3593091.3655619547],[3235145.4283791627,3593100.890686348],[3235142.856349062,3593115.3399182362],[3235138.0035902928,3593133.884785194],[3235132.8812644826,3593145.392957194],[3235124.228324687,3593155.067629686],[3235116.1032045856,3593171.6598795536],[3235111.9432835295,3593189.453232982],[3235102.3089053677,3593203.9357813946],[3235091.1064818897,3593249.472925184],[3235087.611728191,3593272.0138615044],[3235089.8174070055,3593287.2977171238],[3235095.3212238327,3593314.6512501533],[3235098.8870632453,3593343.7319360347],[3235103.0067629693,3593367.061357657],[3235102.581049069,3593382.192782139],[3235107.3420090745,3593403.6453537773],[3235108.3084942666,3593420.179113667],[3235105.1064242767,3593444.373745481],[3235099.844356447,3593479.218454262],[3235091.743208246,3593505.8595595793],[3235087.876298067,3593525.720354118],[3235081.8664687434,3593543.2781698974],[3235069.4687974607,3593558.134314727],[3235060.1286824234,3593567.1118627074],[3235042.560860851,3593578.1480528526],[3235032.3299285686,3593587.5799220093],[3235020.526018421,3593602.9608056974],[3235003.2430654494,3593616.9741444737],[3234989.6675214097,3593626.918401475],[3234968.3016883815,3593639.6557505205],[3234949.7116578156,3593647.2827361617],[3234931.084159431,3593659.9517138177],[3234916.333714895,3593676.9681730433],[3234903.3860521056,3593693.3009204767],[3234898.079360052,3593706.0833561732],[3234889.464993585,3593729.538666126],[3234878.8978764606,3593755.5981755927],[3234862.5126473773,3593786.8177614496],[3234830.1541876057,3593840.8164632292],[3234815.8104081666,3593858.104007437],[3234802.172526069,3593877.21076466],[3234795.0272916756,3593893.593080354],[3234795.8934690612,3593913.7937713354],[3234798.6145693013,3593923.3010712713],[3234803.792761051,3593933.4274026267],[3234807.7438554806,3593935.6771296454],[3234816.0117642,3593939.066457264],[3234824.2223119303,3593937.436511704],[3234841.5406156983,3593933.5829468956],[3234856.121349766,3593929.993305512],[3234866.7401579143,3593934.0041789166],[3234877.457275569,3593940.9102373533],[3234884.0279721553,3593948.405503685],[3234893.700176595,3593972.1541660028],[3234897.838052182,3593987.975919165],[3234901.2154886695,3594003.1061834143],[3234904.8830646677,3594020.074555674],[3234909.4945897246,3594032.3587971856],[3234938.6369452635,3594105.8958802316],[3234967.5790598383,3594165.6688964567],[3234971.498532288,3594179.037869446],[3234970.958350538,3594185.395041089],[3234968.8363384707,3594190.475731239],[3234956.0850691786,3594196.6958838175],[3234936.1682983795,3594201.2739857854],[3234918.329037412,3594209.9288095906],[3234905.878657268,3594220.9608045854],[3234900.0538259884,3594232.419545689],[3234898.464503198,3594243.2447648537],[3234903.0479624234,3594255.190974598],[3234910.6386072473,3594267.3833844475],[3234916.5714887474,3594279.891739948],[3234916.222720568,3594294.8902821876],[3234912.9679988916,3594307.906287009],[3234908.594281506,3594316.4786014697],[3234901.236676571,3594321.225502602],[3234887.5236494252,3594325.7799389698],[3234876.3624363514,3594331.4019131977],[3234871.3742892593,3594342.982446019],[3234874.7113254955,3594357.9155569454],[3234882.228292072,3594371.6538260076],[3234903.6435914333,3594385.1713399207],[3234955.783332575,3594398.110639317],[3234986.3926011138,3594407.695021763],[3235009.6325459173,3594415.87003798],[3235019.894976327,3594423.6317310887],[3235021.1963278702,3594432.203000762],[3235019.3276157593,3594438.6365148765],[3235013.244920183,3594441.894899286],[3235004.630329918,3594445.4943667827],[3234990.820739601,3594451.6918861466],[3234986.2136601484,3594461.8941917242],[3234992.4098413186,3594479.4185629855],[3234999.7370586097,3594493.7538278806],[3235005.738355892,3594504.556684868],[3235015.128912011,3594512.7681002235],[3235035.461126955,3594516.4674558165],[3235052.1516993158,3594516.5446517253],[3235068.448471823,3594515.0728708855],[3235080.9310910115,3594515.8689573663],[3235089.562509396,3594519.470311275],[3235094.0977152595,3594527.348856095],[3235098.0479326807,3594540.0440154513],[3235101.544550958,3594567.165157276],[3235108.809871581,3594599.0157692176],[3235112.417314423,3594612.2525114436],[3235110.044962938,3594623.9772679033],[3235100.863692361,3594633.4345518127],[3235091.4933367465,3594639.5932436604],[3235075.8908702014,3594642.3928695344],[3235067.220849963,3594647.4189486015],[3235060.267879341,3594659.8367934567],[3235058.7614527475,3594669.401142262],[3235059.7182360534,3594676.986155374],[3235063.463638774,3594691.097689899],[3235071.6208589566,3594705.142587713],[3235081.4699876597,3594712.7962345066],[3235089.460745911,3594713.0804477595],[3235096.1160803926,3594710.0413681557],[3235105.6828232342,3594694.8039016374],[3235117.278821191,3594685.51616595],[3235130.799462118,3594682.2146660867],[3235143.9383021547,3594686.3126349654],[3235150.6490327055,3594692.7058379753],[3235155.878494679,3594699.7864157753],[3235163.228817446,3594717.563466364],[3235164.661786071,3594735.330360609],[3235155.6435365956,3594748.2533046794],[3235146.236927013,3594762.7169737103],[3235142.0220254855,3594777.5826056795],[3235141.4992613494,3594798.988580903],[3235150.0271047205,3594816.449610371],[3235201.1381922415,3594891.445083172],[3235213.2462795083,3594904.6489106035],[3235041.689610864,3595046.4314731495],[3234998.713176126,3595054.938758245],[3234939.7069116645,3595092.123480921],[3234848.07376639,3595182.065611999],[3234836.2597093163,3595204.5295301476],[3234851.7891519847,3595297.9724334422],[3234917.8270339677,3595695.3631923324],[3234935.229954748,3595800.0905582323],[3234943.03881268,3595847.071571547],[3234982.549377666,3596084.7839553603],[3234986.3145378428,3596121.999516975],[3235000.091514391,3596178.067407157],[3235038.1904539103,3596219.814043279],[3235047.8217882505,3596238.5275809243],[3235048.7499188674,3596245.602455335],[3235049.681223154,3596252.607623962],[3235037.5453836108,3596287.5248547117],[3234981.2729069283,3596359.832113484],[3234970.5569411716,3596374.369427018],[3234965.435797735,3596434.107871902],[3234969.4660028145,3596464.6297395034],[3234991.335908235,3596532.7005100017],[3234998.4818195,3596565.9933403996],[3235006.5059948326,3596586.8838613224],[3235031.882202763,3596633.8912717183],[3235070.3756023357,3596691.8260856075],[3235082.62076912,3596707.202336779],[3235089.016800687,3596711.992471419],[3235097.4918691814,3596716.5036101053],[3235118.493579115,3596735.680218513],[3235181.9363422953,3596817.8576400965],[3235175.62969976,3596820.090143647],[3235171.443102193,3596821.6891314513],[3235162.580676023,3596821.8670549174],[3235153.6924896175,3596819.8678315873],[3235137.90870249,3596812.140772008],[3235116.3046502667,3596801.1521017705],[3235102.5878632218,3596797.044526703],[3235088.998921163,3596798.904820609],[3235065.2777793994,3596810.6468452495],[3235055.707707027,3596819.5437391903],[3235029.488648132,3596842.168260832],[3235023.2620008476,3596849.0932796677],[3235022.5205691094,3596856.843411229],[3235025.22826741,3596866.3998810803],[3235035.0926869484,3596881.495186703],[3235051.8902189033,3596888.1749884617],[3235064.5555373575,3596895.18839002],[3235076.354433759,3596907.143485507],[3235083.2512863604,3596917.09971987],[3235084.6065951865,3596943.055984637],[3235080.4879056453,3596989.8454713416],[3235083.8829882666,3597012.682278478],[3235082.3392244624,3597026.3010354056],[3235079.043625554,3597035.121863221],[3235069.7655007485,3597041.8576195813],[3235055.509349308,3597046.555304834],[3235039.835409377,3597045.685711517],[3235023.1909291386,3597036.7401500368],[3235000.969872033,3597006.66330773],[3234988.822166643,3596982.8868339304],[3234980.8996030153,3596958.030533758],[3234974.3604729995,3596940.2551470366],[3234964.7347971816,3596930.95189909],[3234949.9700790425,3596932.220680153],[3234938.7816636553,3596937.78195846],[3234925.228914988,3596954.584448145],[3234915.901665618,3596969.065955719],[3234911.7807188323,3596981.4514177865],[3234909.8943104544,3596995.9682284207],[3234912.297904785,3597007.90722765],[3234917.7438322008,3597020.520229155],[3234925.4473510194,3597028.571072893],[3234934.7098044,3597040.316862953],[3234951.9604621166,3597052.461108817],[3234963.072123872,3597064.7986955093],[3234963.7050276087,3597083.3437049408],[3234948.3380579315,3597117.966793255],[3234934.5806830516,3597149.952560076],[3234929.913633116,3597179.7518071155],[3234933.591272003,3597217.5518854144],[3234935.3563569942,3597226.8742467314],[3234932.9675166984,3597236.4666069103],[3234925.801187679,3597248.7419970864],[3234914.0797447236,3597253.914004158],[3234898.9418966714,3597261.3055159473],[3234880.4373514745,3597268.3076130343],[3234867.3453976074,3597279.1742326017],[3234861.3612594157,3597291.5690946584],[3234856.9879735196,3597305.0034357635],[3234860.60184461,3597325.593205127],[3234868.622414695,3597348.173677562],[3234872.7534973593,3597363.951155633],[3234871.295396206,3597373.6426532455],[3234860.1611149106,3597391.4529241505],[3234856.1560237035,3597400.892094692],[3234821.67079233,3597419.4067893727],[3234791.831855906,3597434.1437936914],[3234773.640768553,3597458.607642883],[3234760.6324895592,3597509.020248459],[3234740.9536090093,3597624.015047835],[3234736.9538319656,3597656.562838155],[3234738.2465595603,3597689.774476867],[3234746.373566972,3597727.2455198998],[3234763.2164494963,3597796.955871811],[3234762.721627909,3597804.176135064],[3234758.405957409,3597819.8839274785],[3234745.7418186306,3597842.496953187],[3234723.2390625905,3597863.1442189133],[3234685.868539364,3597889.6144866897],[3234675.0515685645,3597902.052223592],[3234665.0027656285,3597911.076945101],[3234665.1880868888,3597915.8705934663],[3234667.7490928015,3597920.9804051714],[3234673.6454877662,3597932.7499041436],[3234677.6045825216,3597947.1206175094],[3234677.778368325,3597960.7196784755],[3234672.0710777687,3597981.173656744],[3234672.4271463156,3598000.187661779],[3234678.002741912,3598007.8164844303],[3234691.5116612427,3598019.510396881],[3234720.4240468265,3598036.8942824434],[3234750.638774123,3598045.9338584924],[3234766.037430882,3598056.4860579967],[3234773.5069969944,3598073.084750085],[3234774.019328762,3598094.9801588203],[3234770.8111178484,3598121.9146635486],[3234765.6747299535,3598145.667883626],[3234752.0977681093,3598171.2807407947],[3234751.4616976427,3598187.5673575513],[3234758.6026598383,3598198.2000443926],[3234770.227921188,3598203.3694625823],[3234785.037685437,3598208.2592635415],[3234813.277437737,3598212.4395515327],[3234820.611426159,3598219.624548821],[3234825.874370401,3598229.1324651316],[3234825.977861973,3598243.1849844866],[3234821.5146420347,3598259.4912947165],[3234813.6869779704,3598279.5793210478],[3234807.3061091937,3598291.3688081508],[3234797.5417686477,3598298.6705679293],[3234775.2186039956,3598306.507986601],[3234756.484828045,3598318.2783251046],[3234752.9771973416,3598325.576362682],[3234753.2179570263,3598336.114104921],[3234758.986246016,3598351.1319417376],[3234767.7895317264,3598371.8700969173],[3234775.7839697637,3598396.789512629],[3234778.0585295004,3598423.7677061884],[3234783.596015122,3598444.035058831],[3234798.9277959475,3598470.3352429443],[3234806.4641234837,3598486.906415021],[3234802.9538208405,3598513.5226901686],[3234798.9948463235,3598540.90142774],[3234805.7168441196,3598564.7464440293],[3234811.800253053,3598583.2742645512],[3234808.6156178303,3598607.2384744515],[3234796.2699264255,3598631.7869876204],[3234788.6173813883,3598657.142647363],[3234791.1252741786,3598678.1352918264],[3234805.5972445305,3598696.907261808],[3234828.1058346494,3598725.0287201293],[3234844.2626179256,3598752.09665706],[3234849.0485446295,3598771.9003936113],[3234842.7751040896,3598793.696672195],[3234829.740353913,3598808.7456377507],[3234801.497363628,3598824.5282013477],[3234764.455797497,3598833.074665418],[3234726.1618836336,3598836.439687859],[3234681.7597405254,3598837.084515993],[3234639.968270167,3598831.301233843],[3234625.8973886822,3598832.165222804],[3234607.4313849537,3598833.2887319806],[3234576.008253163,3598838.5607701167],[3234540.4580697017,3598838.696108739],[3234523.211433205,3598839.792271041],[3234505.6920352224,3598846.0447696415],[3234483.5609542793,3598864.560495079],[3234472.92767062,3598875.013495135],[3234459.160298407,3598882.9763578456],[3234439.727271867,3598889.2507639527],[3234426.2121966667,3598892.3036791496],[3234397.197156313,3598897.1727062175],[3234365.279641013,3598897.7265437106],[3234345.0276072123,3598899.7041316796],[3234339.743258969,3598902.624678413],[3234333.418956968,3598907.885885502],[3234327.9347194466,3598916.979628598],[3234328.355695309,3598942.310870194],[3234342.9327947646,3598963.3550490085],[3234347.7087821607,3598981.977558855],[3234344.974478344,3598995.526642807],[3234335.255532233,3599004.9911574153],[3234325.992482662,3599012.978939678],[3234314.73138841,3599019.537641294],[3234304.9604911227,3599023.3030917235],[3234293.066058804,3599028.151833453],[3234286.732444642,3599027.6693173368],[3234275.304512812,3599021.6611807714],[3234268.2877912433,3599015.239967768],[3234264.9954093145,3599006.9153216816],[3234263.771130991,3598993.3375214804],[3234271.9684014097,3598979.261216828],[3234294.012945529,3598951.9043873367],[3234298.971422952,3598941.8217672636],[3234291.858283578,3598928.195036983],[3234275.721791855,3598909.190818507],[3234259.97029315,3598889.1060802587],[3234239.5338615896,3598880.1532564964],[3234213.5519927237,3598873.4827148034],[3234190.59723119,3598879.3031959063],[3234175.829466573,3598893.792891326],[3234176.6379474895,3598909.0677470434],[3234180.519822774,3598929.088154294],[3234188.2729492234,3598946.5722814645],[3234194.135865004,3598964.175939884],[3234194.074823184,3598985.140884555],[3234186.212867458,3599018.9266903317],[3234176.850889733,3599063.702236443],[3234168.428651493,3599103.104216901],[3234165.8615291286,3599125.6349683125],[3234163.2999456497,3599146.865781948],[3234164.994236815,3599165.801380731],[3234176.627454439,3599191.365849484],[3234182.9857401033,3599213.689064743],[3234177.6165692573,3599225.9275029805],[3234163.964570791,3599243.701433266],[3234136.3603833485,3599266.1052664886],[3234108.754721101,3599289.7968331254],[3234093.3924679677,3599303.142588049],[3234082.772922491,3599308.2727767415],[3234055.861768864,3599317.6168034906],[3234018.5061217574,3599328.820067672],[3234003.293093824,3599341.4868915156],[3233993.3779015243,3599366.744181498],[3233976.0634347275,3599401.187219015],[3233948.3793384368,3599470.9033618043],[3233923.4999178825,3599517.56043008],[3233911.9366087816,3599531.318393079],[3233897.335299832,3599543.0117891375],[3233882.4711928153,3599550.4240541244],[3233866.5782236177,3599555.8419103674],[3233827.136051938,3599561.801117189],[3233754.0385008794,3599565.6103755976],[3233699.3931267904,3599565.9056895636],[3233639.9083851534,3599568.809761985],[3233602.7073355373,3599572.0270923357],[3233599.5280964673,3599570.3987365514],[3233566.665740838,3599572.7946399264],[3233524.982924466,3599568.754746858],[3233510.975331613,3599558.919205967],[3233500.1847005896,3599541.8649939396],[3233485.4973272057,3599519.722785131],[3233461.54817128,3599496.893395137],[3233437.3829917535,3599482.367705423],[3233424.303485009,3599479.6996889645],[3233418.464803692,3599481.042081811],[3233377.609313875,3599490.4468861585],[3233290.269485038,3599511.906095079],[3233255.0569101023,3599525.0503664],[3233218.46327179,3599535.434527104],[3233187.441255422,3599537.069887247],[3233169.40008205,3599538.982868972],[3233163.225277027,3599540.808476436],[3233156.1356051317,3599545.8186933515],[3233145.049126504,3599555.292816296],[3233117.809829408,3599581.80039461],[3233090.927654005,3599611.1303184885],[3233060.822628324,3599636.394889464],[3233041.516699704,3599651.9898005193],[3233033.784786254,3599667.6935211136],[3233031.3511886206,3599694.711415785],[3233031.1053185025,3599733.4332826203],[3233031.352585675,3599767.5315794474],[3233028.199099621,3599799.032142005],[3233031.3109415867,3599822.9730129074],[3233040.7704379917,3599846.1613570815],[3233059.241885562,3599868.15351129],[3233085.356936829,3599900.5525130727],[3233110.499002591,3599931.575912836],[3233135.120288508,3599961.7703505442],[3233145.9280402856,3599986.5662026876],[3233147.434398867,3600012.6275602146],[3233159.698827627,3600034.1662740055],[3233167.44182821,3600066.144835787],[3233175.103524905,3600099.108319855],[3233173.648565024,3600126.2017605277],[3233170.4994266247,3600159.505597929],[3233168.747493104,3600185.3715861165],[3233176.563442824,3600205.7360936706],[3233194.732962138,3600226.513533197],[3233221.9872444523,3600246.399269163],[3233251.46594221,3600272.8313385136],[3233274.122968645,3600289.636389745],[3233289.457613533,3600303.9912087256],[3233301.8713254295,3600326.149307021],[3233314.152540429,3600358.3266629796],[3233330.9374358673,3600406.4910888965],[3233339.9690264105,3600438.482398656],[3233338.588034421,3600465.8797759786],[3233334.8629597053,3600494.1611742415],[3233321.1254094862,3600526.1312296456],[3233316.161397905,3600546.6532010823],[3233322.1624128576,3600566.154314716],[3233331.655399154,3600584.174286767],[3233336.668441286,3600604.8777802438],[3233337.118938316,3600625.0895273173],[3233329.785931536,3600654.535212412],[3233326.7752859993,3600676.5195720256],[3233337.7488350347,3600699.333322924],[3233355.2071470236,3600713.1901651025],[3233382.0770134986,3600732.846413935],[3233403.0333129885,3600742.6348503926],[3233430.635597744,3600742.7842902658],[3233456.7321014926,3600728.790795692],[3233480.687957446,3600717.896784598],[3233499.6825247454,3600715.5942049613],[3233511.0531605314,3600722.8547971686],[3233520.065496478,3600731.876224337],[3233522.4743817104,3600734.2867274536],[3233521.2142013907,3600745.013081739],[3233514.653146308,3600764.19378727],[3233508.8755636383,3600769.4409883376],[3233494.214746139,3600780.3699064483],[3233485.978955974,3600791.3670468824],[3233479.2846206324,3600810.0511556873],[3233479.079930838,3600831.6841777517],[3233475.132197801,3600845.836460706],[3233460.3244712353,3600856.15720347],[3233440.1190120396,3600858.739026105],[3233416.6821738537,3600858.5675796657],[3233394.2673398647,3600852.0252983663],[3233380.131019308,3600839.946134865],[3233373.712304099,3600826.6710352413],[3233371.822722042,3600813.5853635175],[3233363.0954557736,3600794.7381398487],[3233347.379553945,3600780.153103467],[3233329.237076278,3600779.34423761],[3233315.538839498,3600782.3080578935],[3233292.9527942147,3600802.87357796],[3233274.9684755467,3600825.2202298855],[3233256.8043810385,3600853.4256842174],[3233239.7472215076,3600898.111356931],[3233218.9799069446,3600955.283918503],[3233201.246577252,3601010.4301710166],[3233192.2391624986,3601061.8856943124],[3233191.090678881,3601102.111867214],[3233191.073808263,3601128.527490096],[3233192.75795145,3601150.029663438],[3233195.318919871,3601164.563424054],[3233194.7191953342,3601188.544401638],[3233188.8623000183,3601230.532408181],[3233183.891009817,3601254.504852312],[3233182.5825771196,3601260.8182818433],[3233178.6630576532,3601279.699729152],[3233169.1819919497,3601321.2701613926],[3233161.365742676,3601351.1777615817],[3233159.5928367684,3601368.9925785367],[3233170.105766379,3601393.858879113],[3233194.4851496243,3601434.557651103],[3233208.432559057,3601453.6118368628],[3233221.7557879156,3601477.4591008355],[3233230.593942249,3601503.3593762037],[3233241.6857911707,3601520.0299831876],[3233256.3298123623,3601535.5265510576],[3233279.412956706,3601543.5161550073],[3233302.117597355,3601539.356297481],[3233314.204032967,3601528.39987804],[3233321.273700067,3601509.9581264434],[3233320.5319346604,3601494.9879422477],[3233312.680728673,3601469.1726752073],[3233310.586867007,3601452.607486904],[3233319.269877851,3601442.145836245],[3233333.053567673,3601438.19554074],[3233343.013802484,3601440.955108313],[3233355.275190549,3601450.575806941],[3233364.7833350264,3601466.0174639155],[3233372.383488559,3601484.1695082146],[3233372.5917918487,3601499.57794357],[3233371.002193448,3601512.843198116],[3233375.493309157,3601532.7065043123],[3233383.5652590035,3601559.434256329],[3233396.1873698644,3601585.093450597],[3233409.3384714425,3601610.269461767],[3233430.515932121,3601644.2202550215],[3233455.9341515163,3601668.5108894524],[3233495.970422413,3601702.064003965],[3233508.0548640136,3601718.6577034337],[3233512.4323221315,3601736.1002080305],[3233514.1398294675,3601755.7462408743],[3233512.146437753,3601763.74095656],[3233509.2437466043,3601775.37876979],[3233485.5539946957,3601816.495073333],[3233453.8044915516,3601866.6249643504],[3233427.764217443,3601912.2479527],[3233402.3569848775,3601950.2257440705],[3233377.78887463,3601975.7735834154],[3233335.437501574,3602003.3241460607],[3233295.0078535173,3602026.874164914],[3233259.3599509127,3602046.3809202886],[3233231.7595473984,3602060.7273099143],[3233221.8131936574,3602077.9520559143],[3233221.837750106,3602088.5546167335],[3233221.174363623,3602110.9421405937],[3233221.2747688373,3602131.2039977196],[3233233.862352671,3602150.0899752397],[3233241.110946759,3602150.925128339],[3233250.2143451865,3602146.1661535315],[3233277.464210015,3602127.7087427885],[3233297.4371684315,3602112.2848645803],[3233313.7560275313,3602113.529795768],[3233326.48721198,3602121.1064537526],[3233329.429551807,3602134.571816288],[3233322.9933125307,3602147.701469756],[3233307.483732544,3602163.01974184],[3233284.4551657108,3602183.038630837],[3233276.583835353,3602198.1333385925],[3233270.056962271,3602210.3654132592],[3233271.738043871,3602223.3518841383],[3233280.96771574,3602229.918147122],[3233293.5455303444,3602232.738702693],[3233311.095953631,3602228.1826492315],[3233329.6435097256,3602222.766768616],[3233340.106064864,3602230.244106209],[3233348.609427627,3602249.4550770763],[3233353.371515337,3602286.3211142863],[3233364.2952387,3602316.8699891926],[3233373.9137651483,3602339.3648451953],[3233375.62016664,3602356.6897184905],[3233367.826756294,3602383.0176679734],[3233350.596198475,3602407.116187454],[3233324.1025782675,3602439.241763924],[3233297.8844027147,3602476.048307969],[3233274.890509583,3602515.1386500765],[3233246.4174265275,3602549.6709564207],[3233208.5769334296,3602582.5898461873],[3233171.5732176835,3602614.9750519656],[3233141.304748829,3602646.0774617065],[3233116.6077034804,3602668.429537842],[3233096.352893442,3602693.255603439],[3233087.0263040643,3602711.596846736],[3233083.155523314,3602739.260205137],[3233083.4428970683,3602766.8794688103],[3233087.040343832,3602797.577579736],[3233080.045215106,3602817.6235560104],[3233062.1814489206,3602833.819029108],[3233013.196735674,3602861.680427035],[3232961.9047568,3602895.9007510752],[3232902.4101982303,3602922.7351746745],[3232851.0616907133,3602940.8677958627],[3232817.562095116,3602957.2785825077],[3232796.373448367,3602974.2852894925],[3232776.5553189414,3602977.1128881867],[3232755.3684513248,3602968.9936945303],[3232745.5064827735,3602949.465813124],[3232753.264893549,3602928.591928703],[3232768.160757929,3602914.716668712],[3232787.4224217487,3602903.000014929],[3232796.52070187,3602886.3331664186],[3232793.3665949563,3602869.366915903],[3232785.0602697004,3602854.9365450013],[3232765.8949500816,3602849.8834060566],[3232749.8048181245,3602861.470728475],[3232746.2255486446,3602878.4331314317],[3232745.7532861973,3602894.971334397],[3232730.3438839554,3602906.7286551353],[3232717.663900798,3602916.5318336063],[3232706.543310534,3602918.236675728],[3232692.503807865,3602911.033514789],[3232675.8339923965,3602899.875914625],[3232647.9199439655,3602890.188647582],[3232624.6358098756,3602888.3090132773],[3232601.8774852846,3602890.877831658],[3232582.0802449593,3602889.8391575795],[3232570.5357711855,3602885.8416209733],[3232562.665586373,3602871.3182068085],[3232551.8620350924,3602845.246619229],[3232540.9486681307,3602816.9370819284],[3232521.89690884,3602799.145117419],[3232500.7061334066,3602775.855515904],[3232487.709752366,3602748.816367558],[3232482.9939452345,3602736.811226089],[3232471.271677297,3602724.9141122093],[3232453.2004632307,3602724.32329705],[3232431.850359047,3602730.094692542],[3232420.68236509,3602740.834357159],[3232415.391734183,3602755.8175316183],[3232418.9929988883,3602770.860424634],[3232427.275186793,3602784.6641084794],[3232455.967548892,3602796.209385026],[3232466.207463569,3602800.4280927],[3232478.0650801314,3602814.9707750217],[3232478.3139183796,3602823.9338646517],[3232472.5125030684,3602834.3385663913],[3232464.4675109712,3602839.5006067343],[3232447.043273405,3602846.9038661774],[3232420.324823541,3602852.9993461543],[3232405.1022334294,3602858.908478591],[3232391.3585610325,3602856.4165417533],[3232374.4276301106,3602849.3224364845],[3232356.044135781,3602833.6578106885],[3232334.1111748093,3602823.7883136794],[3232323.278305188,3602827.9996061707],[3232304.699256289,3602838.5773622263],[3232290.2957921005,3602845.2556348266],[3232277.2150720134,3602846.788643295],[3232256.6867516935,3602841.4211228355],[3232244.322759833,3602823.4487377414],[3232228.813025008,3602799.1515976973],[3232213.645839437,3602782.8296526745],[3232192.201321845,3602778.9582775226],[3232170.471351275,3602785.7992664953],[3232160.938928713,3602799.3537235754],[3232150.811811747,3602852.6834379076],[3232138.4891140135,3602918.1270532636],[3232123.300748302,3602970.4086815487],[3232111.7434058688,3603008.611063838],[3232103.595991846,3603045.028722089],[3232106.6031961865,3603074.5823647273],[3232105.8787133675,3603108.5728996466],[3232106.038954149,3603133.005943126],[3232104.9864043375,3603184.144518136],[3232106.725924358,3603211.1062097983],[3232106.8679966703,3603218.416995658],[3232110.697644544,3603243.864974484],[3232121.0745942136,3603264.9811199736],[3232131.745712622,3603275.946001156],[3232147.665453453,3603280.82214399],[3232166.0605366924,3603274.793127508],[3232181.9301533718,3603262.278953974],[3232193.976907514,3603256.487988745],[3232222.880939172,3603250.187249346],[3232245.6968890694,3603251.7861747486],[3232268.3936181124,3603260.827671735],[3232290.848060554,3603272.8240219597],[3232314.19047693,3603273.986413748],[3232330.328216184,3603266.5578567116],[3232336.477848365,3603249.6322434573],[3232344.630242763,3603225.1220938805],[3232355.59174031,3603210.902682008],[3232372.413907581,3603203.6317746188],[3232392.072989789,3603201.495544857],[3232409.9559281087,3603206.533141725],[3232427.4173230836,3603219.0858046017],[3232441.0520217177,3603239.6381149166],[3232450.696760344,3603258.263803401],[3232457.101335072,3603279.5643354873],[3232462.713939936,3603309.1585007813],[3232463.4097737954,3603346.347462916],[3232459.9523066403,3603369.0744116725],[3232453.5700593432,3603387.676380838],[3232454.259459759,3603398.4532614667],[3232459.9712975137,3603404.816810297],[3232478.7735859035,3603407.0589136416],[3232496.644966606,3603400.191420131],[3232522.9842975284,3603380.6579323704],[3232552.3714994574,3603356.530563216],[3232578.3775223307,3603342.238435354],[3232593.0610685116,3603338.068080782],[3232613.1057377425,3603348.0697289538],[3232637.6378240297,3603366.00505538],[3232675.0560244387,3603383.0410518902],[3232709.888773486,3603390.5144658796],[3232737.6742864195,3603390.2898746254],[3232764.158863533,3603395.4926845906],[3232783.765805832,3603397.128939003],[3232804.3319398183,3603413.5690534203],[3232808.689002459,3603439.338215448],[3232800.6022001384,3603450.1994863073],[3232787.6568773477,3603466.8366072737],[3232758.70560534,3603480.869445282],[3232731.1260296027,3603493.9409140735],[3232703.3154182485,3603502.1601086953],[3232660.7950878437,3603504.142373655],[3232641.291133452,3603503.918756193],[3232611.6581820287,3603505.8866500873],[3232585.5197102716,3603516.9923076555],[3232561.080386538,3603535.103746565],[3232537.2701792987,3603562.3975250465],[3232515.1990324366,3603602.1587687833],[3232499.138948841,3603634.9935334446],[3232479.0333965784,3603648.5129147954],[3232464.420385611,3603654.287675125],[3232441.9795847153,3603652.908472161],[3232422.3735862,3603646.0322507247],[3232400.543015006,3603644.50662948],[3232385.7199437683,3603646.7803789144],[3232364.1393422163,3603661.2179402886],[3232340.527775392,3603686.3045779667],[3232319.3496217774,3603716.5079542813],[3232294.1593995234,3603747.3536457503],[3232273.714788869,3603767.4040246564],[3232257.0856863447,3603782.0204499103],[3232239.5856138756,3603789.1219932204],[3232217.724307403,3603792.765752442],[3232197.413031572,3603790.8876438523],[3232174.2160946545,3603780.1626311583],[3232139.381929733,3603762.9696213743],[3232101.5076367,3603736.5416436465],[3232016.322172258,3603702.701764796],[3231962.4580669524,3603687.30152645],[3231933.5841109697,3603688.447893985],[3231915.8085528067,3603691.7546665934],[3231904.8572623488,3603703.3986120694],[3231897.0418602927,3603722.668459434],[3231889.166331609,3603739.0561444033],[3231889.490627667,3603761.5191995753],[3231893.8002487617,3603788.4957988397],[3231898.8646401335,3603814.6587767582],[3231901.993937403,3603835.4820784517],[3231901.526970151,3603846.617694799],[3231900.211234638,3603857.164195384],[3231892.1590175815,3603864.892976132],[3231882.188319975,3603863.427394814],[3231867.4974456886,3603855.682355568],[3231856.895781183,3603846.3222046695],[3231835.924117283,3603840.4088236564],[3231818.59876469,3603844.2516244035],[3231803.3230091585,3603859.199979476],[3231790.9458507383,3603883.4290525033],[3231773.6871425747,3603925.0737889092],[3231753.7416555025,3603955.812357477],[3231748.80027963,3603962.6672057784],[3231742.9077178845,3603970.8427389385],[3231727.617304031,3603992.036743597],[3231709.7592598908,3604009.537584199],[3231686.8655990167,3604023.4098766907],[3231666.2970787296,3604038.98777673],[3231633.5901432694,3604062.162708456],[3231604.3713411344,3604103.13249369],[3231579.414383484,3604144.238835996],[3231571.327118325,3604159.33365482],[3231565.751346077,3604169.743892193],[3231558.5441257544,3604203.628301789],[3231546.339440749,3604232.5876699756],[3231544.7329214625,3604237.7903744644],[3231539.871571215,3604255.7765140887],[3231541.9647996807,3604276.9296920625],[3231546.520360736,3604289.8236062564],[3231554.4742680527,3604299.3829260296],[3231585.5763802524,3604327.250961742],[3231606.684954595,3604348.5675811064],[3231657.711737681,3604386.243428205],[3231691.0248474707,3604415.2699782057],[3231706.7015930666,3604432.398334251],[3231714.4569983445,3604451.6727221804],[3231715.919556069,3604460.1376469224],[3231717.5437917653,3604469.103957778],[3231714.4228021572,3604487.292140577],[3231711.2271405263,3604518.2806305825],[3231711.6383862225,3604539.746202403],[3231720.5800179383,3604562.0688780625],[3231741.273459705,3604584.6695116176],[3231753.997341902,3604600.496261452],[3231756.2863114104,3604622.648319806],[3231745.9835499567,3604640.321829276],[3231727.3643503245,3604659.9376071393],[3231718.37744643,3604668.524201827],[3231708.903552833,3604677.5727718123],[3231685.3972747047,3604692.880853134],[3231660.4974110774,3604701.132938675],[3231641.819983419,3604704.658748148],[3231620.3752127234,3604702.079565934],[3231602.078505828,3604690.0646822075],[3231586.213733607,3604676.16606474],[3231561.469801672,3604642.838122695],[3231548.476553116,3604627.6052793562],[3231528.8632584186,3604613.3782753083],[3231503.331983416,3604607.8739469084],[3231486.6419614106,3604606.151861662],[3231452.4771199925,3604609.4832983776],[3231421.51655314,3604619.182778608],[3231355.728390827,3604647.2488446645],[3231233.716909223,3604709.8887669193],[3231163.382303626,3604750.478239066],[3231097.455035053,3604794.0780539294],[3231069.732893342,3604813.266582254],[3231042.340774332,3604827.674305876],[3231011.5625243653,3604840.804843443],[3230982.0209583836,3604861.0526163555],[3230944.172106631,3604896.0482028374],[3230939.1398039088,3604902.7655253275],[3230926.952918425,3604919.056000936],[3230917.545609806,3604931.907211977],[3230902.651766479,3604952.263400807],[3230881.490787537,3604966.6098309834],[3230820.591796856,3604996.0609906116],[3230801.3779373066,3605001.7888972657],[3230787.100529531,3605011.1454374352],[3230784.3942931946,3605030.281742419],[3230785.3744261023,3605058.5319992327],[3230791.3693650155,3605089.253868644],[3230795.061606072,3605112.0346979797],[3230800.5696824687,3605137.7122132163],[3230803.190951305,3605145.484613836],[3230813.7265578643,3605176.700002321],[3230836.071891401,3605200.54368914],[3230874.8582242643,3605216.3495004037],[3230904.671215575,3605223.969144522],[3230919.0952980705,3605236.3961027316],[3230918.5581472763,3605255.389615516],[3230898.264177177,3605302.06027443],[3230894.680422829,3605323.637877016],[3230896.763665836,3605339.7706272714],[3230907.776862136,3605356.3521397663],[3230927.3483897,3605396.0147514236],[3230933.9902553586,3605420.304302554],[3230938.5780816423,3605454.3306734934],[3230948.7012810493,3605492.9450473697],[3230964.929569889,3605524.905558668],[3230978.1253783824,3605571.643537256],[3230976.50850646,3605585.0686872704],[3230974.2249605246,3605604.022744073],[3230960.060259727,3605624.433914941],[3230922.405489761,3605658.465465217],[3230886.1306476016,3605688.394742883],[3230838.6898975745,3605727.541793112],[3230809.1564162737,3605758.746143526],[3230784.6187828034,3605772.7920163195],[3230780.979169636,3605776.139773508],[3230753.057540848,3605801.8410281823],[3230729.160040319,3605842.7253598897],[3230722.9406927256,3605870.099746377],[3230719.7131121177,3605883.0278767613],[3230708.406736044,3605928.3305112133],[3230687.232940412,3605975.3192287544],[3230685.2296362724,3605979.756132848],[3230658.396361077,3606017.646508628],[3230624.298974834,3606051.365849618],[3230588.1301224614,3606082.641416489],[3230572.4704970424,3606107.484285824],[3230566.7102330015,3606114.0445399974],[3230538.6379533866,3606124.138280397],[3230501.2311143475,3606128.5018837387],[3230464.2435868224,3606132.8108021338],[3230392.2687344495,3606142.3733368237],[3230340.807667074,3606145.524683447],[3230285.065337496,3606147.1671529384],[3230249.2891794527,3606139.5174153037],[3230186.8021843713,3606103.307585484],[3230163.313896332,3606094.399869551],[3230138.4537366815,3606087.570151302],[3230113.8500174787,3606092.0025923345],[3230085.368256801,3606091.9316701298],[3230050.8819861417,3606085.156596077],[3230010.8921093596,3606097.8718936667],[3229998.6392310364,3606108.74489518],[3229991.105098045,3606118.136171551],[3229956.2360235415,3606162.0496059647],[3229931.675826465,3606211.5040940293],[3229873.8561640433,3606319.764490385],[3229862.4771943158,3606350.994751962],[3229864.3573205704,3606360.1987442058],[3229873.614106784,3606381.2255160064],[3229886.222407331,3606400.4329862026],[3229909.589013746,3606418.0597656346],[3229962.77449222,3606455.1847633533],[3230010.1602237406,3606488.775613712],[3230029.7999132676,3606547.0898244996],[3230047.0476592383,3606640.055743673],[3230060.411970922,3606707.8950019227],[3230070.9362823544,3606751.149424691],[3230072.290019418,3606776.0808881917],[3230055.0505872825,3606814.9770371253],[3230002.2107595606,3606862.4404088496],[3229955.5193439424,3606896.409135867],[3229947.31370713,3606902.375874151],[3229933.7445033356,3606908.7844529073],[3229911.083640785,3606946.481928366],[3229875.722040356,3606968.7195772706],[3229862.6675801114,3606986.0756177814],[3229854.8915592497,3607003.3781870985],[3229858.2691210443,3607018.7053967696],[3229880.424744061,3607027.943332579],[3229912.4326096075,3607035.657665473],[3229960.547268235,3607049.7454635617],[3230007.038386888,3607050.107183799],[3230016.977060708,3607057.9095570855],[3230015.922310694,3607069.821202861],[3230009.7609585854,3607082.135709882],[3229993.133532541,3607086.8324807347],[3229971.4346981603,3607088.0838901084],[3229936.1723866863,3607086.384544227],[3229908.408056137,3607092.604500436],[3229887.9535383154,3607104.1103011295],[3229872.679205722,3607137.7748370324],[3229872.2613176405,3607142.56618064],[3229869.276826507,3607176.5452660685],[3229868.845285544,3607198.1250022096],[3229858.0078054764,3607217.9130935906],[3229843.58804151,3607226.619643637],[3229827.0282978825,3607230.553589222],[3229772.6328576826,3607215.4061709223],[3229752.900698375,3607210.436330972],[3229740.101893601,3607211.6935126977],[3229710.6945895823,3607234.4293931318],[3229683.946376367,3607253.5698472275],[3229668.7252840796,3607252.2035895907],[3229654.930693983,3607232.0641248627],[3229635.1188629176,3607210.5010800418],[3229604.266434879,3607222.6526556974],[3229566.1967720557,3607253.1919352347],[3229544.0334294047,3607264.75523924],[3229524.845032927,3607261.966098079],[3229512.687834146,3607238.1669845167],[3229500.490393904,3607229.9213799643],[3229478.6479096017,3607240.3154281285],[3229457.243667347,3607263.388521084],[3229434.915546758,3607289.3633349417],[3229424.568848319,3607308.3448342304],[3229406.1658137552,3607326.9581400463],[3229387.257384713,3607332.64434733],[3229357.8339826902,3607318.7920084386],[3229340.612759552,3607293.880380094],[3229329.8132372275,3607267.9260637863],[3229312.5931579527,3607229.8730940963],[3229297.582008796,3607195.288415274],[3229288.832565674,3607171.3575827056],[3229288.169552111,3607153.984507083],[3229295.864291377,3607143.2992251376],[3229312.334693974,3607139.1320219696],[3229351.3558090813,3607153.8546920107],[3229403.281712248,3607154.934735229],[3229419.2871096274,3607146.0973128797],[3229429.227906281,3607126.9493847825],[3229432.957421457,3607105.608619036],[3229416.8113698373,3607085.001740825],[3229391.1066066558,3607071.3904304286],[3229351.745637117,3607077.742707843],[3229332.052657707,3607076.685355149],[3229271.3735964224,3607066.150644629],[3229227.6093771853,3607055.078563176],[3229206.7129470175,3607054.875268816],[3229175.026835185,3607048.467419922],[3229132.0062475787,3607032.7443945305],[3229103.557488979,3607016.645911271],[3229079.514084996,3607010.464797537],[3229048.081291043,3606998.650390312],[3229030.061016462,3606985.716556633],[3229013.0328359753,3606968.438983792],[3228999.027716582,3606948.351286732],[3228976.865697454,3606932.8984268922],[3228959.556375148,3606932.3137145145],[3228947.7024432784,3606948.3603017475],[3228944.5093162637,3606952.522202453],[3228932.8449332695,3606967.7068348643],[3228905.98376585,3606974.9106127056],[3228863.509977337,3606980.707048113],[3228847.018209912,3606992.9059994314],[3228845.166486437,3607003.803740339],[3228852.4675715007,3607026.807598765],[3228869.2403178853,3607045.6294901767],[3228880.2048541987,3607062.0584453507],[3228891.4279425666,3607083.483838125],[3228892.5983684678,3607099.136715083],[3228889.587310929,3607112.406617215],[3228878.27264436,3607122.1379802125],[3228862.5651836675,3607126.6515848488],[3228827.6030694833,3607130.9815272745],[3228799.149055059,3607136.397500348],[3228771.8699528086,3607144.668977836],[3228746.395511013,3607155.402568233],[3228716.2803645167,3607166.2672455567],[3228696.6077781776,3607169.4501925134],[3228685.806322149,3607171.2055932074],[3228668.3155177054,3607165.0666963723],[3228658.1498082764,3607162.2192500886],[3228640.9155329885,3607163.9632791],[3228622.81217838,3607174.597670376],[3228607.6362472274,3607194.4595837183],[3228601.7807967626,3607213.371707553],[3228600.6310479827,3607228.2394687296],[3228611.9430366205,3607243.767834781],[3228640.3733908576,3607258.143363853],[3228650.3871171484,3607267.879888013],[3228651.771469556,3607274.9272216517],[3228652.379315226,3607278.0228359955],[3228650.9983403236,3607292.187523023],[3228645.828152661,3607308.830215607],[3228634.439388603,3607326.858526025],[3228610.4305143566,3607348.081728396],[3228563.5371864187,3607382.875915377],[3228553.957616405,3607398.329422893],[3228552.1479868386,3607401.3645861065],[3228543.23157595,3607416.3706611684],[3228541.9689400797,3607430.909368884],[3228545.763919849,3607442.548866283],[3228552.268807893,3607456.431763867],[3228577.2155225324,3607486.8586539575],[3228580.89316694,3607495.2036754484],[3228583.658096807,3607501.4694489352],[3228584.9453420155,3607516.611520666],[3228581.6987374295,3607544.667245141],[3228587.5933995475,3607567.8724723537],[3228603.7232797407,3607593.6665631956],[3228618.8648152235,3607612.455724535],[3228637.1767108003,3607631.445615879],[3228656.982414677,3607646.7062772484],[3228673.7421606053,3607658.344468248],[3228688.3807979114,3607664.22840355],[3228700.1773619633,3607660.4159471393],[3228714.783561537,3607648.4406642304],[3228722.335558922,3607633.1087629627],[3228730.762846642,3607610.5522175543],[3228744.83570366,3607579.6429944905],[3228753.856949051,3607564.439587582],[3228769.946981197,3607550.657894852],[3228778.9542575628,3607550.174668452],[3228799.511674021,3607560.6555167846],[3228806.165681945,3607567.2591799553],[3228812.6284814402,3607588.867127446],[3228814.2656919523,3607626.1261637197],[3228809.7804753613,3607664.862477074],[3228809.609461182,3607700.626293078],[3228801.7231426677,3607728.35246898],[3228791.8837727266,3607772.726900753],[3228785.096154713,3607796.0834818035],[3228778.013552659,3607833.0323294187],[3228777.7363708112,3607867.373247645],[3228771.593714702,3607897.3348402954],[3228762.2228316683,3607916.01459605],[3228743.318704938,3607938.9150285115],[3228727.794314432,3607953.043677484],[3228719.452608672,3607958.0575983543],[3228704.021488433,3607962.8738232614],[3228673.7770317574,3607965.838223297],[3228651.46629001,3607965.9107863875],[3228620.2902464643,3607961.1210200908],[3228584.2195963887,3607950.0393104614],[3228573.8827541433,3607947.222262012],[3228562.1094678333,3607944.0275801816],[3228556.018398106,3607945.7966643977],[3228542.148754092,3607949.8111498696],[3228523.246458961,3607960.8927288633],[3228492.9573478177,3607995.4302898413],[3228471.7373323385,3608036.0458978694],[3228466.6344272057,3608060.215662563],[3228453.6062198924,3608123.3213487864],[3228443.220059112,3608171.0262862835],[3228429.5230570384,3608199.305976266],[3228411.3754731007,3608220.439247054],[3228382.2609499265,3608233.412285477],[3228312.0399863455,3608273.062302635],[3228264.7794395173,3608307.1698711906],[3228231.5051375064,3608327.4263631077],[3228219.465984761,3608330.264335838],[3228205.840736209,3608331.128243366],[3228177.8446573084,3608328.161067657],[3228147.201517851,3608320.889104471],[3228118.9815790895,3608312.5837301724],[3228093.2160145594,3608294.475868068],[3228069.097445812,3608286.042653799],[3228062.442050354,3608286.6150525776],[3228056.619258453,3608289.182521764],[3228050.7877787724,3608295.5349613475],[3228049.4632453304,3608299.9826367083],[3228050.7855293555,3608304.722459555],[3228052.892841096,3608309.65213739],[3228056.589146363,3608313.347223278],[3228067.275629617,3608323.4373591705],[3228100.4200235717,3608343.3390640873],[3228117.7477006805,3608350.0433141394],[3228139.994858517,3608365.2409882513],[3228149.35237988,3608376.0775800454],[3228151.48431011,3608391.970431876],[3228150.03634892,3608405.3818340166],[3228142.57744157,3608422.7168550864],[3228136.848952507,3608428.699405911],[3228132.30487131,3608433.4531107806],[3228116.2333702995,3608445.325330662],[3228102.993761372,3608460.5955545944],[3228091.179512041,3608481.1096844017],[3228081.487386356,3608499.4096651347],[3228070.388868258,3608510.196144385],[3228062.031310087,3608513.283865573],[3228052.7622002224,3608515.062504279],[3228037.770264676,3608508.6568606705],[3228027.7280838527,3608499.4345823796],[3228016.3237414714,3608477.7783807428],[3228002.162475882,3608441.162072337],[3227988.2977074073,3608411.0280919545],[3227973.813014361,3608398.026586163],[3227959.2082445845,3608394.574569897],[3227944.957985688,3608396.0961572654],[3227931.9662225163,3608405.3970367555],[3227911.335260446,3608424.4423400736],[3227898.049430527,3608433.055502299],[3227884.016803159,3608437.215322437],[3227866.074208744,3608438.38723583],[3227841.0837961994,3608435.684981161],[3227829.6050163195,3608426.005116263],[3227824.341758292,3608410.7305081165],[3227828.3681039317,3608395.6151043363],[3227844.24775597,3608370.323702345],[3227882.2840534863,3608306.945395909],[3227891.443604771,3608293.418861089],[3227895.827667035,3608279.849970005],[3227892.726740176,3608263.6161435954],[3227886.687858315,3608249.0347686424],[3227874.1336469827,3608232.68107807],[3227855.393657724,3608224.50191847],[3227834.636980095,3608220.006422139],[3227814.5599939544,3608220.371547356],[3227790.627104856,3608227.9576752824],[3227775.7940703575,3608241.1991333566],[3227758.4537132746,3608261.6233282406],[3227646.6898928834,3608531.7551107416],[3227645.131144305,3608565.764481169],[3227662.1675819494,3608592.08467159],[3227683.3054641318,3608627.5785427005],[3227692.2851566453,3608650.6364987604],[3227695.978253103,3608660.1272859015],[3227704.376276832,3608696.3764257776],[3227693.70266876,3608718.8013685034],[3227685.2079965845,3608730.1903974484],[3227669.1600778354,3608735.9879060774],[3227628.985514831,3608734.4376341673],[3227611.1631478067,3608732.799163444],[3227600.7279719557,3608728.35247219],[3227577.02333932,3608724.8353554877],[3227548.0616061687,3608729.33824878],[3227480.8136754017,3608790.8924538284],[3227411.3502274873,3608851.787722712],[3227362.379553484,3608897.1989067355],[3227333.1407193,3608926.193590993],[3227332.514903986,3608946.777979992],[3227337.73917998,3608969.191053236],[3227334.4210486896,3608994.312733163],[3227300.9409303595,3609040.661161869],[3227281.617663365,3609056.9455269943],[3227278.8150283108,3609059.31327814],[3227257.3591106497,3609076.3202628815],[3227234.931998062,3609100.85237118],[3227223.987498276,3609126.0240716664],[3227228.721712755,3609161.882728283],[3227230.2825210365,3609181.524807641],[3227227.6729632406,3609200.6571736927],[3227212.808793285,3609220.946654222],[3227190.7663448025,3609231.185248295],[3227162.79541942,3609232.9221949717],[3227145.18307803,3609215.895679904],[3227106.5674510133,3609201.8081659237],[3227040.3280395768,3609186.085888186],[3226955.2371467156,3609148.405942351],[3226930.3349852855,3609140.938880464],[3226889.941206522,3609120.1763567487],[3226785.641079771,3609074.6212529754],[3226706.191434758,3609044.883275969],[3226658.9023446264,3609033.5287310183],[3226559.6222431427,3608975.770152772],[3226537.1223715423,3608968.011172369],[3226521.684831246,3608958.7855358836],[3226487.2087074984,3608984.5000344673],[3226460.6258240105,3609011.0308837574],[3226436.563122632,3609023.3026859635],[3226410.212481511,3609021.3860083516],[3226376.96067876,3609008.3287050254],[3226338.6534520136,3608983.350844281],[3226295.051876922,3608944.440377096],[3226258.566151947,3608890.30829885],[3226232.7768369904,3608839.6141534233],[3226217.8120603627,3608779.8040401665],[3226169.3574057156,3608745.01202611],[3226145.5564238178,3608747.5737299556],[3226121.9051292464,3608737.426957107],[3226075.574633808,3608744.1867158143],[3226039.167007127,3608748.327400529],[3225997.7029352956,3608741.962427329],[3225972.1843139036,3608726.736878207],[3225954.481002755,3608724.6731103575],[3225935.975918955,3608708.9234573524],[3225925.7350292983,3608711.4131887923],[3225907.1478422913,3608722.8109852173],[3225900.157916316,3608716.4873409476],[3225859.9840195454,3608708.5692526973],[3225837.6768656736,3608706.815087769],[3225801.0683369497,3608700.196508114],[3225574.8585103676,3608662.618465305],[3225505.027962971,3608630.545126602],[3225481.9659343455,3608622.3858124157],[3225438.6215548906,3608625.852779877],[3225420.248727713,3608619.122956588],[3225400.7184168496,3608607.4409692474],[3225395.347145213,3608597.5864825277],[3225385.329821593,3608562.1655648733],[3225381.0014517717,3608545.5496424586],[3225369.7948129075,3608540.9604111738],[3225364.6871996354,3608531.6400926462],[3225350.4753237003,3608519.6595481206],[3225315.2169067413,3608474.9859511605],[3225302.391460291,3608473.387745239],[3225290.111923443,3608455.2354724114],[3225283.5585909546,3608435.972771435],[3225280.2146443045,3608390.1386448024],[3225276.405376072,3608385.448971166],[3225266.761602411,3608396.2938879896],[3225250.9485949306,3608417.4645398054],[3225233.178644527,3608440.1326271626],[3225210.3518620427,3608466.049288986],[3225207.1195832854,3608471.397452279],[3225205.6296406332,3608475.6222289167],[3225206.0251180353,3608478.05646872],[3225201.939561818,3608482.3922530175],[3225199.4408666166,3608482.491292408],[3225193.666271761,3608485.718073929],[3225184.8425157447,3608496.6752199405],[3225169.7772604115,3608516.3542975336],[3225156.3201279882,3608532.7000348866],[3225149.3763070023,3608541.4080568408],[3225147.237736444,3608539.5224163495],[3225143.4042019863,3608536.149716447],[3225143.2449709456,3608517.5581846377],[3225134.077040052,3608315.434039885],[3225127.7958153565,3608302.0509902146],[3225122.6377235106,3608289.476980191],[3225124.139686539,3608278.004261908],[3225144.347962971,3608235.1379338754],[3225148.9506240063,3608229.4579522423],[3225137.755532114,3608196.875224448],[3225108.2501831967,3608144.6221462116],[3225064.8543333346,3608088.5451396876],[3225026.3635359937,3608036.168035629],[3224986.776547823,3608011.1391446237],[3224979.7676118193,3608006.7069028025],[3224938.4684004216,3607981.402915552],[3224897.099134806,3607958.1286581648],[3224891.835477645,3607955.171356865],[3224855.964906122,3607936.8792567695],[3224844.698637408,3607928.7056586053],[3224828.802686179,3607900.320561534],[3224802.425114263,3607847.287669356],[3224782.768903938,3607808.727160545],[3224765.301639738,3607778.1926398524],[3224751.2839965653,3607751.1467123628],[3224717.8643855,3607695.4034226183],[3224683.4898477513,3607646.5386012713],[3224669.8729338013,3607629.055845174],[3224657.2020723666,3607614.380017209],[3224595.1589372987,3607542.28205066],[3224563.496901908,3607507.101357117],[3224519.8735865015,3607458.6257589217],[3224429.6940923734,3607359.38401791],[3224386.743678877,3607334.1951710293],[3224363.5447891313,3607326.9003197355],[3224346.3598061893,3607326.796899121],[3224308.1716343556,3607305.1010240894],[3224286.6450076094,3607284.635903237],[3224284.271364255,3607251.629826179],[3224269.017254058,3607235.084763713],[3224247.965230887,3607230.9618057],[3224242.9178006714,3607229.056570523],[3224232.5994145926,3607213.960857612],[3224220.7143538957,3607211.216666517],[3224199.139263849,3607212.14280026],[3224172.749669018,3607206.127726928],[3224139.7166884383,3607178.0199844446],[3224127.4997158404,3607170.0546871824],[3224114.7270367136,3607152.414146659],[3224090.4444509884,3607147.337943111],[3224073.5152282864,3607136.960895228],[3224063.2352118785,3607115.519286547],[3224062.244423654,3607109.3190790974],[3224052.445729034,3607108.898789672],[3224040.643719582,3607102.9031767],[3224018.243542754,3607090.470794076],[3224002.7846798664,3607085.0163608077],[3223983.5381343365,3607081.1468528025],[3223967.881046927,3607065.5740482197],[3223956.661627041,3607058.367855867],[3223925.79410279,3607031.5533573017],[3223912.381522524,3607008.2258557724],[3223907.869500636,3606998.1407130924],[3223889.4220387926,3606981.208647207],[3223882.972338894,3606976.078325362],[3223882.5750817475,3606961.2813158366],[3223869.290620439,3606948.848377298],[3223863.7688129526,3606933.085145319],[3223835.340131463,3606918.066052685],[3223828.2006392553,3606899.9922242477],[3223808.688696808,3606881.869207712],[3223803.5164325796,3606868.3789036544],[3223806.866978647,3606835.802144998],[3223810.735782557,3606785.7453875407],[3223815.1720954007,3606764.463691936],[3223812.254197905,3606737.431358239],[3223812.0202321624,3606717.557510174],[3223806.3208420095,3606710.704279474],[3223756.114783502,3606702.6880166475],[3223751.386417998,3606683.5813284037],[3223727.8816414364,3606654.396374285],[3223714.7127573118,3606636.0702338237],[3223704.3129150174,3606625.767499346],[3223700.0425892207,3606614.1402312415],[3223701.9154471373,3606604.129280599],[3223708.7712900303,3606595.9468423105],[3223728.291526368,3606594.7467161464],[3223744.467294343,3606598.5779287242],[3223750.4276721547,3606595.5003517326],[3223751.589887201,3606582.7750222473],[3223748.2772468445,3606565.7518726755],[3223746.168778487,3606540.4209696637],[3223733.6980546694,3606519.6944289114],[3223734.5272619,3606512.685108529],[3223747.7743926016,3606496.651564491],[3223750.181886889,3606485.9936014074],[3223733.3114306815,3606458.064342191],[3223729.489364676,3606449.330084229],[3223717.3657948943,3606450.2210577796],[3223707.056908576,3606440.8622474344],[3223704.95593137,3606424.1089842543],[3223702.665323728,3606406.0906085544],[3223686.0399874467,3606399.090632666],[3223667.9912182745,3606392.3436701605],[3223642.553050097,3606371.3212308562],[3223626.9438444665,3606357.4507594686],[3223614.7127932524,3606343.3136104345],[3223611.050998751,3606326.5245714467],[3223597.8764601573,3606308.096339684],[3223563.0920965015,3606285.900615703],[3223544.1529913424,3606280.3358140513],[3223536.666959841,3606275.1118096756],[3223520.7546229167,3606264.0061707357],[3223479.4315498406,3606232.9760554833],[3223394.947058933,3606152.3053218983],[3223360.5373167405,3606120.4625802594],[3223322.5621626074,3606085.320976438],[3223299.354170059,3606067.163212823],[3223276.9624900427,3606055.6621252852],[3223046.4784164056,3605937.336877012],[3223004.773694927,3605918.868983877],[3222979.0918836417,3605908.1666876003],[3222947.4214576036,3605890.417374747],[3222910.8397248387,3605834.755606592],[3222858.5185357556,3605789.2822413608],[3222852.3124612146,3605787.279368599],[3222841.9563794388,3605784.7877356093],[3222768.211448437,3605764.7637834437],[3222747.4253913937,3605755.888385678],[3222714.958989918,3605757.6436060546],[3222685.80354593,3605743.8630337506],[3222669.080308323,3605702.1442882787],[3222601.3982168846,3605623.9624715536],[3222579.252785684,3605436.378070996],[3222321.9653658085,3605316.571550234],[3222296.684250067,3605300.7253920482],[3222151.1999139423,3605209.551215937],[3222116.1738764667,3605195.816982221],[3222050.241531185,3605140.58556583],[3221921.1039774492,3605088.822086108],[3221910.610166407,3605086.0778180636],[3221878.6842330694,3605066.9459827007],[3221820.32132842,3605057.8644831046],[3221695.5134067843,3605018.523601947],[3221681.5683555286,3605013.362417372],[3221609.506424251,3604986.6979331234],[3221445.5628565997,3604916.352404306],[3221432.6141015086,3604910.8004128784],[3221393.991001892,3604892.7447045115],[3221052.7411824055,3604724.603714228],[3221000.3082140014,3604671.866451492],[3220965.394361156,3604631.1160139306],[3220932.9598345133,3604606.6257071667],[3220928.1150953034,3604610.3787372424],[3220921.4467627034,3604616.5070004747],[3220905.7726785643,3604626.4326897566],[3220887.6049482934,3604637.9302454256],[3220869.4121023845,3604647.3405994116],[3220863.051582258,3604651.46185799],[3220855.5579266855,3604656.1803955394],[3220851.445831015,3604659.686585733],[3220843.1376843383,3604665.6496682405],[3220836.1380370874,3604669.12105041],[3220824.8680382776,3604673.468592067],[3220810.457894359,3604676.9685403253],[3220797.347858357,3604680.7968852967],[3220791.108976281,3604681.173503693],[3220777.860569564,3604678.973833339],[3220757.1926324265,3604676.195385002],[3220742.055597985,3604681.079851543],[3220714.1920152754,3604698.0159813506],[3220707.1092114653,3604692.259943965],[3220703.6120458436,3604680.3073708424],[3220699.14696165,3604672.9147761636],[3220695.7637780057,3604657.32279424],[3220685.413592999,3604635.659095361],[3220672.750906354,3604588.228355379],[3220674.4673214005,3604552.200315955],[3220674.8407970136,3604517.924792977],[3220674.71447388,3604499.3332788795],[3220677.157097009,3604476.241505264],[3220678.486814653,3604442.7114572334],[3220677.190402585,3604422.989401369],[3220679.825911061,3604410.3063771827],[3220687.0356204365,3604393.418212885],[3220697.1845253287,3604368.0751696248],[3220703.0061820685,3604350.2819754034],[3220725.5824176045,3604307.2553521707],[3220748.2006434444,3604255.534629961],[3220779.197306996,3604196.281371044],[3220821.952133737,3604105.268340218],[3220845.097809489,3604051.7989269122],[3220872.2044208716,3603996.9194157114],[3220879.5661230963,3603984.4234007755],[3220896.951456559,3603948.6172851934],[3220911.316172814,3603915.1435486902],[3220927.0735699907,3603877.1795573444],[3220933.488843385,3603857.828316584],[3220935.000042985,3603853.251665285],[3220954.061877142,3603807.2278538793],[3220966.975585728,3603774.3829360707],[3220981.0595425693,3603764.9709871057],[3220988.501594833,3603762.727081687],[3221014.682493435,3603753.909401369],[3221011.6011781287,3603747.020212781],[3220999.55140938,3603720.0981938904],[3220981.125764806,3603737.3617716995],[3220971.0598674472,3603732.5709238257],[3220958.0329384366,3603711.0735582686],[3220940.852462394,3603697.3247911995],[3220920.212272073,3603656.811364918],[3220908.304372238,3603614.476847216],[3220889.886375929,3603591.9535605134],[3220883.6682171714,3603565.9276109966],[3220883.461511376,3603545.5273117316],[3220868.683991939,3603536.3365690242],[3220867.4205473065,3603520.437060616],[3220874.2683930583,3603510.734555281],[3220865.138774258,3603487.2443097285],[3220859.7657815386,3603458.356207034],[3220847.884463832,3603410.68983207],[3220830.9436959317,3603350.7830769513],[3220815.100108768,3603316.489339634],[3220797.4315273436,3603281.00543705],[3220779.511808868,3603264.57228103],[3220745.8074789885,3603244.4724624446],[3220704.984860976,3603239.340056488],[3220674.531254884,3603237.728701109],[3220643.993627246,3603240.589233721],[3220623.368526788,3603237.84527803],[3220590.7090450507,3603213.880940797],[3220563.184933126,3603196.916653723],[3220544.041336191,3603193.6636718856],[3220516.8036190663,3603196.9888084354],[3220491.7485464383,3603208.1575996904],[3220455.69842717,3603221.548331665],[3220411.8680004,3603213.9971834063],[3220394.1277133003,3603216.4426206434],[3220376.41889103,3603218.8804861763],[3220356.60559148,3603213.985049588],[3220339.2643636046,3603206.3383048833],[3220324.2847633585,3603187.984475034],[3220309.5214860654,3603183.484369166],[3220300.4033947336,3603181.0177426743],[3220292.7422643937,3603169.973095546],[3220275.2206106484,3603154.249722079],[3220267.1934758215,3603155.1183580477],[3220260.3263325896,3603153.7843500315],[3220258.44921438,3603146.3727460797],[3220259.427232653,3603132.850019514],[3220244.49482703,3603116.566764775],[3220238.213715412,3603110.362969478],[3220237.115832625,3603091.880897404],[3220227.394949623,3603078.4725515493],[3220198.6851018704,3603062.0393941645],[3220134.579662905,3603053.353744408],[3220052.9206602965,3603045.2987153484],[3220031.3486182382,3603056.129867175],[3220012.859832123,3603061.726081835],[3219992.580476058,3603059.694196592],[3219961.3589683855,3603084.625754521],[3219947.5269738594,3603088.9297712916],[3219931.027308792,3603103.751179215],[3219915.266871202,3603108.9724864196],[3219901.749043756,3603121.2175978236],[3219876.008529972,3603121.3299400085],[3219846.059334344,3603115.8626515362],[3219833.9105407307,3603124.4740930367],[3219806.5402693683,3603118.023776622],[3219785.710491596,3603114.700238894],[3219733.7859822568,3603083.6548491693],[3219695.169740143,3603066.4224777184],[3219677.5022103973,3603035.6561079896],[3219658.557250265,3603017.4045572258],[3219639.6692099227,3603017.025896814],[3219609.390705861,3603021.175620415],[3219561.007420124,3603038.4681078307],[3219555.9381165598,3603051.2605152205],[3219534.1889606705,3603049.7372866417],[3219519.8521186835,3603032.471084118],[3219496.009803181,3603024.509095341],[3219465.5045622224,3603026.6213768777],[3219456.125154108,3603029.372938414],[3219435.827051004,3603022.3786360626],[3219423.715079846,3603022.987817743],[3219401.465410283,3603012.74111894],[3219373.5982979666,3603002.9973677914],[3219353.0923726885,3602998.8260688265],[3219338.3078986974,3602982.6467633927],[3219323.7461195863,3602963.3535713702],[3219304.6235139137,3602950.690568905],[3219287.2188930428,3602943.7525086585],[3219263.4610902937,3602932.009450992],[3219251.10265538,3602924.8224236774],[3219233.0182756204,3602914.299817537],[3219212.682211131,3602872.047414765],[3219097.671367745,3602734.91973171],[3219065.788254983,3602654.4208474634],[3219042.772825669,3602595.6575977625],[3219018.5783969276,3602565.731524587],[3218992.977638526,3602534.9396386836],[3218931.7724487484,3602500.8537417483],[3218892.621456128,3602485.906983059],[3218822.7055127556,3602478.5570523767],[3218765.7541573285,3602479.8803415764],[3218738.8261984633,3602485.992195561],[3218612.1143130753,3602534.503343999],[3218540.4043911453,3602531.125485533],[3218488.0964308837,3602531.2652244857],[3218398.8776627313,3602537.0032366244],[3218248.141968753,3602459.29814513],[3218121.0319112195,3602383.750419682],[3218083.2808138006,3602349.9248456247],[3218074.519355424,3602334.3988558883],[3218074.2055612197,3602315.6323015387],[3218074.5276593934,3602299.264813032],[3218076.4307824024,3602286.619386364],[3218067.6985841915,3602271.8915190906],[3218059.3616346,3602258.8275270825],[3218057.971150755,3602240.5645598094],[3218057.3311108258,3602230.1369924718],[3218033.3593305736,3602213.4808350117],[3218014.6738887737,3602186.576999231],[3217972.0209555,3602061.374847274],[3217945.9194198144,3602001.3967629913],[3217803.0912758894,3602084.1274249475],[3217745.2430007127,3602116.648076951],[3217725.3433407554,3602128.8772383835],[3217660.272699844,3602128.1395261995],[3217615.2881872505,3602122.639539132],[3217561.1971607674,3602061.50371185],[3217537.5823719017,3602033.5806438555],[3217469.092505567,3601948.893417235],[3217359.696336778,3601883.0356723117],[3217156.7847647173,3601766.175354676],[3217146.2930679824,3601765.5551002114],[3217140.7585869506,3601770.503631325],[3217135.7961370014,3601780.0870885],[3217135.7512392253,3601784.5731312856],[3217135.329237382,3601791.0261813784],[3217133.002622396,3601799.093459485],[3217124.362949731,3601803.6477938467],[3217117.861445565,3601805.2310660984],[3217107.9508374147,3601804.0437541227],[3217104.220881519,3601796.439020618],[3217099.5046675196,3601788.3497066055],[3217096.811176518,3601782.655348902],[3217090.9508115416,3601772.2447289517],[3217086.9092195528,3601766.303465669],[3217079.793143539,3601756.049098156],[3217075.035900959,3601753.0316182123],[3217071.9165556296,3601753.2045638408],[3217067.677562801,3601759.2987335096],[3217065.2893959545,3601764.7811126797],[3217060.2295595966,3601771.0636948445],[3217051.4833289376,3601766.4177524517],[3217045.7281928174,3601766.3698170367],[3217037.2526895907,3601772.759515482],[3217032.139016209,3601775.8915956747],[3217028.060400635,3601781.498099596],[3217024.6962311435,3601788.8173017222],[3217011.780579689,3601796.4379995754],[3217006.3331907038,3601795.8780095573],[3216999.136318708,3601792.868054795],[3216997.338180054,3601794.3183650183],[3216994.274311537,3601802.289233856],[3216987.983007955,3601801.7967522726],[3216982.5113061434,3601798.803811995],[3216977.332100818,3601797.0281126546],[3216973.9383705016,3601801.892667243],[3216970.0714811804,3601804.859223789],[3216962.101547192,3601812.1383456863],[3216961.3362116856,3601820.124639655],[3216954.5641072886,3601821.774062339],[3216950.252082656,3601827.0003604596],[3216951.0104728974,3601836.4907361963],[3216949.0700662574,3601839.126152925],[3216940.886979673,3601837.368874726],[3216938.6703070924,3601832.421240222],[3216933.5207832837,3601833.1002798215],[3216930.096285332,3601836.672397647],[3216928.861463075,3601842.7483138726],[3216924.66237133,3601844.933018587],[3216919.1741613825,3601847.707823601],[3216913.5771894846,3601852.971048457],[3216913.7673135395,3601858.412290697],[3216909.5108772544,3601867.962233572],[3216899.184239568,3601883.7535363296],[3216898.118739913,3601889.351072204],[3216896.2005582275,3601898.4810540555],[3216895.788889679,3601900.3069764264],[3216885.473763914,3601910.907092192],[3216880.494895625,3601913.4198529017],[3216874.6499290112,3601909.5055865347],[3216872.419451775,3601910.3365072664],[3216868.3720620223,3601917.2356284494],[3216863.9603902353,3601923.222613868],[3216858.195497768,3601927.802081091],[3216853.451353262,3601929.532928623],[3216849.534123638,3601927.59953989],[3216842.2418416636,3601933.56347681],[3216832.221167806,3601935.4292472806],[3216824.3505550073,3601944.8473619362],[3216813.1940513663,3601953.1907325396],[3216808.9911904186,3601954.789778617],[3216803.678857766,3601955.9458285123],[3216794.5552360797,3601963.7940420546],[3216786.1151338713,3601970.325329942],[3216781.5503478344,3601970.4249666454],[3216771.5284957923,3601971.7159592044],[3216753.2285757926,3601984.8369210185],[3216742.8708290225,3601986.7965405495],[3216734.79266256,3601989.8344610697],[3216711.1395409233,3601995.3438390126],[3216719.112154969,3602014.8573197667],[3216709.493034034,3602030.212360449],[3216663.6186194597,3602041.9527004343],[3216616.9707029285,3602073.4167186692],[3216606.643197521,3602086.9199047945],[3216589.0251029576,3602094.2383987023],[3216579.4002519147,3602092.0162906796],[3216562.6027016314,3602098.1685776445],[3216539.049498619,3602111.9494892634],[3216464.0883278986,3602097.416383374],[3216415.2703986075,3602083.4620120726],[3216359.1366320387,3602111.557516143],[3216289.165564498,3602097.087865499],[3216254.3836404122,3602124.5827416764],[3216229.6197289266,3602144.8846632694],[3216146.21219045,3602217.999944429],[3216062.8812096096,3602312.728137902],[3215960.06717847,3602361.1152649187],[3215892.841583391,3602355.773444918],[3215845.152247471,3602401.226948707],[3215833.587988965,3602422.57012193],[3215831.904804054,3602429.066784059],[3215822.0519017475,3602443.8374590217],[3215633.187844501,3602581.398375068],[3215582.561501882,3602616.0669929953],[3215545.438450562,3602634.809626558],[3215513.1475920184,3602645.6777505074],[3215490.8359221183,3602669.8512080363],[3215464.486381255,3602681.767113422],[3215437.2151033366,3602704.9763148883],[3215429.2429214437,3602706.7600996],[3215412.9376516263,3602711.4627591544],[3215391.2953934055,3602714.5911506964],[3215347.5803896403,3602725.9811928105],[3215306.3316108338,3602736.1716791783],[3215271.0256628143,3602718.564778728],[3215203.1209939425,3602674.3839221885],[3215103.340324701,3602641.652439481],[3214943.1228981204,3602590.052547102],[3214918.5099033173,3602582.126103657],[3214916.153983077,3602572.5875109914],[3214940.601179351,3602564.699471728],[3214960.8180919252,3602488.222723874],[3214961.694610045,3602461.2809896246],[3214966.2993006115,3602436.4209236996],[3214976.4877149765,3602407.1722334526],[3214983.6760758413,3602401.9317712877],[3214990.7292061932,3602387.93397137],[3215003.664334617,3602371.706912525],[3215009.839894415,3602349.97290571],[3215020.1944452687,3602324.078106903],[3215049.2175691626,3602290.7975221234],[3215076.718028431,3602264.308919113],[3215107.3341404623,3602248.2783051925],[3215130.410990243,3602240.507585296],[3215140.535199751,3602229.9029132016],[3215159.579290135,3602189.738733117],[3215240.6600557817,3602038.2538932757],[3215262.9178570868,3601992.4629152683],[3215253.807812499,3601975.022510329],[3215247.458538844,3601961.9134847377],[3215251.705536901,3601932.4705048003],[3215251.7905525086,3601905.388990215],[3215260.7013939396,3601867.111229166],[3215270.6755442135,3601854.725951772],[3215278.7619906543,3601853.156050792],[3215283.4223784907,3601852.249320899],[3215290.757954892,3601845.2709861584],[3215291.6743695303,3601832.8402238395],[3215290.813751187,3601832.325317422],[3215289.9594263555,3601831.8088759147],[3215283.910867569,3601828.187434554],[3215281.838172725,3601824.781202346],[3215271.3871790012,3601813.5471038953],[3215270.787784817,3601800.24350854],[3215252.847623757,3601789.8353374754],[3215241.0644972892,3601771.8619069518],[3215227.9368700953,3601759.186805743],[3215220.905349723,3601732.4376901165],[3215201.6698507844,3601685.35567056],[3215194.9851431893,3601667.496180276],[3215197.145592305,3601659.3870814964],[3215190.426158872,3601649.8429747852],[3215191.0426813,3601643.376102594],[3215181.259538633,3601635.5343224984],[3215181.6800528346,3601623.8802957744],[3215172.62286637,3601610.8565677903],[3215163.8279442172,3601605.1323422315],[3215154.3891706057,3601602.809726915],[3215145.1398295006,3601582.8260868406],[3215141.303455239,3601562.2813162277],[3215144.069980212,3601551.6197088915],[3215140.356880098,3601542.6883670045],[3215140.429543568,3601531.0846703188],[3215132.460540463,3601523.6747762603],[3215127.6725267023,3601521.218595934],[3215124.3922694786,3601510.0071362923],[3215124.1273485753,3601488.2229403406],[3215118.151561345,3601472.3765515136],[3215130.9576108,3601440.3739397083],[3215143.5247589727,3601428.0004026834],[3215133.628803785,3601404.251125459],[3215143.639292201,3601379.1320212837],[3215161.5468802885,3601355.572749879],[3215158.7123657446,3601344.056966551],[3215148.1065132124,3601333.8500904795],[3215142.959534483,3601319.9875308685],[3215134.663409778,3601312.1166045526],[3215134.697560625,3601295.8281454025],[3215141.410888545,3601283.145373492],[3215132.046741986,3601263.9145218907],[3215108.2620595037,3601235.4073482472],[3215113.6174028507,3601217.234088089],[3215102.864374001,3601196.5356947947],[3215089.3112508124,3601155.8681672183],[3215085.3054978256,3601138.103026746],[3215086.031510708,3601123.9468774246],[3215126.216567441,3601092.6180408774],[3215122.667065594,3601049.567910982],[3215119.2499965136,3601033.4885424497],[3215122.3936334704,3601022.9997272557],[3215113.7787197474,3600999.628240626],[3215104.0612691995,3600982.4049198916],[3215103.690695505,3600964.5239571207],[3215101.2075116523,3600955.08548841],[3215102.176250631,3600947.7158799046],[3215098.590800634,3600937.2691823505],[3215088.3502437067,3600902.8464046232],[3215093.84567931,3600887.8951468747],[3215092.393796458,3600875.57040451],[3215088.9191433317,3600870.4811784932],[3215077.689633024,3600865.4426544704],[3215076.1985040116,3600854.151456535],[3215072.391165501,3600843.2641524747],[3215072.7439994495,3600832.524142243],[3215066.3579729698,3600809.5869419267],[3215064.118951589,3600785.9028344895],[3215050.7217825074,3600760.4533217037],[3215056.3628613977,3600730.0954184183],[3215050.300234715,3600714.2471592803],[3215057.6705706427,3600694.466594972],[3215049.423967905,3600685.1453106543],[3215049.735370715,3600674.1277886713],[3215046.9877170986,3600661.3367481],[3215048.9699603,3600646.8857902675],[3215040.784989021,3600615.689354083],[3215027.89599872,3600600.113987428],[3215027.593762148,3600594.0323576946],[3215032.746964748,3600585.4695443995],[3215031.20483034,3600577.2512154174],[3215031.4912907374,3600575.052860189],[3215030.6781075126,3600566.840816996],[3215028.440257729,3600559.4019633424],[3215024.931268706,3600551.6518681794],[3215012.77291587,3600548.4275852125],[3215004.538434104,3600536.146479568],[3215013.3951792694,3600520.1798061403],[3215021.5833142595,3600503.4213093463],[3215033.423910665,3600499.5783517277],[3215029.3379441723,3600481.0504464554],[3215033.019783005,3600458.3728953917],[3215028.2316179145,3600430.3748253826],[3215039.529362848,3600420.4744997434],[3215044.2541885558,3600406.9424353233],[3215043.1556723504,3600352.4452595334],[3215045.80134759,3600338.6264641783],[3215035.5568565065,3600328.3196790963],[3215036.86557787,3600319.210464198],[3215044.6002675304,3600308.280888385],[3215046.4903499167,3600293.5879108347],[3215027.219078801,3600289.7741432157],[3215022.592343759,3600279.569892681],[3215024.137677393,3600258.6215797905],[3215017.3495357935,3600248.231155497],[3215025.9354928276,3600235.851395922],[3215037.3437809353,3600227.753598798],[3215043.2227392346,3600200.0878411448],[3215034.3728724075,3600182.756324502],[3215039.8377749287,3600157.6652012663],[3215037.775120266,3600136.780023254],[3215019.828991741,3600116.4665699233],[3215019.061017175,3600087.580136725],[3215014.5017504822,3600073.9883812084],[3214971.4766318677,3600041.7512102607],[3214952.7543830285,3600017.255149452],[3214941.899100107,3600004.658222463],[3214924.968039629,3599994.6016643397],[3214917.3943816978,3599966.6732124714],[3214897.1544625033,3599948.9213256226],[3214898.4934914783,3599911.375140512],[3214880.949054055,3599880.194960241],[3214875.759449615,3599860.5441042134],[3214885.440659172,3599845.4234995274],[3214877.539935058,3599813.317868482],[3214888.2704954203,3599806.800430941],[3214883.351471616,3599778.213024494],[3214875.290493747,3599744.01800955],[3214853.422806233,3599713.903720601],[3214842.978485845,3599705.5555779133],[3214832.451114184,3599691.716674868],[3214825.962911198,3599661.0383423534],[3214826.999612544,3599643.7691846103],[3214838.393963547,3599639.920139944],[3214850.864691918,3599622.543044643],[3214845.353107053,3599618.698409313],[3214836.283041816,3599620.5193681284],[3214830.1719160564,3599616.62538206],[3214828.3615110605,3599611.6824677307],[3214831.778902135,3599607.8576096715],[3214837.0893237023,3599595.5864051497],[3214840.807081688,3599567.1590994885],[3214829.2209157506,3599563.6109639225],[3214822.9665035056,3599558.348273368],[3214825.482727033,3599542.7777440744],[3214822.402802452,3599534.899972748],[3214811.2933006193,3599533.479128321],[3214803.312158948,3599528.4420014094],[3214801.140253878,3599517.2018315187],[3214803.547233663,3599512.2542814105],[3214804.49933233,3599501.8284037975],[3214795.694337193,3599490.2156061265],[3214794.132908729,3599478.228270403],[3214790.8239375115,3599456.128330535],[3214796.8917646254,3599437.873754183],[3214786.4284896064,3599426.791947534],[3214781.2733188923,3599406.384857284],[3214777.7693975912,3599397.977708512],[3214767.673047955,3599392.754645503],[3214752.796577245,3599395.9918102166],[3214753.233653566,3599394.078878754],[3214752.1715668626,3599390.115484529],[3214749.5899031563,3599383.9915537136],[3214747.090215459,3599379.2857889477],[3214748.7679153113,3599375.551572902],[3214745.8702622456,3599369.2285850653],[3214746.6159880115,3599365.7216777685],[3214748.12625463,3599360.221972294],[3214746.8745394745,3599355.4879538296],[3214741.6060878937,3599360.2820355883],[3214738.4605001877,3599362.038700347],[3214734.405940017,3599361.9461168214],[3214729.817288992,3599361.5005808924],[3214724.789371761,3599357.1813575416],[3214720.2332172794,3599359.282078235],[3214699.482772088,3599362.6289730845],[3214675.9079852263,3599366.13561978],[3214656.2899876884,3599372.2669169046],[3214626.7365173036,3599379.1190338954],[3214611.891279502,3599383.188922276],[3214597.425822377,3599394.6332152504],[3214571.024022904,3599407.0218975977],[3214553.4753369484,3599411.878049432],[3214548.8426648434,3599425.411013031],[3214549.835763346,3599441.840106289],[3214560.1367546245,3599443.5266906205],[3214563.1201621667,3599449.8172056894],[3214568.7064990364,3599459.442117634],[3214573.2427405277,3599470.577286203],[3214575.2428275812,3599480.168118282],[3214575.599020466,3599490.7007248425],[3214571.087472453,3599504.39973325],[3214567.1493810173,3599510.5838840334],[3214558.600411782,3599517.018453159],[3214551.856566148,3599514.786292038],[3214543.7941868547,3599517.3399111764],[3214539.8950657207,3599522.651683054],[3214545.295264115,3599539.5473979283],[3214546.738919629,3599557.9145726324],[3214542.5775561766,3599570.3776889495],[3214542.5900947265,3599582.225248425],[3214534.3345500156,3599584.7800220554],[3214514.587496524,3599581.2445907127],[3214502.2605672246,3599575.2316434267],[3214486.358187263,3599572.6452402314],[3214468.936397575,3599573.1333743823],[3214447.1333238464,3599568.3509715665],[3214438.3154803626,3599559.917265632],[3214430.694740764,3599562.0412085215],[3214406.1529704,3599587.7840526714],[3214377.700424339,3599590.0204795375],[3214371.6760490863,3599595.022615049],[3214354.423792936,3599593.352797174],[3214337.754526305,3599603.5411232305],[3214323.3607971175,3599603.9928008453],[3214293.5475049466,3599619.735744606],[3214268.277093454,3599627.305895418],[3214241.4322072514,3599650.332847234],[3214176.927560552,3599728.285832924],[3214131.728569008,3599778.045244926],[3214107.011093173,3599798.862852439],[3214080.1768556405,3599815.583473888],[3214078.8391266735,3599798.3060892215],[3214064.7956425506,3599796.3030286585],[3214046.703591426,3599810.1422158717],[3214037.8480697703,3599840.9417499546],[3214030.954762986,3599837.182053202],[3214023.8977662073,3599821.726348662],[3214023.039765207,3599806.1267381227],[3214013.1730526853,3599789.1822472736],[3214006.841382309,3599793.1784907123],[3213987.6083111614,3599784.4688087953],[3213975.9793254584,3599786.985230391],[3213948.903968675,3599771.8021699004],[3213932.8488315125,3599777.67729847],[3213916.952584443,3599760.07615879],[3213894.0559193017,3599740.2604090166],[3213868.1442043567,3599754.0877347076],[3213837.602895181,3599766.5716677657],[3213827.9529968966,3599771.37824821],[3213821.547928308,3599773.206553968],[3213815.18574771,3599769.409479819],[3213811.6653252505,3599767.6915877736],[3213801.7889970792,3599762.175104114],[3213775.113434025,3599746.342943415],[3213748.9345172453,3599739.329809828],[3213730.1685516946,3599755.6361114644],[3213732.2172227283,3599779.724331708],[3213721.58181878,3599792.941071238],[3213704.02723126,3599793.867361596],[3213691.0397954136,3599804.310205711],[3213669.6537681,3599823.500298422],[3213647.8889832506,3599836.627255097],[3213637.018927182,3599835.3693661476],[3213632.5848141685,3599827.4772988604],[3213633.4867945677,3599822.332439628],[3213640.0695639066,3599817.6759747383],[3213631.804557346,3599806.508073568],[3213625.404407375,3599806.080275961],[3213625.7854234064,3599801.5573860896],[3213629.723108845,3599795.7288143802],[3213635.176705718,3599790.2549889153],[3213642.913361417,3599784.591911482],[3213643.549611658,3599781.375934953],[3213638.8721251395,3599778.3758455557],[3213626.716651186,3599779.894113886],[3213618.101444957,3599782.7226203787],[3213609.706780161,3599787.936592098],[3213588.122000016,3599766.950184339],[3213592.1292185136,3599761.403761067],[3213613.2329048743,3599752.3386183335],[3213607.2040081266,3599736.862221013],[3213602.506670377,3599730.5302236024],[3213596.745218813,3599722.7781669428],[3213585.7416247902,3599722.8761317623],[3213578.343243949,3599710.4035646417],[3213557.7232474657,3599694.255811774],[3213555.886031271,3599664.362742079],[3213561.8880088287,3599654.394135423],[3213571.5934506995,3599653.497047053],[3213574.023164575,3599649.9466901836],[3213557.055061882,3599631.6875222935],[3213526.830716107,3599634.488379826],[3213518.089093502,3599630.3291160143],[3213514.380664384,3599619.774543482],[3213516.4985015835,3599604.4719846197],[3213525.3553029587,3599595.6587193045],[3213527.8264375627,3599575.8285453473],[3213498.7220620196,3599568.1385364793],[3213487.825511558,3599556.7503493633],[3213469.820891543,3599547.834315983],[3213457.4170318227,3599554.2000832325],[3213447.2876873845,3599548.906982539],[3213451.483457088,3599533.09693399],[3213443.627223623,3599517.6295706183],[3213433.319838056,3599516.084947139],[3213416.8659956115,3599510.4838366574],[3213403.4765721895,3599530.7597906804],[3213394.736480385,3599523.6547097075],[3213392.0785481087,3599509.8865124546],[3213374.152354004,3599505.761195834],[3213366.686235875,3599511.2780288868],[3213374.981406524,3599522.564936835],[3213369.5928148385,3599532.0158191943],[3213357.7186116814,3599531.590401294],[3213341.4962136345,3599538.8775515887],[3213327.324600449,3599518.6702184193],[3213314.309086409,3599510.768407902],[3213309.431533711,3599499.751486196],[3213330.6963417884,3599483.097863876],[3213328.205383131,3599471.498075416],[3213311.470675029,3599475.216881622],[3213295.8654953875,3599480.512400222],[3213275.095357022,3599464.8738043555],[3213260.5811083172,3599443.2774302373],[3213263.461147478,3599432.586566738],[3213272.0676535754,3599422.729346237],[3213260.1273451047,3599413.069181373],[3213261.790977288,3599401.93901084],[3213266.2492900365,3599394.5101914303],[3213265.093230024,3599388.9243340218],[3213254.9875324443,3599383.2690255567],[3213245.0180409867,3599384.5877971095],[3213231.074348556,3599396.979772008],[3213223.3539950447,3599395.125834812],[3213217.874893428,3599393.806095556],[3213209.3279184233,3599378.5190890036],[3213208.5578386644,3599361.3326419173],[3213195.3707104186,3599338.2960820603],[3213187.064286744,3599332.926307856],[3213180.735963169,3599332.6309561003],[3213180.8726520343,3599349.603920664],[3213173.369896748,3599349.825562324],[3213135.4729034146,3599339.9239172903],[3213106.620878327,3599340.746345776],[3213071.3395242263,3599348.2597887064],[3213044.261024123,3599365.218634831],[3213022.892070477,3599362.786869797],[3213016.9002808835,3599354.159414884],[3213013.4592334004,3599341.687054823],[3212999.1899393247,3599327.05017279],[3212973.5553585673,3599318.5266013253],[3212952.317863321,3599318.9050688157],[3212941.432645303,3599309.493990989],[3212918.7134348582,3599301.5586779164],[3212911.264812271,3599220.1404291615],[3212882.937338733,3599170.1382261454],[3212805.3410368827,3599069.393315839],[3212430.923911443,3598814.358552412],[3212460.3918775693,3598714.3097311486],[3212466.3612202387,3598677.9857791653],[3212474.7948187063,3598656.478652804],[3212487.2400045036,3598628.1114127515],[3212498.3674927712,3598603.011941098],[3212533.568160332,3598517.558109944],[3212566.399590272,3598363.4489246025],[3212574.717888333,3598317.8413294195],[3212577.7895884365,3598300.2568074353],[3212580.669209567,3598283.789333171],[3212600.29879061,3598198.8853415097],[3212628.7654342405,3598159.3446128],[3212684.571143147,3598146.0571429553],[3212730.7320273304,3598141.1902151927],[3212761.391086882,3598139.891643788],[3212792.47236322,3598144.9682208113],[3212820.9107933473,3598142.4634680515],[3212832.735600132,3598144.0282146065],[3212843.9656901225,3598141.607476223],[3212850.866688734,3598147.6081618844],[3212868.118174827,3598146.696926172],[3212886.3368458254,3598139.8999430975],[3212919.039696104,3598123.6973784147],[3212929.7222419227,3598103.7945134398],[3212934.346808414,3598072.990469828],[3212947.0499727647,3598033.9656467424],[3212968.646174743,3598011.5473080096],[3212990.3176063057,3597998.1891460186],[3213030.6836340437,3598005.1192849297],[3213063.0771090076,3598002.674484446],[3213089.8201316395,3597985.017814911],[3213110.238661789,3597958.7917697774],[3213139.759041767,3597911.3354670624],[3213145.0497414204,3597902.8293574373],[3213148.7246172316,3597896.9269481422],[3213151.9803077662,3597878.884443133],[3213187.482264816,3597850.0693439925],[3213224.922208069,3597834.381593274],[3213262.6104246546,3597809.0721308207],[3213307.115920824,3597766.646372298],[3213337.7937201625,3597702.859038322],[3213352.840526767,3597647.2139256387],[3213506.886787732,3597549.9794321237],[3213602.4575675707,3597480.4485606607],[3213661.723279642,3597443.239388402],[3213672.823265978,3597425.607988082],[3213682.9189335722,3597406.772001343],[3213685.7235350255,3597401.5889491728],[3213692.510059855,3597389.060164451],[3213695.2889432125,3597377.152625407],[3213694.482359535,3597343.7876169407],[3213692.973605042,3597327.863845541],[3213701.629830239,3597319.9183528316],[3213712.8352257847,3597314.1352339257],[3213710.34545742,3597302.500808502],[3213692.00743737,3597290.3497649985],[3213686.23898176,3597282.7599255806],[3213686.857708821,3597267.5021215957],[3213692.4696538756,3597259.804722848],[3213703.240268415,3597256.405813597],[3213716.2717042896,3597238.314969465],[3213734.068043096,3597214.7010021107],[3213740.889082246,3597206.271489244],[3213742.0510777375,3597197.289794132],[3213744.3764051814,3597182.7777445186],[3213749.8672969043,3597171.06006898],[3213767.4653643197,3597151.06144965],[3213779.686351992,3597141.1535019176],[3213782.167466756,3597136.7168432833],[3213780.2186198784,3597132.6246310305],[3213772.5780242216,3597129.1501963506],[3213761.553293176,3597122.8886962454],[3213759.3857828155,3597120.621683671],[3213760.399834019,3597116.899615097],[3213754.6060048775,3597115.5288519785],[3213750.9737889534,3597113.3890889427],[3213750.3446106343,3597108.526193622],[3213750.1151270336,3597107.132488803],[3213746.962891428,3597107.64844956],[3213747.241314509,3597104.2209107834],[3213749.0368115567,3597103.1040208815],[3213754.177487853,3597103.4490697505],[3213759.864491013,3597098.63292866],[3213760.120702076,3597094.3824171205],[3213766.639605159,3597093.2176665547],[3213771.580968055,3597089.4693871783],[3213774.448123217,3597083.914561862],[3213777.9894863144,3597083.188633523],[3213781.787047267,3597082.5267635826],[3213783.9920995645,3597090.6179070165],[3213782.974043899,3597099.5069018784],[3213786.2391458293,3597104.198426227],[3213798.459077078,3597108.3965486586],[3213813.9729912803,3597112.573448401],[3213821.363006944,3597112.6689461945],[3213845.8805506043,3597098.748863498],[3213865.429605578,3597094.002777587],[3213873.914362789,3597092.657745429],[3213882.5163404746,3597086.5784185594],[3213888.495135298,3597073.8561063856],[3213897.0758315027,3597074.420631148],[3213909.886348181,3597074.1259189756],[3213925.3175940085,3597077.886140986],[3213933.486860156,3597082.831092689],[3213946.2442402598,3597089.2685712986],[3213955.931645265,3597092.865267436],[3213969.4768328825,3597091.9197712336],[3213981.9903323916,3597087.7858716543],[3213999.2759585716,3597087.4122629855],[3214027.238360887,3597095.9052650128],[3214046.5555497548,3597098.8215330737],[3214053.6788176335,3597100.8463148316],[3214062.775111692,3597098.132904863],[3214066.415022119,3597092.2978216214],[3214061.6739834324,3597085.2164111203],[3214059.16248912,3597079.6506436183],[3214069.6243843157,3597072.3357161344],[3214077.678404706,3597071.303225182],[3214082.7891000863,3597071.3913191147],[3214091.285547346,3597063.41681167],[3214094.9888029806,3597055.3688146654],[3214095.0244380077,3597041.88745749],[3214092.517872553,3597028.496899497],[3214096.6806432665,3597022.614883211],[3214094.6532521816,3597016.6549077844],[3214081.416535437,3597020.700201786],[3214069.751148026,3597017.8042781423],[3214062.3419147735,3597014.3189885807],[3214053.7539062477,3597000.8585036974],[3214062.7043876727,3596988.8384313066],[3214061.494334812,3596979.848809206],[3214052.183866058,3596979.3583971164],[3214040.578573461,3596976.137212946],[3214038.117039146,3596968.98303372],[3214035.626045213,3596964.884941502],[3214028.085553335,3596959.59084592],[3214025.608188132,3596957.8825328173],[3214021.3366884515,3596952.872605703],[3214016.6477900557,3596949.96641012],[3214003.9962559897,3596939.752135564],[3213997.128797803,3596932.9592928607],[3213993.765884336,3596923.010584534],[3213996.3605364775,3596912.356592003],[3214013.533518149,3596901.126681798],[3214033.361520587,3596894.2540846965],[3214054.3418419296,3596892.2548948405],[3214073.537733162,3596893.2911994234],[3214081.804981307,3596893.7485007658],[3214097.6718293875,3596891.270859615],[3214113.888848021,3596892.8497541104],[3214122.7335229255,3596893.6725286897],[3214138.795681526,3596888.731303215],[3214148.959531274,3596898.689681248],[3214163.810020219,3596898.9222410484],[3214172.997126669,3596896.739275625],[3214178.4479070846,3596897.204792498],[3214189.4153419565,3596894.955856855],[3214193.2255990645,3596889.8387749926],[3214194.112709117,3596877.047290612],[3214199.464744136,3596871.600254243],[3214211.802585369,3596868.8676294284],[3214224.314116665,3596871.5921430727],[3214237.392787735,3596869.34622771],[3214237.5744828642,3596866.60971873],[3214243.227736068,3596861.572510792],[3214247.288552692,3596847.7540493924],[3214252.3587413104,3596835.622324767],[3214263.1505122688,3596831.1384326904],[3214276.0240269704,3596836.8006714466],[3214281.156821535,3596838.471359769],[3214287.765929481,3596831.2107678535],[3214297.5054683243,3596822.2319436823],[3214316.056336334,3596818.8820575057],[3214331.1385827893,3596816.907243371],[3214345.073440947,3596817.4902468384],[3214358.1835088367,3596821.426777302],[3214362.8336479096,3596811.767717899],[3214370.059867939,3596802.8611661326],[3214378.3598258793,3596793.405209222],[3214383.2433829876,3596784.9663384883],[3214387.6069136187,3596780.9571461948],[3214394.685736495,3596779.461311906],[3214399.200159286,3596782.283834855],[3214421.276985826,3596782.4351344663],[3214428.926854889,3596767.212735828],[3214425.8717532386,3596757.234945003],[3214450.290328213,3596757.3216941254],[3214462.5751283024,3596766.4298731834],[3214469.168297586,3596758.20711355],[3214470.972083212,3596748.080182452],[3214487.0826926073,3596741.7594691925],[3214494.333032586,3596739.059994213],[3214506.2095856536,3596743.4127182146],[3214510.665841373,3596746.4335945104],[3214522.500300723,3596752.706428743],[3214528.503018893,3596753.325446026],[3214537.844941251,3596747.5620537456],[3214541.714482411,3596737.3342723236],[3214538.3575117914,3596721.320960828],[3214539.699765104,3596706.3019870683],[3214543.2009131415,3596689.307113195],[3214547.6934364047,3596673.301604045],[3214549.175890901,3596662.3557234686],[3214555.128592951,3596653.265372519],[3214561.207463936,3596650.3914270657],[3214571.395027371,3596652.981656592],[3214577.824006403,3596649.71175843],[3214582.3140983614,3596636.330035261],[3214583.087653336,3596624.130399815],[3214591.0365841165,3596607.1328967987],[3214591.6632788684,3596597.350577666],[3214581.6620852808,3596575.881410773],[3214580.479965668,3596570.313599151],[3214585.6065915637,3596567.0160667268],[3214585.068826584,3596555.757359336],[3214585.166498796,3596546.023466392],[3214583.747848686,3596537.8096752395],[3214587.751932707,3596521.336636405],[3214582.638026427,3596502.87540857],[3214575.5778476456,3596473.429785726],[3214581.466451104,3596473.1218777853],[3214583.460621605,3596468.27546034],[3214579.7540266076,3596449.045516602],[3214566.823372568,3596452.657628358],[3214557.7143325373,3596453.911624862],[3214551.811733248,3596449.1378268255],[3214545.040282798,3596441.0208282135],[3214541.1498037167,3596417.9470604677],[3214545.678810736,3596401.3805664657],[3214538.5614190693,3596393.1062860764],[3214524.7038466316,3596392.515052735],[3214516.4445498567,3596389.59278655],[3214508.293591795,3596388.496404937],[3214492.67261744,3596396.515080534],[3214483.7008320848,3596389.636299497],[3214474.8709346224,3596377.90239542],[3214471.5334199304,3596373.6193295345],[3214468.411197987,3596366.9252809854],[3214469.076381595,3596360.2053446304],[3214464.844084915,3596354.4837003215],[3214458.4768556044,3596349.4780825316],[3214444.5296242526,3596346.078695078],[3214440.6437691376,3596344.264806085],[3214418.0765815284,3596318.714507033],[3214418.375652344,3596311.646616323],[3214421.076100981,3596300.518837486],[3214401.560840422,3596225.3977398947],[3214367.5423704023,3596157.873484442],[3214359.5419778964,3596126.942812618],[3214348.56418908,3596112.913885998],[3214336.6815314014,3596127.7183040823],[3214325.965476578,3596123.5543576325],[3214325.264133838,3596108.9415032375],[3214331.2033347916,3596087.705127821],[3214338.665636576,3596076.6819939134],[3214334.1578997592,3596055.852545108],[3214331.9360673446,3596045.5680699986],[3214327.515221219,3596038.9720253972],[3214312.355117739,3596042.8404230964],[3214291.3758475566,3596029.6736238156],[3214267.9753647894,3596014.566079776],[3214261.828010083,3595999.7277542544],[3214253.3287343793,3595994.149061492],[3214241.0257811784,3595991.465064022],[3214232.237040909,3595992.043097899],[3214218.6931361756,3595993.412322829],[3214205.727995785,3595995.3422844727],[3214186.934566695,3595993.7001233445],[3214148.6907475134,3595983.834247811],[3214120.541686238,3595963.8449001755],[3214097.0077031655,3595964.820062481],[3214088.4077731995,3595966.4107777374],[3214068.5714627993,3595970.0625481377],[3214052.5903618135,3595970.7034326084],[3214029.6451063054,3595966.875816156],[3214016.3893795717,3595957.740202563],[3213998.1416121973,3595933.415633598],[3213984.7124368236,3595923.4939965224],[3213955.222154125,3595906.7201957316],[3213928.851395928,3595886.7697011894],[3213916.3087897478,3595872.605179527],[3213903.99353158,3595865.230802828],[3213890.84150625,3595859.5331723443],[3213881.2215394266,3595841.8256826573],[3213865.800054497,3595820.792895778],[3213849.79218332,3595802.998028782],[3213849.8928084914,3595795.6676944387],[3213845.340455626,3595779.7962444737],[3213836.2217301745,3595769.042228981],[3213831.768031571,3595764.3527770485],[3213819.9440085054,3595746.4580140156],[3213807.681218779,3595722.054776202],[3213803.178888618,3595699.9238036806],[3213797.327008755,3595681.458467404],[3213794.30358099,3595657.436630749],[3213794.5123038185,3595634.685977167],[3213794.876120257,3595596.1354031023],[3213786.7873598104,3595590.411084885],[3213776.3434729674,3595580.164337778],[3213770.977655098,3595559.3024330707],[3213765.6715183947,3595539.3348840135],[3213764.5028386894,3595521.6027668854],[3213761.944665163,3595503.300607691],[3213764.4625085676,3595496.2091452195],[3213760.6109803775,3595481.7199835544],[3213764.6508596856,3595470.7942804648],[3213765.896428336,3595449.0793818375],[3213770.031403921,3595437.2906315736],[3213776.2638794594,3595427.8091437863],[3213773.850106493,3595416.720044533],[3213779.0518323015,3595409.756456479],[3213783.3307097033,3595394.722713161],[3213781.8842433635,3595382.649889587],[3213775.908113323,3595376.226227944],[3213783.266841526,3595367.5746255564],[3213790.6446854277,3595365.464807867],[3213797.3156545227,3595363.550392034],[3213799.525119474,3595360.745080709],[3213796.9120519813,3595353.48977768],[3213793.6044872617,3595346.5073807915],[3213797.8299841746,3595336.606496307],[3213805.5142945703,3595332.6732040457],[3213816.1132705286,3595329.996550794],[3213822.628375748,3595331.4681843193],[3213833.4394134628,3595333.8366239546],[3213833.228905635,3595339.7440569713],[3213826.0036930824,3595349.536505419],[3213827.8699485725,3595354.787951939],[3213835.7152754664,3595352.8403406865],[3213843.487525763,3595354.914340468],[3213853.958024909,3595346.2289142967],[3213860.0458303974,3595341.0743056173],[3213862.844779105,3595331.3487979006],[3213860.8967749937,3595322.125016284],[3213859.4009380303,3595312.0776615962],[3213861.2356664278,3595298.295883701],[3213860.7070894158,3595292.5341703827],[3213857.2029457185,3595288.038762929],[3213854.788921834,3595284.036874826],[3213854.9722987185,3595274.270364196],[3213858.94237655,3595270.3109755525],[3213864.237239478,3595269.537605782],[3213870.15102362,3595265.8751189774],[3213871.563958372,3595253.6918769265],[3213868.1143120565,3595248.032664045],[3213859.692271569,3595244.3222351177],[3213860.424579699,3595233.582014003],[3213866.1127958847,3595222.645811045],[3213877.18482411,3595214.285580579],[3213886.594146782,3595203.592603773],[3213885.59671664,3595188.752690855],[3213875.3201305196,3595166.119901861],[3213861.5502202613,3595155.5793367033],[3213868.4736536434,3595131.7899859725],[3213872.2483512787,3595120.135400225],[3213883.0831108605,3595112.765027287],[3213893.0736599076,3595110.329091628],[3213903.2488377616,3595114.6476293555],[3213929.6124154315,3595135.7281845068],[3213950.2623884412,3595140.748798041],[3213973.1623673327,3595158.5321814925],[3213984.156716045,3595159.1190975443],[3214006.400583314,3595175.267775154],[3214018.8527891804,3595195.1497946926],[3214018.0926887877,3595204.746163525],[3214026.297634595,3595208.498274968],[3214043.95925666,3595206.286319159],[3214049.884096634,3595192.289988909],[3214070.965763768,3595198.850981681],[3214115.071196603,3595260.625677964],[3214143.170629441,3595293.6630597236],[3214171.6360640195,3595298.1137127858],[3214237.371700894,3595297.586676482],[3214273.0385502544,3595293.885830722],[3214322.762821504,3595273.424879982],[3214331.7776240436,3595260.2290922757],[3214332.9512461955,3595247.1497496534],[3214343.3322834177,3595241.4672529306],[3214369.941920112,3595236.224253719],[3214390.773904845,3595235.714405927],[3214438.106487996,3595257.047651567],[3214444.088839799,3595264.425288511],[3214446.4229830443,3595281.067443488],[3214488.8869120097,3595305.5893703033],[3214503.356363518,3595292.134636505],[3214513.108810164,3595261.2840040317],[3214519.821502745,3595248.396632634],[3214529.0502276784,3595239.5210106764],[3214552.4171071583,3595228.316102494],[3214577.3078191644,3595226.00120907],[3214608.764954918,3595204.87557161],[3214660.624387107,3595197.0942237023],[3214684.295805364,3595187.127419017],[3214709.3126947656,3595184.4834277267],[3214849.485935514,3595249.0868536723],[3214877.605681591,3595265.7053995137],[3214895.4770863205,3595272.7525578323],[3214909.805445755,3595272.368226214],[3214920.9182227496,3595262.160242971],[3214929.1426034346,3595243.486945743],[3214946.5008112257,3595230.285117229],[3214968.8852680502,3595213.776749065],[3214980.9547356665,3595196.640438503],[3214992.273229572,3595178.2145612733],[3215002.699479537,3595160.9149118485],[3215011.8629612452,3595141.357437104],[3215016.879694831,3595133.117874613],[3215018.893423561,3595123.803604761],[3215020.590916815,3595105.915156266],[3215022.2508500535,3595084.9642278133],[3215026.133326089,3595073.032006649],[3215032.862999659,3595061.3496617815],[3215077.4077039314,3595029.8847376057],[3215076.1985097844,3594973.486498006],[3215076.9521655636,3594933.4523963025],[3215092.7752694176,3594904.232005624],[3215101.7966581434,3594891.3245302513],[3215106.0974582164,3594879.6242539547],[3215111.160075466,3594852.9671189915],[3215113.4348685825,3594847.9495127955],[3215118.6982948305,3594836.3599668904],[3215120.10943905,3594821.2449819604],[3215114.27947634,3594805.8342019687],[3215101.5931445137,3594783.1544544785],[3215095.285388513,3594776.8677875986],[3215089.7071099984,3594759.762127937],[3215083.788683535,3594742.359669503],[3215077.185727721,3594732.5325953034],[3215052.03073439,3594726.3263494177],[3215027.167825469,3594712.8244516957],[3214986.9476253716,3594705.7779492494],[3214961.9624929125,3594700.7271744055],[3214951.063722332,3594690.4394277306],[3214950.8767673713,3594681.166534421],[3214955.8263355875,3594676.946907319],[3214963.2296881084,3594676.650808286],[3214983.750266613,3594677.3704969827],[3214998.6536924047,3594669.8293134957],[3215002.339931477,3594664.1112749437],[3215001.371361105,3594656.5243172795],[3214997.5442036237,3594637.3010694114],[3214995.5440640203,3594621.8433901533],[3215001.7958091903,3594604.675107465],[3215031.0848182933,3594572.8770992877],[3215053.486495916,3594556.883739787],[3215077.6561065596,3594540.7706071106],[3215097.00080443,3594533.057178104],[3215117.076695671,3594517.3315043277],[3215140.558417832,3594494.771483824],[3215148.901285379,3594486.1136029577],[3215149.162337851,3594475.914958665],[3215141.1194595494,3594447.54873485],[3215159.9552651937,3594401.8812461826],[3215186.339125605,3594365.5349870743],[3215216.940210795,3594343.9916799366],[3215234.4056917173,3594341.545327792],[3215248.141847808,3594340.5362178423],[3215259.528237023,3594341.5487476396],[3215266.013210026,3594345.8368642456],[3215268.8892010185,3594352.7867765133],[3215268.829322125,3594360.4054698143],[3215267.3900111252,3594364.5291979145],[3215276.6203260683,3594367.48167966],[3215284.6631033528,3594362.2794059296],[3215294.6325876806,3594358.529223437],[3215315.099853686,3594344.446614455],[3215321.9130272204,3594319.3544153036],[3215317.5951545066,3594314.2050198535],[3215306.197861735,3594309.5022340985],[3215292.230861146,3594308.347092791],[3215268.9720600815,3594295.4194164574],[3215250.724245053,3594282.7097888547],[3215232.6562347617,3594268.311361847],[3215229.7963085473,3594251.3605976654],[3215217.80229488,3594244.8820826886],[3215176.1733729215,3594158.7064801264],[3215172.685011278,3594105.1880288874],[3215167.9635508247,3594067.787786383],[3215161.9535022685,3594036.3497351483],[3215153.2629900686,3593987.330526363],[3215152.2344967797,3593965.32077367],[3215151.6317584715,3593921.971072262],[3215156.8633578448,3593908.664215841],[3215184.3461070377,3593880.610375197],[3215193.9695202876,3593868.017490913],[3215199.113041345,3593855.031286488],[3215197.346548354,3593836.5719358195],[3215199.2783660516,3593823.4588417313],[3215201.4419214716,3593802.8808294786],[3215200.4751619026,3593789.0929422895],[3215198.950504071,3593778.938059615],[3215199.136760624,3593772.185947698],[3215201.365969778,3593763.2224038173],[3215202.792314822,3593742.444266663],[3215201.1885192557,3593722.7144189365],[3215199.2679478605,3593701.01400219],[3215199.7739520874,3593677.6299873283],[3215194.023153612,3593668.4694280694],[3215189.4461394628,3593657.585135415],[3215191.7312342096,3593646.3992661103],[3215197.8821542626,3593625.10372266],[3215201.6172926994,3593617.292125907],[3215207.4234620156,3593612.8531682575],[3215191.475899758,3593584.616652034],[3215174.239742865,3593553.173664174],[3215187.018093792,3593539.1917661177],[3215195.2463003243,3593526.7087177318],[3215214.9067365946,3593518.057442379],[3215221.1228045113,3593518.580447283],[3215233.2834989894,3593540.974622172],[3215251.377829136,3593539.825586008],[3215268.006911009,3593534.477786112],[3215272.8260969114,3593523.296407177],[3215281.246266737,3593503.8645824133],[3215278.139954513,3593484.189986465],[3215268.6543528005,3593470.186554661],[3215254.2138565164,3593458.9192382074],[3215241.1053010896,3593446.0277982424],[3215243.6039022123,3593427.163068655],[3215241.6464087702,3593416.549901439],[3215214.3483551233,3593394.2857456994],[3215212.757833978,3593389.5767279603],[3215213.965478101,3593384.6697348133],[3215216.896552533,3593382.3457161733],[3215223.0044723176,3593379.351927275],[3215233.513603146,3593378.1167494347],[3215242.239388521,3593371.414247912],[3215259.3058066047,3593355.5147171225],[3215284.01741979,3593323.202170151],[3215336.073421742,3593262.2738994774],[3215369.2835517665,3593233.7605915586],[3215418.1365679232,3593204.696204276],[3215449.0500961524,3593177.3868326223],[3215455.6651266343,3593163.8247847557],[3215455.322188608,3593156.764505118],[3215470.884191919,3593157.9815188856],[3215487.9971725675,3593155.117003336],[3215503.6728494084,3593147.322175821],[3215510.368349022,3593142.909019027],[3215514.9934946494,3593139.8624406476],[3215519.1981367082,3593135.2386746802],[3215522.0112857018,3593127.341403115],[3215529.132546408,3593110.803482327],[3215543.6291118716,3593095.5078793825],[3215569.2049855785,3593086.063582427],[3215594.6102596573,3593077.857323936],[3215609.618532289,3593073.2507766234],[3215620.959906413,3593061.5990883554],[3215632.586186658,3593046.887225267],[3215640.40478562,3593015.651108809],[3215653.8204155974,3592987.7236870774],[3215662.923839703,3592960.5234026336],[3215665.2538424637,3592866.882426781],[3215650.759744828,3592744.0553650754],[3215641.5155806905,3592688.5688318308],[3215642.2613681084,3592676.5734212063],[3215620.4715656424,3592658.913782294],[3215590.6186791374,3592640.098454457],[3215564.90628187,3592596.268249101],[3215554.789091455,3592574.9751543165],[3215542.5893996735,3592557.179619466],[3215539.3890286945,3592540.542076899],[3215534.411281609,3592525.050177072],[3215501.658151619,3592515.119683413],[3215453.496337274,3592499.839249203],[3215419.8143827254,3592496.0940271285],[3215402.217386001,3592503.7232977506],[3215380.869877074,3592510.585746552],[3215355.780820933,3592516.6907468378],[3215324.712589529,3592519.5114176585],[3215291.2449965607,3592517.567018138],[3215253.4566728054,3592521.3562993],[3215175.8733811704,3592517.874494477],[3215164.454797358,3592521.0216386053],[3215152.9557948727,3592522.3708053473],[3215144.0960566923,3592518.4071512455],[3215126.788077405,3592510.713334703],[3215068.7725508376,3592465.704765087],[3215020.625228979,3592455.072139549],[3214978.8815450924,3592452.2567714783],[3214941.2599315178,3592439.960034725],[3214920.168377883,3592427.067781815],[3214907.0003123996,3592404.849818932],[3214893.3677925025,3592369.768614614],[3214886.7645243006,3592360.378392425],[3214880.144205302,3592355.329267717],[3214871.909967507,3592353.180865588],[3214854.467402825,3592348.5920499335],[3214822.2175260815,3592335.528955584],[3214786.380041185,3592334.153088175],[3214752.7439781623,3592332.9777766652],[3214741.5093806125,3592329.581362124],[3214730.9739763075,3592320.239772481],[3214718.3330737394,3592305.290720089],[3214704.2660485813,3592290.332273701],[3214688.41701389,3592275.4395856364],[3214681.796512758,3592263.4768230636],[3214663.939176988,3592254.779099307],[3214649.349852818,3592230.6987183145],[3214581.9198132986,3592183.4536452615],[3214436.2337836893,3592139.239981772],[3214408.996084183,3592115.950735362],[3214368.6999460584,3592077.4350736737],[3214337.616261355,3592039.9317236766],[3214331.020959307,3592010.1661257003],[3214300.920549223,3591953.3150145183],[3214291.6315399874,3591920.12145555],[3214348.343443298,3591900.01775578],[3214360.01334074,3591900.063430243],[3214369.353857873,3591900.1241791425],[3214375.7062377715,3591896.7826375887],[3214379.940633497,3591892.1392211965],[3214393.760021605,3591878.3168383436],[3214415.9932798487,3591862.986392088],[3214436.0765732937,3591847.63891562],[3214461.868876716,3591830.0041494016],[3214476.1338539394,3591822.3778267675],[3214489.676504858,3591816.1928738565],[3214498.2290006652,3591810.8663583994],[3214502.0869155154,3591806.866967745],[3214595.3426063308,3591752.1120939786],[3214620.378274608,3591718.6493161777],[3214636.6876787655,3591691.602073968],[3214667.8920369707,3591659.4909849097],[3214693.444907335,3591623.337661386],[3214744.7566337623,3591566.488747305],[3214820.6517646657,3591488.5069278106],[3214908.7605953133,3591397.465996847],[3214993.002970444,3591317.1351339687],[3215003.2308964347,3591277.685382889],[3214984.101019142,3591222.452973579],[3214940.350995062,3591098.6341407034],[3214923.764178943,3591008.076726658],[3214838.509715043,3590880.9446331942],[3214726.850771697,3590828.305914044],[3214688.1679356545,3590774.461733188],[3214643.067186591,3590749.5008998914],[3214633.208295402,3590740.661310122],[3214624.524685898,3590729.200434745],[3214609.728948674,3590704.0883301273],[3214598.481433059,3590681.6097596614],[3214591.7364807166,3590661.866044409],[3214587.339189032,3590649.753066944],[3214579.6742888642,3590619.69587358],[3214578.5758340815,3590613.613186947],[3214577.181455021,3590604.554046428],[3214571.4946053596,3590567.653876547],[3214561.6908778055,3590520.136985074],[3214549.42711699,3590473.7940226747],[3214563.904829781,3590444.237535081],[3214577.4342326317,3590422.504367169],[3214603.4663488055,3590413.2698777956],[3214629.0794369755,3590378.841079788],[3214669.623278003,3590311.272396255],[3214672.3626027815,3590308.592654611],[3214679.2384843137,3590301.869347227],[3214720.889077554,3590271.3957050703],[3214721.723831663,3590237.9818891324],[3214666.0335294427,3590114.940458351],[3214655.1138647934,3590044.9873103024],[3214633.4837035164,3589966.459004238],[3214601.7016415345,3589926.4646571158],[3214577.356980784,3589895.7959809024],[3214559.843827747,3589865.006398942],[3214551.5413383674,3589833.2983436296],[3214546.779049987,3589774.3741447786],[3214556.7896552025,3589753.2218612996],[3214582.6798146972,3589731.6451201057],[3214618.511502371,3589720.821061041],[3214662.188876754,3589670.069399706],[3214665.9149212628,3589663.4225845444],[3214665.42342697,3589652.533367304],[3214655.248640146,3589650.3961288016],[3214645.745678628,3589652.8233676963],[3214594.9589351052,3589674.9013187373],[3214560.3455259725,3589681.2072178465],[3214546.837763076,3589694.5137442704],[3214537.486171817,3589701.264247547],[3214524.8997581312,3589695.894967129],[3214512.330252502,3589685.252967141],[3214503.0523832804,3589690.777730133],[3214493.6870580255,3589693.7930137585],[3214485.4237393513,3589696.9657742083],[3214446.6025735997,3589689.1232996336],[3214360.371876453,3589627.4096243186],[3214261.188538383,3589617.625258909],[3214204.094424758,3589565.77832716],[3214156.5452915756,3589518.8442396214],[3214083.2358861566,3589399.9092674516],[3214072.6407656497,3589388.407740424],[3214061.883108811,3589374.6910454417],[3214054.990728724,3589368.2471582144],[3214047.1117726755,3589363.124796312],[3214042.234672291,3589362.0572839943],[3214036.0262664026,3589362.487247752],[3214030.8660541754,3589365.607032197],[3214023.9748352217,3589370.1490450148],[3214014.049327245,3589371.403390259],[3214006.6456401236,3589376.691396688],[3214002.4487996497,3589384.3622973096],[3213997.3553634332,3589390.560410343],[3213991.2074120124,3589394.0702625015],[3213982.6045234,3589394.772627956],[3213972.5152470786,3589395.9864183],[3213958.757972668,3589402.039039122],[3213952.2426070496,3589409.664759886],[3213938.1328285015,3589420.2207725467],[3213926.6262721037,3589426.967985376],[3213918.3222051924,3589431.3940234436],[3213910.2551509696,3589433.9792694384],[3213898.502388125,3589432.5036895345],[3213888.2323745117,3589432.5997920902],[3213876.1218329053,3589432.2007107874],[3213856.414372458,3589428.9462088654],[3213833.5976243773,3589430.245140503],[3213813.265280489,3589427.142952499],[3213797.5393472835,3589424.7138525276],[3213785.271102506,3589424.571966939],[3213770.22346217,3589423.979488229],[3213753.500822874,3589421.114479381],[3213727.742161844,3589424.924892935],[3213704.9984382167,3589421.973165728],[3213666.97744224,3589405.727275277],[3213632.327630165,3589383.2997470913],[3213604.4296356766,3589364.8076163],[3213590.6182639385,3589352.962657859],[3213562.6162650934,3589345.5974971233],[3213534.815979053,3589368.9339443156],[3213502.665444334,3589382.780816686],[3213467.0342426365,3589395.2553994665],[3213424.2356933635,3589396.303703545],[3213346.9483393654,3589393.2366425605],[3213139.940061691,3589378.2405808493],[3213098.865785666,3589369.322972937],[3213081.781768517,3589352.604779659],[3213033.51011182,3589337.618191972],[3213023.0206687106,3589324.3553173277],[3212998.4138610545,3589317.695995643],[3212987.666772823,3589315.310178753],[3212978.780307008,3589304.9240550967],[3212965.8418851444,3589303.992586304],[3212941.3776853895,3589295.273959607],[3212902.7101127235,3589290.5226755776],[3212874.201792052,3589280.8915541223],[3212858.638540055,3589276.4928439986],[3212834.0560740773,3589278.4567563627],[3212812.711433945,3589285.9477823083],[3212811.9748691847,3589299.6107006096],[3212795.287779879,3589309.395178905],[3212774.5997094326,3589332.4878002177],[3212761.5797321387,3589332.232530973],[3212745.503659323,3589352.832292733],[3212704.790285034,3589389.7336142305],[3212694.095252492,3589400.4626535675],[3212658.933128941,3589420.3191028964],[3212528.6826342223,3589430.6235117605],[3212495.072341067,3589444.327684405],[3212478.0450748196,3589462.2499505165],[3212465.6939232387,3589475.247226299],[3212446.292586048,3589518.886676031],[3212435.8960560653,3589543.4532319084],[3212442.9399892995,3589566.529043191],[3212433.7494417406,3589591.8370828945],[3212423.416145816,3589623.624953165],[3212419.7911074567,3589646.483221006],[3212418.3425250086,3589655.637689682],[3212417.508078383,3589660.8688025246],[3212413.9535188237,3589693.4546281993],[3212413.9355657054,3589708.346435532],[3212407.8758914815,3589722.0076406416],[3212399.622050846,3589730.416836502],[3212392.4382239413,3589738.0359350527],[3212381.398449693,3589747.4926093505],[3212370.533166266,3589753.305709419],[3212362.2763543352,3589756.9411502513],[3212343.811890994,3589759.18836006],[3212328.3833978316,3589755.9092704263],[3212317.589689982,3589753.2258432917],[3212307.2460116316,3589752.400065561],[3212288.222219454,3589750.5500141755],[3212282.384787213,3589751.9734417154],[3212274.3464713646,3589752.8520796467],[3212267.344424572,3589752.477096843],[3212259.9743518317,3589750.2244981355],[3212252.203941458,3589746.343768941],[3212226.083724779,3589723.386806591],[3212197.8791973633,3589707.5421423847],[3212172.036510082,3589713.844257129],[3212153.5333481925,3589714.5484155747],[3212142.7975354493,3589719.881807018],[3212135.877338125,3589724.1926485086],[3212124.4417091496,3589730.9508256475],[3212111.362825302,3589735.406083497],[3212102.1245179577,3589735.4041377865],[3212096.532487073,3589732.603072505],[3212079.8443880994,3589733.3710985854],[3212076.827899683,3589737.316740176],[3212073.050209946,3589746.245706603],[3212064.1949511697,3589758.8176575853],[3212054.042384359,3589762.9045542893],[3212041.7553283838,3589758.284883295],[3212029.090893973,3589752.1580526135],[3212024.177474588,3589764.574057681],[3212012.5746732475,3589775.112557019],[3212017.8805955756,3589783.114651923],[3212023.3813748644,3589791.9091052967],[3212025.8233818067,3589808.2031924906],[3212024.226116347,3589825.643560592],[3212028.5317720277,3589853.8397390298],[3212043.672296786,3589863.262851268],[3212053.7215124043,3589889.4368542386],[3212079.9204947883,3589905.067889914],[3212100.361305253,3589909.17154968],[3212105.1326393597,3589916.6597680952],[3212123.633545547,3589933.5472135507],[3212135.838330105,3589949.611691011],[3212128.954221312,3589977.649103964],[3212113.730161013,3590014.9919649875],[3212107.431764434,3590084.926812563],[3212110.071948235,3590114.046941872],[3212110.478911929,3590142.3541573],[3212114.8698351644,3590154.686802262],[3212121.021537138,3590165.9111704268],[3212137.5925385933,3590183.6833642833],[3212155.1510174368,3590199.2703529894],[3212168.7005389314,3590217.3768606903],[3212178.7914815824,3590230.2866790313],[3212178.613929593,3590237.750857386],[3212172.930648229,3590246.1897166935],[3212159.619415786,3590248.7690514657],[3212153.325657429,3590249.993485654],[3212148.2730126446,3590252.7560539637],[3212134.244892832,3590254.405816372],[3212117.893727883,3590254.8504313636],[3212067.4558569565,3590254.635426949],[3212055.3566445177,3590255.8609416885],[3212046.4784419043,3590255.6334798574],[3212032.579424812,3590257.781303891],[3212016.934356907,3590267.568947343],[3212011.66510865,3590273.203335219],[3212006.900190485,3590278.875781765],[3212001.8307079687,3590284.5880163605],[3211995.2650575815,3590290.906852024],[3211993.1910951035,3590294.3581546363],[3211989.9765415816,3590299.9975912767],[3211981.597021113,3590313.4895884222],[3211978.1038162834,3590316.527770065],[3211969.323486163,3590323.6860744655],[3211950.9705589116,3590332.443332265],[3211923.4035112155,3590313.3964081495],[3211895.5261575775,3590311.740968642],[3211869.069710904,3590309.9346160525],[3211850.4170855586,3590305.2119706105],[3211838.6862589093,3590300.3768643844],[3211823.0206224415,3590295.61587697],[3211798.0149355885,3590295.7110016593],[3211706.589936222,3590216.8846741873],[3211686.496463664,3590170.1506500263],[3211651.6773115974,3590126.5035619126],[3211569.873005162,3590045.6646528468],[3211550.476035146,3590042.7352421037],[3211544.3692516778,3590048.609101572],[3211496.545196078,3590012.278195163],[3211492.2695651106,3590003.438254173],[3211480.972176358,3589984.9558090894],[3211454.4005954918,3589963.826761911],[3211433.2205918673,3589957.1332788253],[3211419.1074222075,3589948.3585353885],[3211385.1780668553,3589905.6228112755],[3211338.4728449206,3589855.880235913],[3211361.4568221383,3589788.565736676],[3211329.608234358,3589705.6275774343],[3211309.293902939,3589652.7347240364],[3211253.826062903,3589608.3869428695],[3211206.1219375934,3589587.652890996],[3211177.413265537,3589574.0531810354],[3211046.0749912327,3589505.804116765],[3211016.6601590216,3589513.9394935644],[3210962.6401337855,3589528.875637925],[3210931.2585276286,3589534.891417179],[3210904.6149900192,3589527.703949644],[3210829.11733311,3589513.0911680777],[3210789.1944030514,3589510.9644379197],[3210764.5635971716,3589504.5633898857],[3210735.3442357536,3589483.220394727],[3210710.7289869185,3589465.850483432],[3210683.4179398073,3589450.0594019643],[3210648.612583139,3589437.743816311],[3210631.3671914884,3589437.75524045],[3210575.0055388454,3589439.6558373966],[3210555.9675982837,3589436.9525935273],[3210502.173255926,3589398.11648149],[3210476.316921939,3589364.0558619243],[3210442.0319976034,3589347.230490077],[3210430.2312628953,3589343.542521841],[3210417.818387581,3589342.5584678627],[3210411.030411455,3589346.4025104535],[3210404.514052837,3589350.09968314],[3210386.8694681283,3589347.3788514812],[3210342.966085448,3589341.843677858],[3210301.7898885924,3589343.44401953],[3210275.0322453473,3589353.846034429],[3210226.607249872,3589408.9273529258],[3210208.531307871,3589438.956221179],[3210190.03530877,3589459.6180716166],[3210164.4374594986,3589476.1927521527],[3210129.07727155,3589460.495161351],[3210104.5998391416,3589464.6686707865],[3210088.3382917447,3589474.544396615],[3210071.1269462695,3589478.8529756046],[3210059.715895568,3589475.254814248],[3210045.6653906237,3589477.1573062604],[3210032.9934125803,3589486.7200657954],[3210017.373479381,3589485.266484222],[3209995.7195004895,3589492.2372379676],[3209981.3135257936,3589489.9808720616],[3209962.052831607,3589490.153472629],[3209953.3886140557,3589494.6638975907],[3209946.2727940893,3589508.392489666],[3209935.083841392,3589512.323192877],[3209921.7218247596,3589530.7079206966],[3209897.8336450458,3589561.687174671],[3209836.0646862043,3589711.3408670295],[3209831.3057233375,3589719.6150359856],[3209820.223088853,3589720.6895496123],[3209804.551773762,3589723.886615212],[3209780.4781570463,3589737.4336056714],[3209780.7346509285,3589753.353789487],[3209755.613427285,3589785.890028716],[3209752.2976754867,3589790.8428649595],[3209756.27342398,3589801.573545717],[3209752.6927756146,3589809.3067285046],[3209737.7518797363,3589814.788040569],[3209720.596038766,3589830.8562194416],[3209703.9461921966,3589830.0814152043],[3209688.390637366,3589827.692895423],[3209664.0970448204,3589846.5070974235],[3209642.492190022,3589851.281770965],[3209624.969108753,3589847.452755479],[3209605.48579034,3589842.837208558],[3209587.7679122975,3589834.4991990104],[3209587.3149167765,3589821.123854913],[3209590.737608577,3589799.068488582],[3209563.766475728,3589782.152943887],[3209558.954674728,3589769.497897215],[3209550.338082726,3589766.679281344],[3209538.4202751922,3589773.378408925],[3209524.019104557,3589779.1772486456],[3209513.0467681848,3589779.7767938655],[3209498.9770179903,3589775.437635387],[3209488.609809058,3589764.186736779],[3209475.228663005,3589760.4157347567],[3209460.620540043,3589764.3437033766],[3209442.672784265,3589777.7414316027],[3209427.718822971,3589783.7677964787],[3209404.707879718,3589783.709126857],[3209372.7463525357,3589797.0122378003],[3209359.8633432705,3589797.5154519],[3209345.2200064673,3589791.556378247],[3209326.518160117,3589792.9645677474],[3209310.493579561,3589794.512209242],[3209300.1854263293,3589785.3759697],[3209280.79191225,3589766.9886536254],[3209263.1544614295,3589743.511622367],[3209206.6303334786,3589687.772385192],[3209172.3634847878,3589656.25631684],[3209155.847782086,3589635.0252254065],[3209131.2761592385,3589628.560071661],[3209106.5218027523,3589625.2351417015],[3209103.422036437,3589618.9047439857],[3209100.0878086947,3589612.6546967966],[3209099.692383521,3589602.1762989108],[3209095.4746894734,3589595.762559575],[3209061.5088366047,3589590.0875420286],[3209043.606013342,3589583.614409365],[3209018.4700918067,3589594.0767667806],[3208998.8422903507,3589580.879651112],[3208982.769387082,3589572.9005150385],[3208975.8280619765,3589569.281782105],[3208965.481663257,3589567.1862678775],[3208951.5845938716,3589570.8267435688],[3208947.8585260464,3589569.908383973],[3208945.500392418,3589566.7222434455],[3208939.952862868,3589547.4810055126],[3208930.998630996,3589537.6804028885],[3208903.818392089,3589531.6585744834],[3208884.1969844084,3589512.3843589593],[3208860.4144704184,3589499.7089899285],[3208830.913550625,3589494.5082655707],[3208777.280562862,3589496.24616649],[3208769.4138312135,3589487.031289032],[3208760.6195771275,3589468.4116213545],[3208763.3563599577,3589448.0875851354],[3208786.6191574186,3589444.0544671644],[3208778.3437947268,3589434.2951037576],[3208764.292190546,3589431.3686127295],[3208764.7229308495,3589424.025116864],[3208789.782097879,3589404.4550086367],[3208790.8643777054,3589391.9924997943],[3208785.138398036,3589380.6314160363],[3208765.86176298,3589386.0139108235],[3208761.1836197684,3589381.9683786975],[3208757.0570846805,3589334.761908138],[3208759.7912741653,3589317.4650003556],[3208749.6666894695,3589307.398463529],[3208737.2592601376,3589304.4380172617],[3208702.144992511,3589305.570457219],[3208660.387559346,3589266.5793244303],[3208631.7883627987,3589243.932185987],[3208617.7791999434,3589228.9703045175],[3208622.4696980054,3589215.970245676],[3208658.5319198444,3589227.5513450657],[3208662.258893169,3589215.7997005857],[3208640.448778252,3589196.6125458977],[3208640.980449981,3589184.169566148],[3208648.5764872804,3589172.150417423],[3208671.0146443686,3589164.7400326133],[3208683.3720164616,3589139.6807074635],[3208690.18685867,3589136.080529404],[3208694.7527505765,3589134.5954627604],[3208700.658695209,3589135.2336890213],[3208705.712603677,3589134.2621688237],[3208709.392620745,3589132.8211927046],[3208713.558908034,3589130.4212431004],[3208723.2680589547,3589122.845098426],[3208729.9602060774,3589112.451156465],[3208733.342619948,3589104.9726072326],[3208744.1838690187,3589074.5767998546],[3208745.0496755335,3589068.507812684],[3208744.789356442,3589062.7027550335],[3208740.827715671,3589052.417571502],[3208735.023170351,3589037.5084152133],[3208733.2040440273,3589030.945398004],[3208733.4117538244,3589025.0028516375],[3208738.3963976884,3589009.284470487],[3208745.0426260075,3588994.3334572613],[3208745.3244720697,3588983.6432891493],[3208734.1320665698,3588953.72304845],[3208727.0115597527,3588937.167999733],[3208707.829810596,3588930.8931064033],[3208693.9064962827,3588923.0099100554],[3208685.4328600075,3588915.24372022],[3208675.9901688006,3588909.762866097],[3208653.86236013,3588905.6816655616],[3208630.110451597,3588923.700691472],[3208605.0867192456,3588937.9458711264],[3208603.199922295,3588954.9089877107],[3208603.645572667,3588971.7503553694],[3208591.5219407603,3588985.901154783],[3208581.5295601543,3588989.1279672636],[3208574.8997839596,3588995.0535100186],[3208566.602589339,3588999.6723497203],[3208558.619693106,3588994.1683433116],[3208553.4421892026,3588988.20822489],[3208547.974227313,3588983.4583977037],[3208535.234010224,3588983.168799134],[3208527.8050885987,3588978.0931742694],[3208522.0110015078,3588973.2965649897],[3208514.978424993,3588969.36679864],[3208507.2564598965,3588968.3674753313],[3208497.6010388117,3588975.999943707],[3208491.3983192113,3588984.9051508615],[3208489.8989665895,3589003.5458094943],[3208484.4265835285,3589011.9386572596],[3208467.607793551,3589014.649350845],[3208453.1018938376,3589009.751674386],[3208434.819388696,3589002.268196719],[3208413.1432869434,3588998.0661384244],[3208399.747345767,3589009.824612875],[3208392.4744957956,3589031.9723395496],[3208388.311365923,3589041.955283406],[3208382.3827717593,3589052.0249606883],[3208367.437587332,3589066.5907450216],[3208338.392978186,3589080.728349002],[3208318.089727006,3589097.664066899],[3208283.532678024,3589106.464984781],[3208270.452304218,3589135.6959507493],[3208265.2297299365,3589151.3929842054],[3208257.389917441,3589157.891431425],[3208250.4678799026,3589158.1813316317],[3208242.4905546717,3589145.7027980266],[3208225.364147032,3589134.4159017554],[3208206.835151751,3589125.934917282],[3208184.8362717433,3589122.97524221],[3208155.5707742022,3589122.300289315],[3208147.250036684,3589116.9486008673],[3208147.2238318967,3589087.0579578066],[3208145.773445623,3589074.7774250694],[3208137.600456381,3589073.578384587],[3208126.2948055835,3589081.6271917084],[3208121.82681749,3589090.4538207357],[3208112.3138940027,3589108.6165531343],[3208099.513186278,3589124.764561289],[3208066.4321925608,3589136.72734568],[3208053.844298715,3589135.320112578],[3208047.732829526,3589130.406025932],[3208041.7382417424,3589116.0384539366],[3208029.2230284316,3589107.846893074],[3207991.343753837,3589081.3516383194],[3207968.3845304223,3589073.8521562605],[3207939.622411951,3589072.3187125428],[3207895.6338372678,3589059.2300105635],[3207897.3931168676,3589056.0259843725],[3207897.781627602,3589052.5015391596],[3207896.090496063,3589046.977419318],[3207878.08956379,3589034.9733699244],[3207867.859009913,3589029.9399195155],[3207865.3609200004,3589029.2279930403],[3207860.390766643,3589028.2350727334],[3207853.0231417078,3589027.0464779274],[3207844.0984500386,3589025.8132460453],[3207841.5854940964,3589026.451394861],[3207839.0415778346,3589027.614979886],[3207835.8851014203,3589029.8491461575],[3207811.7515395554,3589044.6869395315],[3207778.8293164065,3589043.574345636],[3207743.8009569505,3589046.809727467],[3207711.127988236,3589039.548843077],[3207701.6000989787,3589023.9404392475],[3207687.610603503,3589016.5592874824],[3207657.2078203913,3589024.002559462],[3207629.563360722,3589040.9668602874],[3207621.77562017,3589039.812417848],[3207617.989917673,3589035.0773229096],[3207611.3513667667,3588986.895781879],[3207607.0932661304,3588959.8011070853],[3207592.8250052934,3588950.4514686796],[3207574.4871110935,3588941.07404228],[3207546.8780500568,3588936.003583059],[3207529.6233765827,3588939.2041109875],[3207521.421011987,3588926.528110716],[3207552.987792936,3588872.628698189],[3207555.030868339,3588843.1051193667],[3207544.4312942834,3588824.5944938245],[3207468.7814584915,3588729.9233225826],[3207435.5486270892,3588691.3374996115],[3207428.280061575,3588653.7019321267],[3207422.8120518234,3588633.0142578273],[3207409.6409102776,3588616.019501139],[3207354.9168715547,3588545.8010735996],[3207345.5255359053,3588523.565298942],[3207339.838950176,3588505.762147741],[3207338.951440504,3588494.275681934],[3207367.171118737,3588373.3204152],[3207497.622263059,3588343.7292081276],[3207609.4237387395,3588425.3743334417],[3207721.155285202,3588468.9931410123],[3207768.8428035304,3588518.128119317],[3207843.1077869684,3588584.890174646],[3207872.865399258,3588503.0133731514],[3207929.5475519393,3588412.1888188915],[3207987.6947552664,3588324.551526748],[3208090.971678472,3588289.2799394624],[3208134.9067342915,3588281.0501442757],[3208211.5506791095,3588245.209468007],[3208241.254892094,3588220.911239982],[3208268.3959418237,3588196.7225008714],[3208273.0557003915,3588191.6239825217],[3208296.530125999,3588168.390028859],[3208317.379677325,3588150.389829692],[3208351.4746861323,3588130.565112041],[3208362.9684832213,3588117.511992697],[3208395.093145973,3588088.3654138073],[3208369.825796392,3588068.148062261],[3208310.2858360205,3588030.503320203],[3208282.603117413,3588010.7275062865],[3208265.3564015105,3588002.6795771974],[3208254.033021774,3587995.3345617927],[3208236.5282312827,3587989.145002364],[3208230.061660295,3587984.0411137906],[3208214.426522199,3587973.0559263187],[3208193.115767369,3587965.277432603],[3208174.943690298,3587960.563144892],[3208155.80249022,3587915.90186859],[3208144.361548667,3587878.2520462614],[3208129.0979522793,3587803.252031707],[3208109.602796179,3587728.573788257],[3208098.9130182806,3587695.4352510194],[3208082.9322653227,3587660.495615038],[3208041.181547706,3587671.227800047],[3208032.5504735145,3587674.2600525944],[3207951.0491755493,3587701.634670712],[3207914.2931975243,3587715.6800367194],[3207825.5767452423,3587744.8226606324],[3207748.6091686105,3587751.0339849503],[3207706.728492601,3587742.433770136],[3207674.345644257,3587717.193696509],[3207611.751400884,3587701.350327655],[3207545.5455975807,3587701.478437868],[3207519.555412045,3587721.0626158323],[3207467.2456042245,3587857.8073697165],[3207413.422571793,3587871.1329102553],[3207382.5188047155,3587879.780248224],[3207359.9578528684,3587885.855949581],[3207331.6536815222,3587891.0937981466],[3207308.190745667,3587893.6504907236],[3207288.004153601,3587896.2452223273],[3207272.674775425,3587903.519917452],[3207254.0338121355,3587915.0349105373],[3207235.3207921865,3587919.260000754],[3207224.1907212385,3587919.7066072365],[3207216.533243864,3587919.521613825],[3207215.6922847005,3587943.019956804],[3207149.0761361355,3587959.274293319],[3207017.8927287855,3587933.2366928807],[3206885.3767614393,3587970.3066565846],[3206822.994982105,3587969.7392793354],[3206789.1168548395,3587965.1482555093],[3206755.582917921,3587958.5627394193],[3206750.1987362606,3587955.8997264826],[3206744.238370847,3587952.1234405953],[3206709.2657826496,3587937.029104006],[3206699.789968025,3587935.6906909603],[3206688.828693687,3587933.5423267405],[3206655.9363702377,3587920.3669813583],[3206617.4671434197,3587889.327346218],[3206592.472888374,3587892.4929474364],[3206577.274270443,3587890.646363077],[3206579.2834398877,3587851.3128249296],[3206588.6893712664,3587798.796796944],[3206605.7059518164,3587750.9072288913],[3206644.2609308804,3587705.6709281085],[3206649.9647774273,3587691.027444829],[3206659.381492589,3587685.2106099846],[3206671.558284048,3587683.4131332226],[3206713.475936189,3587684.1932563717],[3206722.6572010717,3587674.52138882],[3206728.1360822883,3587655.0881547364],[3206736.564347734,3587638.4886047975],[3206736.0636177487,3587616.963989791],[3206726.24988638,3587601.9210822894],[3206687.90202343,3587580.6213720124],[3206661.135536993,3587563.274919186],[3206652.3266269118,3587532.806337253],[3206649.722756984,3587505.3406116283],[3206664.611882454,3587470.67834661],[3206663.4097376475,3587450.0275267474],[3206648.16957338,3587425.2657846985],[3206639.11544637,3587393.3151437617],[3206617.013837902,3587371.787775382],[3206601.078589916,3587359.533364529],[3206585.244580757,3587334.917153275],[3206569.0443710284,3587302.4728625696],[3206538.6759882607,3587245.706362574],[3206523.3895248063,3587215.2824164657],[3206527.632921284,3587189.7299670535],[3206527.6282739425,3587166.6336791846],[3206519.6256659394,3587162.2643630374],[3206473.3343964685,3587139.56213899],[3206423.6545956386,3587131.93787948],[3206393.566420173,3587112.0798615734],[3206380.6513969162,3587077.541980722],[3206363.889279266,3587021.758176186],[3206346.620108118,3586985.858716849],[3206353.215867443,3586956.3001738978],[3206391.835879314,3586914.7073541586],[3206386.4447817747,3586888.3731718],[3206420.2511229143,3586831.7561884713],[3206470.7021531817,3586803.1940523544],[3206438.3931085337,3586743.2086118814],[3206458.180651176,3586728.015596274],[3206475.801552526,3586724.4704971686],[3206485.107689695,3586711.821986874],[3206461.470614959,3586651.0472543747],[3206446.7173380023,3586618.524658397],[3206431.181072185,3586548.1931912764],[3206420.8035827535,3586498.7287321407],[3206404.672943163,3586480.917475872],[3206341.3870957354,3586491.988693166],[3206322.57584419,3586475.202531892],[3206315.5169668132,3586455.5375088146],[3206286.7093443763,3586422.0270916843],[3206277.4995260704,3586395.6041367487],[3206283.1603655852,3586370.5215400895],[3206287.8864733083,3586345.3687312435],[3206291.121098359,3586308.0716471984],[3206288.5235799253,3586286.185949734],[3206276.485315597,3586278.1442818535],[3206250.665732351,3586258.2298686123],[3206260.4465774884,3586242.8063791366],[3206268.695124767,3586240.923915846],[3206278.23351644,3586235.042818692],[3206287.7200153293,3586222.9023762075],[3206298.217633533,3586212.1715033483],[3206303.074214585,3586199.968349843],[3206304.4385423604,3586187.020963034],[3206306.6195238605,3586170.0297443313],[3206309.920780846,3586140.0243559927],[3206305.835971947,3586110.159439378],[3206323.344851481,3586091.094070797],[3206343.36613697,3586083.6698261905],[3206396.380286956,3586092.3093714816],[3206476.6657495694,3586130.2223127536],[3206510.315917463,3586147.46056294],[3206545.8951147497,3586149.9678929015],[3206567.9858462997,3586149.138374108],[3206581.1414594743,3586138.781675397],[3206593.362511218,3586112.3467914667],[3206594.703897235,3586086.631275461],[3206588.1899782936,3586062.6552213468],[3206564.6531754415,3586000.129343002],[3206566.922593046,3585929.2471886785],[3206573.8728841413,3585840.3940399657],[3206558.995598685,3585810.916562779],[3206555.358438285,3585744.346466628],[3206556.0037333947,3585687.418860743],[3206562.8672596375,3585646.4035254004],[3206603.378217967,3585646.979713465],[3206616.955633934,3585647.959355772],[3206623.7478019027,3585649.046763131],[3206637.51117891,3585641.660602125],[3206651.1157286195,3585632.897889966],[3206668.2503034524,3585632.224218939],[3206682.516897967,3585626.6598738777],[3206699.585152136,3585620.0989480065],[3206712.9336616118,3585614.5868637734],[3206718.1695855297,3585606.6533778016],[3206724.984744144,3585597.573751097],[3206732.642075235,3585591.0383741213],[3206742.2640455123,3585587.4974554153],[3206750.1680701766,3585586.1148359254],[3206766.1129671726,3585579.886766123],[3206784.280699586,3585570.8590464434],[3206788.7106924686,3585568.209493672],[3206797.8465919322,3585566.8246071287],[3206807.2198805343,3585570.6637671143],[3206810.7259250567,3585580.6114423433],[3206812.884283241,3585595.3310896037],[3206817.6848299326,3585603.684493314],[3206824.4836054994,3585603.930491151],[3206837.3477289956,3585598.87111057],[3206850.5217073914,3585586.5434821667],[3206870.7468829565,3585572.0640947716],[3206889.6665944555,3585565.9483831627],[3206907.0833019232,3585565.712923333],[3206921.6466221632,3585575.359222863],[3206930.3337671594,3585582.2550098016],[3206942.38572231,3585585.8760333625],[3206951.4707016745,3585584.285255038],[3206962.4530597776,3585576.729343144],[3206968.775662834,3585566.49339822],[3206975.1977287987,3585555.8188450835],[3206984.827708412,3585551.3328816346],[3206998.3875557836,3585546.541035176],[3207012.841762251,3585539.4013994806],[3207029.6857340448,3585529.133715896],[3207041.9191501355,3585518.0957290307],[3207045.026986858,3585499.958394954],[3207051.2488255315,3585484.9140551416],[3207072.974419645,3585463.969524725],[3207120.4476174964,3585418.208244869],[3207128.624350783,3585407.530458947],[3207139.706190372,3585392.608924758],[3207144.545585119,3585383.9331730646],[3207148.516962704,3585376.816241322],[3207154.5592129417,3585365.141861619],[3207160.6390454513,3585350.5238526063],[3207168.7965795975,3585341.7496636105],[3207177.9877738794,3585336.324450407],[3207185.940575661,3585330.9836491295],[3207193.5575038698,3585316.622524461],[3207197.401106204,3585305.727921946],[3207199.4903744003,3585292.58132959],[3207198.041268723,3585281.0025223657],[3207198.1646503215,3585267.84214883],[3207190.3477347447,3585253.229962432],[3207183.916431443,3585242.5250375927],[3207181.297730703,3585235.3291327246],[3207184.0947891437,3585225.323545892],[3207189.923889518,3585215.6347517315],[3207191.301875281,3585211.580615953],[3207190.68705447,3585205.0681550317],[3207186.9470624374,3585188.1925417776],[3207186.0765585816,3585174.423811342],[3207185.360040131,3585160.4102677177],[3207181.716718947,3585146.8597125406],[3207173.093051738,3585137.1515251105],[3207164.8649382847,3585130.2694879174],[3207152.0646029836,3585127.037923707],[3207143.1327371546,3585124.988699956],[3207137.3959712535,3585116.2312350785],[3207132.402490549,3585105.38162782],[3207127.250044165,3585100.704482907],[3207118.663406523,3585100.0552963763],[3207106.5404256554,3585107.256609603],[3207090.6250820914,3585118.2283682353],[3207077.510306471,3585128.7680419334],[3207065.0903331735,3585134.764826118],[3207056.6554547204,3585136.414685379],[3207047.3804456457,3585130.4219151973],[3207037.5116110956,3585124.5744771804],[3207028.7795818634,3585125.0197468684],[3207020.8849514583,3585126.3073030724],[3207013.372187132,3585131.2069027335],[3206986.8859405955,3585181.441208721],[3206977.618684054,3585193.755486066],[3206971.0826743175,3585192.512677187],[3206958.042963938,3585183.206585394],[3206944.156919771,3585176.443725514],[3206932.112931424,3585166.04240942],[3206922.28862918,3585160.7021354293],[3206912.364089713,3585163.672010017],[3206904.2657631915,3585170.107588385],[3206891.0483523067,3585178.003243767],[3206876.1024225913,3585180.6026369026],[3206861.5525113223,3585178.3178986656],[3206849.7124242005,3585172.654086745],[3206831.313667708,3585162.9683074406],[3206815.6453744285,3585154.087247434],[3206804.327379726,3585154.314330805],[3206791.5297355563,3585150.2544470234],[3206782.7092823293,3585140.974664787],[3206781.3321267017,3585133.6820466104],[3206785.1688003577,3585127.0235161292],[3206800.620695989,3585110.6172012333],[3206794.5396732083,3585101.8521670187],[3206785.22847416,3585092.266694231],[3206776.056462736,3585084.9832558716],[3206760.5357195847,3585079.2538488796],[3206739.8220567657,3585083.5646146704],[3206697.280261147,3585084.4382451256],[3206679.417771929,3585085.1283364138],[3206663.33643038,3585079.191203894],[3206647.124418159,3585074.5980081577],[3206632.283598621,3585073.363235479],[3206623.389562687,3585076.0584107414],[3206618.518838275,3585083.303991339],[3206612.2458209316,3585095.427017814],[3206605.58359579,3585100.0270676557],[3206595.5540625285,3585102.0566439745],[3206587.027715488,3585093.9709727545],[3206575.4402661845,3585080.29382072],[3206564.94730692,3585062.52807392],[3206554.045649212,3585050.789010757],[3206543.1339599947,3585047.533815355],[3206527.8884735163,3585047.5376989804],[3206513.148078618,3585048.937028571],[3206500.288704425,3585053.995745765],[3206490.255092665,3585056.8781186147],[3206478.892515797,3585056.058079557],[3206467.3340494335,3585051.0510625388],[3206457.8261990706,3585037.2792002345],[3206449.9017271586,3585022.56727867],[3206438.509214997,3585013.6184340455],[3206426.3042952004,3585010.2543009385],[3206412.9958990356,3585010.969556389],[3206397.5523950225,3585017.5013627065],[3206386.9190058624,3585023.9256938896],[3206374.6526724817,3585026.2847503936],[3206358.028005291,3585023.7958587566],[3206350.9923866233,3585016.6228429936],[3206341.584865764,3585001.5491352486],[3206336.4524211055,3584985.0143199186],[3206331.7940714275,3584978.950898284],[3206321.0759403585,3584978.1920243427],[3206308.803623627,3584983.9475923064],[3206295.3231572537,3584997.07656522],[3206288.9661709424,3585005.1123371874],[3206280.562544782,3585012.8897647485],[3206271.9753660923,3585012.242142132],[3206261.5704581374,3585004.202590166],[3206256.7238687905,3584992.2470891657],[3206250.55355539,3584973.3540802626],[3206246.740596251,3584964.6094256057],[3206226.8211897346,3584946.194816872],[3206213.7202559626,3584935.2940269224],[3206199.785445668,3584931.4103297726],[3206185.3442257093,3584930.9305277863],[3206171.80728407,3584923.013650261],[3206164.1732379897,3584917.67906372],[3206155.880502494,3584918.2253940944],[3206150.003918602,3584928.560454989],[3206145.1239578025,3584940.354675378],[3206136.378709439,3584945.879867463],[3206127.3991206046,3584941.9336296325],[3206120.613731335,3584934.0665912875],[3206117.1611370817,3584919.237905288],[3206118.3871813137,3584900.2942463746],[3206118.443487283,3584888.9333105236],[3206116.5827174643,3584878.4907046678],[3206114.3138617584,3584869.298868236],[3206107.6233073375,3584863.526117676],[3206093.274341883,3584864.289847921],[3206083.986012319,3584870.166770205],[3206077.266644005,3584874.8621392995],[3206070.267046677,3584879.4535304974],[3206057.063591751,3584880.569784168],[3206051.756186679,3584875.298439781],[3206047.293708085,3584868.646310006],[3206042.558238064,3584856.790239362],[3206038.4125385564,3584841.7054951405],[3206032.9685676903,3584833.3028205223],[3206025.275231368,3584830.307578987],[3206019.1705474067,3584831.1698134528],[3206011.6093289936,3584836.715930778],[3206002.419395497,3584844.3757281383],[3205993.406263374,3584860.7846182194],[3205983.5934084877,3584883.3162285397],[3205979.1065948987,3584894.151286224],[3205972.2042405293,3584897.7523344737],[3205959.9518248364,3584892.490457644],[3205934.0097181723,3584872.2374907252],[3205922.41857043,3584865.041413936],[3205916.068257399,3584859.8069741586],[3205913.3995536733,3584852.4163096217],[3205915.362044279,3584835.6167017175],[3205912.208240819,3584819.7480966486],[3205903.134123322,3584782.9918906055],[3205899.438679163,3584770.2481407127],[3205897.126098213,3584750.134038493],[3205890.2111345064,3584740.848850192],[3205877.717301719,3584723.2401475734],[3205867.662586402,3584713.2049499964],[3205855.659698479,3584703.854127246],[3205843.8919265354,3584700.0963577772],[3205826.384657285,3584697.8941670805],[3205806.6303329347,3584694.677337148],[3205789.1571042733,3584692.1792215197],[3205777.2036161115,3584689.8135761046],[3205772.449465663,3584681.656359239],[3205776.5192957916,3584662.510546939],[3205779.441793901,3584653.6696648374],[3205787.8499229425,3584644.1985178287],[3205808.924361935,3584627.1708788793],[3205819.309788606,3584618.0555775203],[3205825.9316617902,3584607.31885353],[3205823.518654199,3584592.4426391693],[3205820.033528866,3584572.3280301364],[3205821.4387188153,3584559.2670447947],[3205819.3158689486,3584549.2568607163],[3205806.632587133,3584512.970428048],[3205793.026154929,3584471.017826649],[3205795.0628110617,3584460.1613852917],[3205800.21084967,3584454.987511188],[3205809.331760845,3584447.1257458758],[3205821.599304557,3584412.3577463767],[3205816.9397192225,3584386.2357615],[3205819.2128652376,3584368.899779668],[3205823.6987608518,3584359.8487265995],[3205835.353855568,3584332.8839642573],[3205889.568511461,3584279.7519760896],[3205910.3062516064,3584262.3820932806],[3205918.3757072166,3584258.564450569],[3205931.240056745,3584257.7500074524],[3205940.5196820004,3584261.1969519374],[3205949.441521045,3584266.64190457],[3205955.134451693,3584276.89402324],[3205962.771670429,3584283.0794053134],[3205974.5822936716,3584286.194251164],[3205984.0182709116,3584283.8143246616],[3205997.0294706165,3584280.2021035766],[3206004.0466179783,3584270.220735091],[3206007.299743592,3584255.222930169],[3206011.591793645,3584241.0409770263],[3206019.899990079,3584230.317694618],[3206033.106287685,3584220.328342006],[3206047.6701350654,3584200.8806222593],[3206051.6367661995,3584180.7366653974],[3206045.71732934,3584172.7149860202],[3206042.3055259017,3584164.021700745],[3206045.192764542,3584157.8022651323],[3206053.4446295425,3584153.664070592],[3206061.8880196856,3584151.170693567],[3206073.101317739,3584153.005105714],[3206078.8132431433,3584154.02313118],[3206081.988776679,3584153.913010321],[3206084.8702309346,3584153.8058536667],[3206089.744190323,3584147.1114859805],[3206092.5451585026,3584136.2524322923],[3206091.616295118,3584125.673745417],[3206090.588597019,3584118.0883577215],[3206081.521310307,3584106.1075969683],[3206061.9717625417,3584088.603402875],[3206037.3095817794,3584058.6910248436],[3206032.341717192,3584037.4205940524],[3206031.215423667,3584008.6383154984],[3206033.430903573,3583978.680995413],[3206034.0606845915,3583961.575294898],[3206043.717545488,3583943.525069508],[3206047.1657435456,3583930.182907332],[3206047.2340294076,3583920.2231711447],[3206046.4548062366,3583913.2098916965],[3206044.935864971,3583900.646699371],[3206039.2380168485,3583893.7675519316],[3206029.764204254,3583887.824513987],[3206017.0177069134,3583879.7252705004],[3206010.877916877,3583871.0555155533],[3206010.1995822573,3583860.622627332],[3206016.2699609264,3583851.9321072837],[3206032.086535121,3583837.471741008],[3206036.0670796772,3583829.707278487],[3206035.6928134803,3583819.637261937],[3206033.4326780997,3583813.193747578],[3206018.7393017416,3583803.0163653297],[3206003.850103519,3583797.340605678],[3205990.0495302393,3583795.207505566],[3205974.837458222,3583797.1026820056],[3205967.116192283,3583793.6190987],[3205958.6447459846,3583782.344075172],[3205951.2202549875,3583770.1797360545],[3205944.577013029,3583764.6023959015],[3205936.4217645116,3583762.157275736],[3205925.118619091,3583760.88580833],[3205901.174103259,3583767.1752086026],[3205884.6290729097,3583772.711437514],[3205866.6119253943,3583772.2557136747],[3205856.930016268,3583766.041631393],[3205851.890567713,3583756.9989318005],[3205846.102123536,3583742.0978445434],[3205840.111607045,3583734.8761952794],[3205830.5321476692,3583731.9284025226],[3205821.2955155317,3583730.3697208045],[3205812.4688982787,3583733.187346514],[3205803.4070134843,3583741.540535334],[3205796.5806643795,3583756.5619265675],[3205786.824403061,3583770.8163443985],[3205772.65331089,3583782.549967877],[3205757.1021164856,3583786.1400594027],[3205745.6028706804,3583784.61782732],[3205731.543759908,3583779.050221218],[3205714.3535436774,3583758.897450735],[3205704.4589704396,3583735.887526883],[3205700.801916467,3583724.492360261],[3205690.8768832665,3583716.2090375354],[3205679.2790076965,3583711.5462800963],[3205673.4777773684,3583704.278398259],[3205672.7570291394,3583689.413549405],[3205670.389021151,3583679.8201889656],[3205664.139118363,3583675.8385000764],[3205653.160919656,3583680.0120054875],[3205646.5006451486,3583683.76088007],[3205637.690353268,3583691.4773858082],[3205629.201852811,3583696.4796828898],[3205620.6178616015,3583693.276911266],[3205619.596028912,3583681.454931735],[3205623.945049173,3583664.922444835],[3205631.7566687204,3583650.499496988],[3205633.1677783364,3583639.1403784733],[3205628.219185101,3583629.3274801816],[3205619.1994057,3583620.0974719436],[3205603.193356039,3583611.151660259],[3205581.2051843894,3583602.1060415907],[3205567.7682072483,3583582.6108106347],[3205562.678768758,3583567.12428026],[3205565.589150683,3583551.5770976394],[3205565.8664271217,3583533.072773485],[3205562.112047488,3583518.732296412],[3205552.9463597676,3583507.2018756266],[3205539.6481743436,3583501.13745211],[3205523.9569699997,3583501.586050602],[3205505.043234821,3583500.9251940423],[3205499.986996862,3583493.256251213],[3205504.0794673003,3583480.814424198],[3205512.4269438647,3583475.374696125],[3205525.649346072,3583470.869922863],[3205541.087527643,3583470.264676356],[3205551.2763207313,3583466.2843984747],[3205557.7955868617,3583458.5420838683],[3205557.4118006798,3583448.4627019507],[3205549.731121441,3583438.6860588845],[3205538.722767814,3583430.7947936696],[3205523.484009209,3583427.104573196],[3205502.7243920723,3583426.67713057],[3205495.2840811703,3583421.295405666],[3205492.478373097,3583415.9292603256],[3205488.0585837383,3583407.3908895217],[3205486.435761157,3583397.396327283],[3205488.6389019797,3583387.5348624457],[3205500.3844958604,3583371.100886701],[3205515.251656548,3583357.918772655],[3205519.3424561657,3583348.0207878547],[3205520.24502224,3583331.7225317354],[3205512.2362276986,3583321.784587809],[3205500.040634165,3583305.6909658136],[3205490.3292295337,3583293.6612600177],[3205488.055909631,3583286.162243272],[3205492.3972513517,3583276.4100304013],[3205498.971826056,3583263.786123528],[3205499.495612564,3583247.1203167997],[3205491.8867505714,3583232.50408279],[3205480.2355201608,3583222.905932227],[3205459.6674715937,3583206.9412299646],[3205462.428932402,3583193.04169771],[3205470.7524291845,3583171.9450452467],[3205486.913616196,3583159.7119950214],[3205503.840745724,3583168.121504613],[3205519.6773348358,3583180.5844074027],[3205533.980806118,3583183.6868101945],[3205559.7029122794,3583172.6108196545],[3205571.2305663666,3583168.9473315533],[3205575.8371108472,3583165.2642538557],[3205575.5194799183,3583157.2977551506],[3205574.0003777086,3583142.61697483],[3205570.200114864,3583129.7723142905],[3205570.7626454383,3583120.9457859015],[3205567.449483299,3583112.6541883685],[3205559.8524922486,3583110.901236139],[3205549.7686245996,3583114.441261018],[3205543.303593212,3583111.7896433473],[3205539.597702585,3583107.3919787053],[3205540.316985295,3583099.689380949],[3205554.735276541,3583077.1348267836],[3205548.811642035,3583065.109437],[3205495.6871757954,3583083.3918085927],[3205423.756546826,3583099.0656566992],[3205344.4917328935,3583089.6996854832],[3205241.1816069707,3583067.558920468],[3205196.1898545744,3583051.3524282547],[3205167.448312984,3583017.9531118227],[3205122.1456801007,3582966.043183728],[3205085.1144923777,3582928.8518035845],[3205030.6060003927,3582874.1110754446],[3205020.1666450724,3582847.494657828],[3205028.7267067106,3582796.0023929807],[3205020.8684381964,3582750.0866314964],[3204995.616152251,3582697.925378719],[3204985.9002662757,3582674.239009277],[3204983.2916340735,3582651.1589768324],[3204995.5638573403,3582614.6966444855],[3205020.034137455,3582586.9154699054],[3205054.8413226753,3582477.25080213],[3205051.796549826,3582386.5847599194],[3205041.800792265,3582364.911804026],[3205020.3228206737,3582348.3996164277],[3204978.6220891424,3582320.4884062437],[3204963.788435368,3582304.2819561176],[3204931.1348283347,3582148.504258679],[3204906.6139785806,3582035.0879173884],[3204884.4357145447,3581993.8314938243],[3204841.7053079316,3581961.408279865],[3204728.915793522,3581945.1846555104],[3204701.8815812888,3581920.298321498],[3204654.7890317673,3581908.337238632],[3204623.0906179496,3581903.986257201],[3204458.893429392,3581873.988116818],[3204436.4356781533,3581862.0219059894],[3204417.434223248,3581827.376445304],[3204374.449747772,3581777.6861356567],[3204347.571806203,3581761.7511765137],[3204328.8540315647,3581750.6524553658],[3204263.6250964263,3581723.068390155],[3204198.228383247,3581700.8892962476],[3204179.542685399,3581681.807445443],[3204149.2220397517,3581656.175014016],[3204103.6716371216,3581634.6560366447],[3204069.3060136912,3581631.7905784943],[3204033.888058131,3581602.7356178705],[3203989.281414596,3581558.4168454944],[3203935.3580747275,3581528.064248395],[3203908.044745963,3581502.0752283796],[3203898.6006117486,3581474.812444484],[3203897.555480755,3581442.382902619],[3203875.2335773753,3581431.9043224566],[3203856.4430621434,3581437.294189708],[3203852.09862487,3581416.5611672048],[3203841.9943795837,3581403.915688989],[3203796.065178347,3581395.5083589125],[3203755.273615471,3581374.597158725],[3203729.7189611453,3581338.7169133467],[3203717.5154778725,3581333.8601384647],[3203695.492074271,3581284.9718555715],[3203681.2350804987,3581284.451248858],[3203635.9196467064,3581220.650309646],[3203592.086629737,3581153.896412467],[3203568.0036505237,3581111.060792964],[3203543.924109264,3581068.2128518587],[3203531.2525214516,3581031.31428347],[3203532.624152572,3581010.9748446145],[3203525.116807731,3580992.0992951826],[3203517.6095133433,3580974.662389856],[3203514.0377175584,3580955.892054669],[3203507.063042285,3580917.5963893984],[3203513.8076972663,3580881.6563582197],[3203510.926208854,3580845.568003175],[3203517.7264544107,3580831.4013643446],[3203534.4803426233,3580820.1456378764],[3203541.703622816,3580803.9993318785],[3203534.119322384,3580781.3100639437],[3203533.8966153297,3580755.4920152677],[3203548.292443537,3580739.3593310956],[3203568.7371468656,3580692.498700729],[3203492.118433475,3580643.8891401743],[3203475.33179255,3580629.6369577944],[3203461.3064980973,3580627.022503724],[3203446.2907036794,3580624.8236269257],[3203433.1609418457,3580618.9396870886],[3203426.476750929,3580617.8627092517],[3203414.8518262254,3580622.5205285675],[3203398.743634622,3580623.5820942996],[3203385.301428519,3580623.518013692],[3203373.8123693718,3580628.3728121757],[3203365.9569826876,3580633.60250389],[3203355.196371574,3580637.4155107387],[3203343.8644210645,3580647.031243833],[3203336.2951401295,3580650.487457259],[3203327.6735845227,3580657.8271988397],[3203323.1694137184,3580660.117355779],[3203317.485946806,3580663.9857992847],[3203316.32803505,3580666.4105255823],[3203314.216540995,3580668.2059331774],[3203311.2707422758,3580668.226364547],[3203301.79617777,3580673.7152180257],[3203259.049278257,3580703.8118019165],[3203232.2079661787,3580719.7871443788],[3203212.463124655,3580727.0012514074],[3203201.095323537,3580732.264201726],[3203189.7400000216,3580733.8871500418],[3203172.4546775795,3580734.283054374],[3203160.6596534546,3580731.087895398],[3203150.086573828,3580726.188860831],[3203104.9185990887,3580696.1801875047],[3203063.113135065,3580659.753291555],[3202998.277096144,3580620.2639590194],[3202940.1068243836,3580623.8889904367],[3202898.2774666143,3580633.0353575274],[3202866.2450362956,3580630.15629492],[3202810.9360127975,3580599.3461258523],[3202778.0774873355,3580590.2248593452],[3202746.0874608206,3580555.834089058],[3202712.7705366686,3580507.450967839],[3202697.2883042446,3580498.923247014],[3202681.7602390326,3580491.4311728203],[3202659.6388333607,3580473.9553202884],[3202574.7847108585,3580461.849629806],[3202560.8789025173,3580457.7464552317],[3202548.1078818794,3580469.1102124695],[3202497.3805188425,3580528.8079700703],[3202479.0737945037,3580552.6377020013],[3202471.134586151,3580549.41839396],[3202404.50557688,3580631.079837585],[3202331.375165221,3580667.1364906677],[3202260.633393755,3580682.477122689],[3202254.2989078667,3580683.848072043],[3202201.689332749,3580721.7869417337],[3202196.8177653207,3580731.8917855653],[3202155.8767037406,3580779.2824675646],[3202132.1188957077,3580806.9044246655],[3202042.5782498317,3580888.3639593567],[3201994.6536549185,3580937.552411689],[3201958.413350856,3580991.5380215636],[3201931.3974539386,3581049.785069465],[3201929.2154582744,3581085.1742353695],[3201942.2278235294,3581120.0891555795],[3201959.333940422,3581172.7950405506],[3201968.621301338,3581274.3718602573],[3201993.1701238016,3581363.3605647795],[3202003.0106276004,3581388.3843999654],[3202020.6818351406,3581416.4344766885],[3202057.689704148,3581439.183130531],[3202050.3380166423,3581454.1909834966],[3202042.1967089623,3581470.8315835404],[3202035.7418393698,3581499.7884695544],[3202029.749255052,3581526.6290605776],[3202008.3662255034,3581570.3254788937],[3201992.1108713117,3581595.0136647495],[3201960.1867661765,3581622.641228371],[3201934.5915865945,3581647.6325526293],[3201928.9853724055,3581672.398844905],[3201917.8643955765,3581721.540730226],[3201912.1975331916,3581746.5752499825],[3201901.9677171567,3581858.161573716],[3201870.8425899856,3581990.0293572336],[3201869.4278704254,3581996.0170776905],[3201857.8307716805,3582045.173129685],[3201848.9514787067,3582082.7956192796],[3201837.3780404935,3582131.8540135804],[3201901.678089883,3582138.46813824],[3201922.8911070516,3582137.1013317723],[3201973.6957797417,3582133.840662837],[3202011.0396721223,3582131.435360346],[3202070.801583119,3582133.7795502716],[3202115.531013695,3582134.015491816],[3202122.103375248,3582134.0471727885],[3202136.079179823,3582131.995707255],[3202166.674256869,3582127.5198947517],[3202199.465991726,3582116.151071867],[3202216.1363217826,3582108.269940414],[3202230.683706847,3582103.948992018],[3202253.947192145,3582105.2339542904],[3202287.852048367,3582110.7197828093],[3202297.3008860294,3582112.0250713024],[3202312.9782422995,3582114.194933348],[3202318.9554590946,3582117.837635456],[3202328.254139518,3582122.736526333],[3202345.1832341077,3582128.800330301],[3202353.1688930076,3582132.2951578554],[3202363.74610531,3582136.9146638773],[3202377.520004086,3582145.456884046],[3202392.7565807803,3582154.5722824307],[3202407.2033673516,3582161.119200094],[3202423.89334241,3582167.898017878],[3202434.3592114607,3582167.8948574415],[3202449.6780470107,3582167.8856236143],[3202494.610196518,3582163.989094564],[3202516.9997085948,3582159.631151762],[3202532.750111112,3582156.5696290964],[3202549.8761805575,3582147.4959089463],[3202562.96399463,3582139.8511349186],[3202574.163897997,3582130.862841575],[3202582.0956261773,3582118.5563650453],[3202591.281892821,3582059.659859929],[3202605.4433538844,3581973.8170848736],[3202624.314735473,3581835.552741979],[3202696.6109277816,3581857.1003839965],[3202743.0739626195,3581849.4358360823],[3202764.7823895505,3581810.5443227263],[3202787.1942467447,3581787.1568480544],[3202822.3542876653,3581707.430513177],[3202836.5982340844,3581719.1505449456],[3202875.282576573,3581727.74963956],[3202885.271023896,3581734.0571796843],[3202896.30858028,3581741.0280421427],[3202926.21842909,3581754.439710274],[3203021.1308069555,3581882.2934661587],[3203158.5047213035,3582016.9123950773],[3203225.5881981044,3582077.773588226],[3203310.0891080294,3582144.467212368],[3203427.7290146304,3582218.4887576452],[3203451.0868505742,3582262.721192864],[3203489.851800162,3582347.773248479],[3203531.956321162,3582434.3770272704],[3203564.4775671232,3582516.11541549],[3203571.0408761995,3582527.6146118324],[3203586.554753464,3582554.7922996506],[3203606.0244226353,3582580.9420184745],[3203389.252275969,3582707.03971927],[3203356.6267209593,3582726.025600958],[3203320.5986046004,3582746.9746979657],[3203310.243710694,3582753.003178486],[3203223.038056193,3582820.546760222],[3203141.7401165864,3582888.9561661268],[3203065.77019059,3582954.126170874],[3203031.316723519,3582983.6811072947],[3203024.216526549,3582989.7747814963],[3202985.7728979317,3582994.76900571],[3202982.614833719,3582997.6390772564],[3202959.7408735524,3583018.4475465836],[3202891.809210631,3583080.244125658],[3202829.708396828,3583136.5014684983],[3202694.4684483195,3583252.260004031],[3202691.4513907526,3583254.750441664],[3202646.1495560594,3583293.6264875247],[3202639.961431965,3583300.31427173],[3202632.705960471,3583314.1473473227],[3202631.1380399605,3583329.725996832],[3202658.4196481407,3583367.6170585067],[3202722.2229522523,3583456.2547522816],[3202734.8216330903,3583478.8057708107],[3202749.294819959,3583504.706375762],[3202765.0706567494,3583532.9459742075],[3202836.35836273,3583645.0688099833],[3202933.8501631743,3583829.4298426197],[3203057.692209753,3583791.4144809446],[3203176.192895595,3583758.0865453854],[3203245.165226311,3583744.4700675453],[3203290.6001312435,3583735.250968685],[3203335.5494957864,3583723.9876619875],[3203354.181388258,3583719.3224064317],[3203458.3202775437,3583692.6927385842],[3203469.234303427,3583690.290447201],[3203495.257018033,3583683.719893674],[3203656.9588152776,3583814.35963726],[3203717.8736860636,3583869.322182824],[3203785.411938717,3583918.5510708108],[3203779.6476311362,3583927.872552747],[3203775.3970632767,3583934.7508901497],[3203892.805190641,3583988.1113092527],[3203882.041689979,3584008.3847797904],[3203948.63392408,3584060.63246408],[3203966.4378572847,3584073.09150769],[3204005.2891397504,3584100.2870699996],[3204006.4078925373,3584101.0714871963],[3203996.2852379056,3584118.7589487806],[3203957.1792438477,3584177.1075260495],[3203952.727037252,3584184.714262898],[3203957.5455873236,3584186.259836686],[3203987.336685634,3584195.8124276],[3203985.921113539,3584271.9156939904],[3203984.3072569342,3584358.380315407],[3203984.4873454226,3584407.838912295],[3203984.7793706236,3584487.0454607555],[3203982.5134777026,3584542.191562411],[3203980.214675976,3584555.1169413016],[3203998.98811699,3584588.872303917],[3204012.848480632,3584603.219405288],[3204056.5326929316,3584648.4265670623],[3204079.065787208,3584670.9124846663],[3204128.538465552,3584720.293466911],[3204149.2985811485,3584755.0693772472],[3204170.375184534,3584793.6463874714],[3204173.789391689,3584803.363029574],[3204173.775794225,3584811.031728344],[3204177.757711365,3584832.475443296],[3204205.9604630517,3584923.099839365],[3204232.448672403,3584971.858785468],[3204266.66041952,3585032.453848662],[3204278.4024119657,3585042.6020245682],[3204322.900125482,3585087.1616650047],[3204358.876376736,3585126.687556818],[3204361.474394162,3585130.7461039214],[3204421.551605584,3585224.669662963],[3204528.510727005,3585382.112120552],[3204607.137384831,3585526.3172998736],[3204628.744927687,3585573.6153291324],[3204445.3155420376,3585723.0140312463],[3204316.479649239,3585837.8957221988],[3204292.3610016583,3585859.397802339],[3204265.031121056,3585899.7697916403],[3204226.7095625135,3585946.5109655363],[3204184.2570411544,3585999.9753011507],[3204147.042469573,3586048.3681082316],[3204122.6745336223,3586075.2733690203],[3204052.510687254,3586143.874024983],[3204020.345603423,3586182.7996344944],[3204002.081282758,3586159.256018944],[3203979.420347686,3586122.760998733],[3203957.0827371636,3586080.7769700857],[3203946.736591354,3586058.236368205],[3203931.7556609046,3586035.8896240974],[3203853.3886030195,3585970.551118304],[3203691.7807550896,3585900.7526724646],[3203568.058117333,3585838.3920054757],[3203474.309384143,3585786.710022813],[3203447.021788765,3585771.6332086013],[3203431.1057396964,3585762.845703474],[3203338.88785343,3585711.8946682187],[3203289.605665337,3585691.630394539],[3203265.9721219875,3585701.1753595835],[3203221.50040671,3585718.1864168327],[3203200.495220527,3585726.222972256],[3203186.1993529764,3585737.6533135106],[3203178.4271306517,3585755.8955323696],[3203172.5360485567,3585769.313299105],[3203170.2420060895,3585787.545249543],[3203153.5149412397,3585803.49797732],[3203105.199184569,3585818.346876193],[3203049.7217845693,3585822.6163063496],[3203037.500552929,3585832.70890344],[3203015.2497141156,3585860.067916408],[3202995.2897157054,3585884.9881211384],[3202988.0016837995,3585902.4213819904],[3202976.166313567,3585917.426551081],[3202955.638114699,3585924.1387669505],[3202924.5542620197,3585943.4471235927],[3202912.9814395215,3585939.407012159],[3202896.322782304,3585939.12576423],[3202874.583603358,3585935.9144485267],[3202865.410518945,3585925.656127793],[3202856.8168034735,3585921.93165057],[3202847.730446233,3585920.411656399],[3202835.6184946494,3585920.8782171686],[3202823.1202322515,3585927.7936244793],[3202813.7630913905,3585943.145838342],[3202794.990917307,3585953.594245269],[3202764.9426395535,3585957.8466203585],[3202737.433106986,3585958.931490619],[3202698.7887958586,3585970.326777004],[3202654.2855745303,3585869.1132178693],[3202626.2563999807,3585800.38665885],[3202619.1817118167,3585785.1582745356],[3202617.3413848793,3585781.190369823],[3202615.294612094,3585778.228593201],[3202609.485381617,3585769.814421834],[3202587.0386931677,3585746.058544964],[3202553.7387079415,3585706.6446683863],[3202537.401455355,3585683.8047868167],[3202522.370653011,3585676.0338509628],[3202503.419257313,3585679.3790335525],[3202458.4819652606,3585700.276298635],[3202444.9202265246,3585704.334568167],[3202427.7719193334,3585696.888639591],[3202411.0883022584,3585683.365892285],[3202395.0933556184,3585665.725670172],[3202386.178050603,3585660.1930623334],[3202378.0594751015,3585658.769730602],[3202373.4860998522,3585656.97002096],[3202371.5483014565,3585649.1469194395],[3202369.906883872,3585630.7530003507],[3202373.761590626,3585601.2469640523],[3202370.065944496,3585579.4557455443],[3202364.636227471,3585575.1729410235],[3202352.9131708527,3585569.018195951],[3202341.543028217,3585558.391062579],[3202332.616428271,3585547.1057955297],[3202327.2633808767,3585543.863178142],[3202314.5662638894,3585543.542230229],[3202304.3807428507,3585538.022618327],[3202299.199576953,3585528.5218581725],[3202284.7612929335,3585518.6834685407],[3202247.8820642894,3585494.3204975114],[3202242.3687118683,3585486.5359736574],[3202187.293188597,3585457.56389345],[3202169.566024459,3585441.673614714],[3202050.9196363506,3585372.063802169],[3202044.8431761335,3585368.066843189],[3202026.602606741,3585356.81545843],[3202028.194819034,3585342.9560273117],[3202025.44123043,3585328.000893526],[3202030.4416790595,3585316.0777634606],[3202046.644405355,3585308.364921398],[3202049.9696460413,3585301.527161476],[3202046.957496818,3585297.3754427],[3202037.297231177,3585296.7113600806],[3202030.654848527,3585290.159922751],[3202028.1275738124,3585278.0384426266],[3202022.4405477755,3585276.3170276876],[3202011.6679647067,3585275.707724459],[3202004.755526587,3585275.3696298576],[3201981.3163886545,3585273.431106901],[3201963.9614785668,3585279.6316898405],[3201937.4955584123,3585270.264605188],[3201922.9548661606,3585278.1677717017],[3201907.9583349233,3585289.0723769763],[3201903.514318972,3585281.738826538],[3201896.0797885396,3585276.83268995],[3201882.1703215805,3585273.7602858],[3201875.978856057,3585267.1096395296],[3201868.92191941,3585261.8344235537],[3201861.327531527,3585259.799383884],[3201856.642259693,3585256.5771152186],[3201873.9002075326,3585188.0208546966],[3201893.460023407,3585160.316086151],[3201917.5713194814,3585059.1219841144],[3201881.409876419,3585008.327104416],[3201858.910752805,3585004.4540464305],[3201808.70850126,3584982.873530564],[3201755.6076782774,3584951.7611330054],[3201728.0315635037,3584943.818721386],[3201669.638714144,3584896.844949535],[3201625.7179811085,3584871.6837448776],[3201569.1773512587,3584847.63474092],[3201545.4704055185,3584823.9380821534],[3201503.4050294077,3584777.980831548],[3201434.434871939,3584723.664208463],[3201408.508130124,3584697.4518045164],[3201379.6825697385,3584668.4414368356],[3201341.8456739476,3584577.5979185347],[3201313.0175143527,3584538.4928060602],[3201284.705523198,3584513.235698259],[3201234.535652107,3584477.054649024],[3201179.969332265,3584455.320193348],[3201165.973554556,3584449.749305368],[3201049.879947247,3584396.2181463605],[3201006.101800224,3584379.9124729875],[3200929.574372573,3584342.4475434725],[3200777.2574729193,3584272.3233934664],[3200701.6572507164,3584251.186966349],[3200651.9927992905,3584257.709717429],[3200624.6099755936,3584258.254773218],[3200475.722375307,3584261.223978686],[3200429.078429415,3584256.7370553007],[3200387.974035198,3584249.2063139547],[3200319.5221840264,3584210.475256695],[3200292.9635853963,3584192.7798569216],[3200285.9474973436,3584137.3035232387],[3200283.033866207,3584067.256210124],[3200275.607936659,3583902.3554826314],[3200344.6474093325,3583887.837742549],[3200398.462293611,3583873.9713189946],[3200454.046930339,3583848.7222597534],[3200467.904269496,3583841.8814960755],[3200519.4917064672,3583816.4083476034],[3200579.2629375234,3583766.9692007136],[3200615.8273305777,3583719.350271045],[3200645.150520664,3583652.2283586413],[3200678.141667459,3583572.393527533],[3200703.829445823,3583510.230652694],[3200724.937938257,3583459.152270536],[3200734.4839802766,3583389.2307374147],[3200707.876289525,3583350.294107904],[3200681.764386844,3583312.087418668],[3200652.1498217667,3583287.313190333],[3200650.0468409057,3583269.7688152497],[3200651.211433409,3583234.0034825797],[3200655.421326911,3583215.6888545775],[3200669.7802594365,3583153.193999227],[3200673.310560232,3583137.8439502465],[3200677.064131649,3583013.838842242],[3200680.986149313,3582884.2555738282],[3200696.9366735984,3582853.6252774834],[3200736.736219337,3582780.752640934],[3200746.4676806633,3582768.125338766],[3200752.8835603865,3582762.817553255],[3200864.103689803,3582850.047388051],[3200887.0621602954,3582863.981831077],[3200970.184528815,3582910.708228083],[3201040.10081686,3582941.298111935],[3201099.4425734705,3582967.5592468227],[3201185.043894684,3582999.8998388634],[3201264.6045429204,3582963.451208076],[3201297.380139685,3582948.440342908],[3201306.9846178982,3582944.041588894],[3201347.5201514196,3582923.7621330405],[3201371.571779977,3582880.62253151],[3201362.51266089,3582843.481724778],[3201335.7315305597,3582733.631010198],[3201342.4577858746,3582707.9193905722],[3201336.7230689507,3582668.6606143974],[3201315.820366691,3582630.2643090067],[3201305.6609661253,3582586.9478050945],[3201284.753243624,3582553.134152823],[3201279.46948366,3582533.7246757555],[3201303.341613075,3582484.5401907973],[3201336.123308195,3582429.0910148737],[3201361.5769189433,3582399.443968655],[3201392.5860341275,3582364.5294231204],[3201437.0147587163,3582329.620512903],[3201488.9759080326,3582280.555845147],[3201525.746250756,3582248.428242811],[3201559.8525028005,3582210.3600836475],[3201608.230028512,3582156.4803485153],[3201627.1187667325,3582136.7596865306],[3201546.85763717,3582048.3045720104],[3201510.699078646,3582006.4047409906],[3201309.728545527,3581773.5153284804],[3201255.4459430603,3581701.9065289516],[3201265.201898303,3581687.49129482],[3201252.440815455,3581671.220364192],[3201266.5913083996,3581658.0847908095],[3201280.992383533,3581644.7150334287],[3201363.442910379,3581563.789525651],[3201426.3959653014,3581501.240142761],[3201594.4666219987,3581357.2910324624],[3201648.565942726,3581311.758715529],[3201683.2765708715,3581283.2951314533],[3201711.9208300407,3581254.192714959],[3201744.6462380653,3581227.9210505825],[3201757.9126743833,3581219.332865214],[3201766.820271065,3581213.5650283988],[3201791.3973746994,3581179.948925979],[3201808.612921579,3581154.0921502337],[3201822.9790927907,3581134.471880285],[3201828.484576909,3581126.9615382627],[3201806.0931608016,3581106.321245371],[3201788.9113230547,3581069.4953862117],[3201782.1547518848,3581042.355898644],[3201757.2960854825,3580931.308760394],[3201717.94767127,3580809.3290668805],[3201668.723263546,3580678.82879332],[3201661.2033985183,3580670.477652925],[3201647.6154715144,3580657.5280057252],[3201625.2275123764,3580652.1959345643],[3201596.1417455664,3580642.4316901336],[3201577.127160362,3580622.4355655103],[3201565.500987514,3580597.9540985757],[3201546.2961450173,3580543.85314212],[3201537.4947106456,3580532.168083415],[3201521.319971866,3580518.1735322075],[3201489.4611623916,3580494.553086879],[3201477.252619311,3580490.703459663],[3201456.860105074,3580492.110327823],[3201389.688289313,3580531.5186368413],[3201373.3870545924,3580543.5464690686],[3201356.8335429975,3580550.1918430673],[3201339.7927405196,3580549.3945306446],[3201320.063495936,3580542.397480703],[3201259.024691741,3580512.6299879905],[3201195.0313436417,3580507.9457298205],[3201171.9730729535,3580506.0376822804],[3201134.8990118466,3580502.98111526],[3201096.185163187,3580507.878859989],[3201084.561957675,3580504.553926816],[3201076.897679111,3580496.0316531733],[3201066.4563230714,3580469.763068431],[3201070.8282552026,3580416.0268289354],[3201065.0266159363,3580392.566245335],[3201048.754482616,3580378.0787386005],[3201025.788046774,3580376.8162594577],[3200983.320775048,3580387.828446106],[3200939.6109810756,3580393.6327365497],[3200881.841589368,3580386.708749023],[3200856.436193863,3580377.4133458436],[3200827.1561581134,3580365.041591439],[3200815.6404576483,3580353.782723052],[3200801.040460644,3580315.1147058457],[3200758.6840293333,3580257.7149521834],[3200741.074156006,3580245.985761951],[3200714.5911824163,3580240.903985054],[3200689.3699252293,3580245.54977957],[3200657.2177545778,3580261.488199198],[3200640.9923787564,3580279.4052206846],[3200639.9971345216,3580287.684592096],[3200659.7186414613,3580336.028956764],[3200661.626530622,3580359.687084376],[3200653.897618973,3580376.0449853158],[3200600.90898392,3580429.22245856],[3200583.4045517873,3580460.876362484],[3200611.259088457,3580619.2127455054],[3200616.199923227,3580637.6705167703],[3200605.863996549,3580706.1935934084],[3200598.001351333,3580737.3881248846],[3200568.4685542653,3580748.82800653],[3200544.6432320317,3580744.475735198],[3200503.0000083083,3580769.9331036066],[3200483.727781969,3580826.553260191],[3200513.225117472,3580874.461820033],[3200530.257683158,3580930.0284450515],[3200524.7921021776,3580979.800266273],[3200526.030148579,3581026.2776037576],[3200541.9890556536,3581069.630028528],[3200536.315544691,3581151.995493772],[3200558.913410669,3581192.092240591],[3200600.7392071853,3581191.1082866234],[3200619.573724973,3581208.544011535],[3200634.2904788237,3581224.114492743],[3200652.232244972,3581245.257707003],[3200672.216293008,3581287.424760415],[3200672.7515583825,3581302.418891021],[3200667.101672152,3581311.831463611],[3200617.928945015,3581342.7437742916],[3200606.944015771,3581357.992311216],[3200606.817190134,3581388.5053732777],[3200611.979478697,3581423.0129985437],[3200606.3360149185,3581439.4345342494],[3200583.8129657283,3581461.468992268],[3200550.2382673053,3581506.654145686],[3200483.3408559337,3581597.2746234788],[3200450.505944428,3581549.7848041914],[3200366.7654051753,3581450.961897826],[3200330.665675324,3581420.6447513],[3200263.0679009403,3581393.17179331],[3200190.088283611,3581369.590581745],[3200166.371685814,3581366.077521347],[3200135.753601448,3581380.9427141706],[3200117.62041558,3581342.0164827607],[3200109.0517421197,3581324.8195344657],[3200032.2453402625,3581284.0508197993],[3199970.1580409403,3581264.3770644376],[3199941.643956708,3581261.999260019],[3199909.9336938504,3581238.340067775],[3199894.908859904,3581213.5569772683],[3199883.400194089,3581182.095299068],[3199786.1398032806,3580928.110620103],[3199724.059652414,3580897.2588653187],[3199714.1836839616,3580891.2739688577],[3199701.6596187525,3580888.9222774673],[3199689.376670122,3580885.4867305467],[3199667.9554252746,3580886.970737358],[3199651.7544536046,3580890.0826836554],[3199626.1055714474,3580892.860523266],[3199601.870947341,3580908.6212002165],[3199560.437057189,3580955.6909421706],[3199549.107842487,3580974.987311181],[3199525.3526316476,3581003.5009357375],[3199502.8496757345,3581024.1316832625],[3199483.0699170735,3581044.2189521366],[3199454.342878377,3581073.7266843845],[3199418.6666434086,3581049.4573049047],[3199379.514689013,3581016.0972671295],[3199367.822114559,3581001.166354935],[3199357.2471178696,3580986.305712882],[3199353.2808459615,3580979.753170574],[3199311.278966983,3580930.333398143],[3199287.15013694,3580908.7017383026],[3199234.54002883,3580905.075676191],[3199220.916949862,3580909.7648610165],[3199196.920577106,3580918.423884971],[3199155.039818529,3580948.9961934215],[3199091.924574087,3580996.194408258],[3199083.0167682036,3580998.525837836],[3199076.6847502766,3581003.1817136486],[3199070.49367317,3581008.91958641],[3199059.168801547,3581034.0418450395],[3199034.1367478464,3581089.581713793],[3199022.9384128377,3581117.861948199],[3199021.2266494124,3581134.5158047588],[3199019.408500842,3581152.2549993475],[3199019.5420494955,3581170.1813195464],[3199037.1851206664,3581162.256491443],[3199053.86060641,3581145.5904179215],[3199070.2035400337,3581148.082160402],[3199070.7400102383,3581172.6093601584],[3199058.2024513325,3581189.1889685],[3199048.820203462,3581203.5871667955],[3199045.6170836114,3581226.01904272],[3199058.7965918723,3581231.200691074],[3199067.79640905,3581241.302727417],[3199070.952761937,3581245.2915974907],[3199076.284858986,3581251.047173801],[3199090.9302568696,3581265.5727791134],[3199104.468982762,3581334.777957976],[3199122.6112286737,3581435.3833228396],[3199151.875948815,3581469.09191661],[3199148.008469454,3581504.581097914],[3199190.9903742876,3581544.156448541],[3199194.185476597,3581565.55386099],[3199206.8702266803,3581589.4037249563],[3199208.3915523207,3581613.19338446],[3199208.8895131387,3581621.0142394355],[3199207.0631788517,3581650.290689224],[3199207.8365329932,3581675.0934302295],[3199191.4295175145,3581677.7980384165],[3199171.1949574915,3581679.2693919595],[3199164.8669965677,3581707.4325923533],[3199137.0916161537,3581714.46802128],[3199141.691978312,3581729.901421408],[3199134.750560674,3581753.8871767703],[3199119.0485942373,3581747.807251752],[3199104.6926420853,3581750.6403259984],[3199097.1426434107,3581783.2837269222],[3199086.5483240914,3581791.625948477],[3199070.026019886,3581805.273256868],[3199082.0082234177,3581818.3130773115],[3199083.7412500335,3581838.3553273287],[3199068.264516736,3581861.7034424315],[3199059.1053984696,3581876.9912157594],[3199041.3348807665,3581907.8809647183],[3199017.2066241624,3581903.416264337],[3198948.157928977,3581890.62866199],[3198916.0005061813,3581910.46486146],[3198813.6013883674,3582156.4547319533],[3198798.5769137293,3582187.6943825437],[3198782.307327424,3582238.2368307416],[3198789.1301887645,3582280.1544521074],[3198771.3790516397,3582308.646900584],[3198760.674502087,3582323.130808346],[3198763.818526918,3582338.174668722],[3198729.293092681,3582342.2947053276],[3198700.0720700286,3582358.7046171087],[3198684.4371580863,3582378.237362435],[3198654.1431479547,3582472.2666234993],[3198620.151242961,3582559.632343082],[3198555.2579456763,3582671.7222873634],[3198485.2433514306,3582795.069677666],[3198396.033099007,3582904.269490391],[3198392.3793448,3582920.586136157],[3198368.515118403,3582916.7170263855],[3198336.357061766,3582911.507648114],[3198252.195472254,3582886.536091927],[3198223.935470055,3582865.2956445934],[3198203.8343080557,3582862.2955917413],[3198177.233316819,3582889.1284902394],[3198135.8297654586,3582923.571767429],[3198121.9887115005,3582931.4629950356],[3198080.337550259,3582955.2146127964],[3198008.095495817,3582973.453699923],[3197970.951363762,3582964.9169361484],[3197902.453787165,3582933.9816452772],[3197667.0763947824,3582832.766100593],[3197600.7616984216,3582806.154404806],[3197537.4075899525,3582771.271687668],[3197446.126277193,3582692.6302366704],[3197394.756992406,3582634.758363286],[3197326.1326601077,3582564.9784153765],[3197213.0109674884,3582446.858509302],[3197053.1591714816,3582360.2471376024],[3196919.736599086,3582358.6762736915],[3196816.7208189615,3582349.1437521228],[3196796.423098089,3582353.0365811894],[3196771.5456217458,3582361.848000951],[3196745.400388633,3582368.31273555],[3196707.1099796705,3582372.1220288663],[3196665.7257508626,3582359.228375737],[3196635.436489447,3582351.1610351885],[3196607.902604717,3582353.121865906],[3196562.818561091,3582329.6165736746],[3196546.7181531936,3582301.213233493],[3196520.6842391603,3582255.2849976653],[3196455.099774938,3582186.2591765425],[3196432.3673167657,3582180.6910295817],[3196414.1692155343,3582176.225757421],[3196367.949967566,3582154.613885934],[3196328.7506241337,3582137.4638160677],[3196304.2830557823,3582130.424707382],[3196274.954345108,3582121.9952534954],[3196245.5410905816,3582167.9231954073],[3196227.0229768,3582256.5394633953],[3196212.103085185,3582313.0404107296],[3196194.5450973106,3582439.751938585],[3196240.611745229,3582543.42838372],[3196255.40074562,3582552.799145867],[3196260.02290476,3582558.704574372],[3196256.9982915297,3582567.822499085],[3196251.7867560536,3582581.902039921],[3196295.540921913,3582714.3600328346],[3196367.11917062,3582820.741027568],[3196452.47481752,3582904.0998435635],[3196614.980342429,3583058.2456782646],[3196675.7015750837,3583109.714598559],[3196810.105981886,3583196.581018669],[3196878.7602434186,3583243.9054524605],[3196942.0835821414,3583301.5159149817],[3196972.758766516,3583317.847465941],[3197084.971051598,3583389.148893573],[3197194.9356622705,3583483.954197774],[3197249.153922094,3583532.484332474],[3197321.072241604,3583567.861721581],[3197411.719079304,3583605.4462354537],[3197687.8017412797,3583643.31387106],[3197811.964270872,3583693.764120391],[3197903.0315060564,3583743.0078399368],[3197983.820768521,3583802.144895047],[3197994.823047256,3583835.031131739],[3198002.411934597,3583894.549579227],[3198002.3543045954,3583940.836735453],[3197973.639774503,3584015.814727805],[3197966.3841925403,3584057.418383789],[3197969.1745973355,3584073.286653732],[3197971.5078942413,3584098.674288547],[3197967.19331854,3584127.935364248],[3197958.3528370573,3584153.4195836503],[3197938.4853538675,3584191.272364113],[3197909.4607263077,3584224.22275523],[3197835.0575443422,3584254.7820652328],[3197362.0752095757,3584296.848993866],[3197120.9447055124,3584032.0489490293],[3197009.776605014,3583957.5218434525],[3196876.1122064264,3583912.8687296147],[3196749.390426047,3583925.1701968005],[3196635.666446532,3583988.6367470096],[3196542.783789101,3584087.12233774],[3196377.3149285787,3584407.8119726307],[3196320.2902007303,3584502.146087348],[3196259.60633632,3584532.4189199014],[3196126.397949863,3584551.917826373],[3195962.6864758115,3584545.97996077],[3195680.4970466364,3584515.6380330017],[3195531.668336954,3584498.538814364],[3195342.359323517,3584442.8234744584],[3195049.1461069165,3584349.314467626],[3194988.2732326775,3584344.0106347874],[3194946.3477214254,3584357.063822403],[3194900.919584459,3584410.586490556],[3194855.916405867,3584504.1027864926],[3194803.226251877,3584643.616082929],[3194792.739949167,3584668.5166375916],[3194726.174361081,3584819.6299892245],[3194720.1434211778,3584873.5083016846],[3194738.3415860287,3584914.0098785674],[3194789.644755246,3584978.9220602857],[3194944.3573377654,3585094.877030888],[3195064.796422678,3585165.419521505],[3195183.358956863,3585233.641463821],[3195306.79540218,3585284.5726203793],[3195391.678895516,3585313.0618932405],[3195468.328806911,3585332.8675359515],[3195496.920149259,3585336.7138471147],[3195520.697560437,3585344.1689791284],[3195560.329633451,3585354.3826859384],[3195608.269035267,3585390.755419071],[3195704.227392637,3585490.6354430406],[3195753.906923807,3585533.94860998],[3195870.443073961,3585696.671699439],[3195989.681847958,3585839.0710904426],[3196070.405985851,3585941.741768081],[3196089.450042456,3585986.814539086],[3196145.736396324,3586124.2110949587],[3196163.5622554542,3586185.280307557],[3196167.8263645926,3586244.9231111114],[3196162.325942671,3586324.356305395],[3196157.787907717,3586331.247282829],[3196132.447144869,3586340.6093532755],[3196094.7970665703,3586328.2222009758],[3196026.020877182,3586333.8368720603],[3195968.9165189816,3586357.1332374946],[3195910.3067425983,3586384.395501581],[3195805.706353816,3586363.9452439253],[3195763.801236218,3586338.874643673],[3195736.4865918923,3586310.2651716853],[3195711.880637544,3586293.791228191],[3195668.7484654835,3586288.1750643607],[3195567.5629525958,3586268.6695055114],[3195474.955286993,3586280.52030711],[3195014.825124939,3586430.5899261246],[3194653.0995674096,3586209.778549584],[3194414.810704261,3586396.578977935],[3194026.8030027626,3586589.291732564],[3193331.964564122,3586113.589974465],[3193295.2561412207,3586098.0634227684],[3193219.8525920254,3586043.3747772803],[3193192.350762959,3586014.6371840457],[3193172.6887658807,3585979.752804114],[3193156.0819203067,3585901.9696685523],[3193146.0040878253,3585861.369916677],[3193122.7889841013,3585821.7918247776],[3193089.2220960325,3585792.8875997113],[3193046.536550609,3585768.3167538573],[3192912.7297143852,3585712.9732144647],[3192793.49293983,3585687.8932605176],[3192742.4860855397,3585677.169761669],[3192640.2680451656,3585661.890664664],[3192576.6888623154,3585640.176955794],[3192518.308135077,3585615.1132275774],[3192425.216108164,3585569.1841303473],[3192382.878529134,3585554.0335175744],[3192357.301896853,3585548.3864924684],[3192330.1653521787,3585553.5960606677],[3192266.7326597353,3585587.8602438513],[3192205.6170439636,3585631.018467357],[3192190.847505347,3585643.4699983294],[3192174.0495868633,3585649.951697917],[3192163.0186638245,3585651.8931508493],[3192148.8862114213,3585641.6118158256],[3192091.1470674565,3585584.75381485],[3192069.2800908946,3585567.5455013392],[3192054.582581374,3585563.2440814786],[3192040.3984806733,3585567.1427965234],[3192029.3678895812,3585573.3806194966],[3192016.023618344,3585573.8230223604],[3191994.5592379896,3585563.3797861245],[3191982.8414062317,3585552.1081488975],[3191976.169949271,3585537.3040507506],[3191971.7867972814,3585514.560770734],[3191974.929581645,3585474.2399692824],[3191975.360810848,3585438.6346813515],[3191972.1656718473,3585335.835019526],[3191976.665047735,3585310.680965248],[3191984.35242475,3585287.7883539107],[3192017.8339537145,3585181.0281407363],[3192028.491194655,3585143.174553416],[3192029.8087696764,3585124.2348991493],[3192026.8220744533,3585105.7870070385],[3192012.547744454,3585066.5964767025],[3191992.659306137,3585036.7227842296],[3191959.667380344,3584986.787292329],[3191948.649424879,3584969.755658859],[3191941.2303848844,3584952.92550826],[3191922.9724760824,3584874.790700092],[3191913.111127409,3584840.3220709935],[3191907.7399082445,3584820.8416314507],[3191896.9883503728,3584815.3193831462],[3191828.205068973,3584813.538593255],[3191712.1957762213,3584809.538283968],[3191664.5348410737,3584795.620179368],[3191635.898048222,3584796.943126598],[3191616.407898191,3584798.599900921],[3191603.8778234124,3584800.914073074],[3191591.346781378,3584805.7740160963],[3191586.525940207,3584806.2675681957],[3191578.2568696355,3584807.109916945],[3191570.145506546,3584801.82007932],[3191567.4902561363,3584793.103189268],[3191567.145887793,3584786.0359020997],[3191566.53842095,3584774.7491682055],[3191564.554276741,3584742.818073207],[3191561.4101273958,3584723.6373732854],[3191543.913110656,3584688.690610344],[3191505.5589716043,3584630.745822609],[3191466.8256126717,3584565.489085249],[3191437.3277652105,3584484.6027831496],[3191420.768478777,3584405.931018193],[3191420.4053383945,3584366.9286648156],[3191418.418424951,3584241.9781236355],[3191418.059157266,3584156.7644207724],[3191416.7443752983,3584148.1756608156],[3191414.7263350897,3584139.0818263926],[3191406.9402003284,3584112.0112240226],[3191402.348795207,3584099.4669756354],[3191396.3874535705,3584087.723356748],[3191349.8399666315,3584036.2804676075],[3191328.470034576,3584021.7603023867],[3191303.1921238913,3584012.1145406137],[3191296.516783178,3584010.534337517],[3191256.472754183,3584001.0858527366],[3191114.3900913266,3583961.384537753],[3191091.110197411,3583953.0521943243],[3191078.9724001447,3583939.017529396],[3191061.6708912374,3583886.6416168306],[3191037.92238733,3583850.885541833],[3190984.5856719394,3583813.937938062],[3190902.212177097,3583764.535998014],[3190866.2239859025,3583742.87593414],[3190839.949984819,3583728.3996032467],[3190810.302245129,3583721.0959326085],[3190797.4029703615,3583719.0224517295],[3190782.4937925385,3583718.1159900697],[3190768.6474252003,3583718.212772671],[3190753.0565087018,3583719.3300976735],[3190738.1730114063,3583722.149369987],[3190722.5545936525,3583727.074714786],[3190709.148156801,3583732.9829537245],[3190696.561007223,3583740.28891788],[3190671.863566839,3583757.6391817587],[3190660.351985904,3583765.864664049],[3190646.423692353,3583778.1111689126],[3190634.6819915613,3583793.2243570043],[3190591.294145446,3583844.345943513],[3190538.2062742757,3583886.542389165],[3190493.8028113786,3583924.072228033],[3190469.85275888,3583939.441560641],[3190436.073372227,3583953.9575536666],[3190363.705780257,3583975.326740627],[3190280.2705932185,3583991.91264002],[3190113.0626971885,3583993.887709219],[3190057.616643927,3584004.976793682],[3190028.20686686,3584018.6640970944],[3190010.435266315,3584037.2933529904],[3190005.0285388217,3584056.018687401],[3190009.5996454675,3584105.658900339],[3190025.9810624924,3584174.7120105396],[3190026.098631989,3584183.2529514227],[3190023.207916887,3584190.5254106256],[3190002.5295608547,3584206.8936357745],[3189954.4121100623,3584252.8868465726],[3189915.040334518,3584306.57975752],[3189895.64232365,3584362.6711287084],[3189887.8615833353,3584380.1898159813],[3189876.2659397796,3584393.8068771344],[3189859.2191973813,3584403.928898547],[3189808.0555250077,3584420.743166156],[3189756.612174142,3584431.695168609],[3189677.620501235,3584443.9763264684],[3189640.886526712,3584464.8208574406],[3189584.043741433,3584522.7106061606],[3189557.2305206247,3584546.538980014],[3189544.311805242,3584549.2661999436],[3189529.7376430854,3584546.668263144],[3189482.175357758,3584523.46000239],[3189465.954058768,3584517.3665578873],[3189455.644447785,3584519.7679961803],[3189447.0795358513,3584527.207518591],[3189414.9996865215,3584582.87277396],[3189368.700836584,3584655.8162078112],[3189344.1722900923,3584687.1535791503],[3189296.529787671,3584736.8518034033],[3189274.0939224386,3584772.17371145],[3189206.501130319,3584920.949835296],[3189158.9947391315,3584988.9332721108],[3189136.634044827,3585010.0800790144],[3189105.993734394,3585030.0490037124],[3189058.672401809,3585052.185292983],[3188994.273130686,3585076.4845626],[3188939.115012829,3585092.300138224],[3188810.05837119,3585141.4170877887],[3188747.17720659,3585167.646758001],[3188683.5983199556,3585189.350824225],[3188629.86334078,3585200.4273685375],[3188598.52932085,3585204.502441954],[3188570.794614622,3585195.5513780783],[3188541.098057949,3585189.7497689542],[3188532.9613899346,3585175.2773731723],[3188519.421488272,3585163.7968289745],[3188488.3135281336,3585157.505686814],[3188465.8215612927,3585161.0403173696],[3188461.868510927,3585164.7312480644],[3188454.796482906,3585171.318040052],[3188444.9265190037,3585193.324033697],[3188436.733648556,3585223.599057721],[3188412.1793246735,3585270.0305617233],[3188391.625140219,3585283.889574765],[3188368.5595784644,3585291.69189317],[3188352.093104763,3585312.701800437],[3188345.9387903446,3585347.838430697],[3188356.084965905,3585377.2017691424],[3188377.3955201767,3585422.138582573],[3188372.6623634733,3585479.294170388],[3188368.635212149,3585507.657419882],[3188361.8578156345,3585535.4609834226],[3188336.329663709,3585614.8427357743],[3188317.7186864894,3585645.5688135596],[3188294.4312734874,3585673.484470431],[3188265.35502482,3585703.037104557],[3188239.0259481827,3585722.459345768],[3188207.749255904,3585737.96371133],[3188180.2010031473,3585755.3857787224],[3188160.467958348,3585773.6044239835],[3188151.2736224327,3585783.7618825305],[3188146.086712158,3585799.304158421],[3188142.243498074,3585826.8390192105],[3188142.8067826456,3585855.062599397],[3188143.148757762,3585890.9909971035],[3188142.7358322027,3585912.8332635243],[3188136.822881029,3585925.987278075],[3188125.157441995,3585933.8338643042],[3188103.41924104,3585943.865679516],[3188087.1835331805,3585950.396328303],[3188068.8971564723,3585953.4053607015],[3188048.2343870346,3585951.40706897],[3188032.062078327,3585947.1963420976],[3188014.165430185,3585939.267529433],[3187952.537318869,3585906.063923219],[3187905.4919863134,3585872.5015697177],[3187870.921864512,3585833.333003484],[3187843.087812069,3585779.399501824],[3187829.127340669,3585749.7189047877],[3187816.908514829,3585727.703765155],[3187796.364342366,3585716.287226164],[3187766.5367689272,3585710.419911493],[3187649.4690433186,3585715.47264718],[3187598.834185264,3585711.2400120012],[3187577.8010189366,3585702.745629821],[3187564.189645688,3585698.6932348763],[3187541.8969887933,3585680.2589743524],[3187506.800974876,3585655.3246357027],[3187486.3718942413,3585640.81586527],[3187422.208097147,3585593.1560441134],[3187389.7415243895,3585575.3094355557],[3187381.079344617,3585565.0704961633],[3187374.5460154153,3585541.628045776],[3187365.311941725,3585527.291807056],[3187357.6254476877,3585500.4037762815],[3187355.2579118656,3585479.737099874],[3187358.7579102255,3585460.0167253185],[3187377.6390056964,3585414.759277346],[3187394.286186098,3585374.851238011],[3187395.2624442037,3585366.4396377346],[3187398.593353829,3585337.832709091],[3187401.742895388,3585327.8659397624],[3187404.1444706856,3585315.078492059],[3187404.719325358,3585305.2806794993],[3187401.546145619,3585298.651511749],[3187394.7388953366,3585292.4090779643],[3187373.9041964863,3585276.3423401024],[3187345.194432405,3585248.895865905],[3187314.011257707,3585219.0816373047],[3187307.2224876806,3585212.592724898],[3187304.3176814886,3585208.5580952475],[3187297.351731766,3585198.8758996725],[3187277.643830846,3585184.3605671236],[3187258.6845833515,3585175.4769505556],[3187241.8177088294,3585172.0170591366],[3187238.183244592,3585172.1620418807],[3187230.425159404,3585172.481700958],[3187187.00318955,3585170.786832081],[3187161.7605454745,3585186.4996849196],[3187152.887131815,3585209.5982077178],[3187149.202784252,3585218.9841668387],[3187144.5044985767,3585230.9615430254],[3187114.8500105906,3585306.532187013],[3187112.148979972,3585328.2313920585],[3187110.716717313,3585339.71775447],[3187078.8806711705,3585366.187481085],[3187070.7493588864,3585373.7091086893],[3187056.6507990076,3585387.1071804077],[3187043.283378927,3585414.5404289085],[3187023.332211225,3585411.9191157715],[3186953.1244875295,3585405.368410688],[3186888.660658898,3585390.9583399203],[3186862.4930344606,3585388.7576899757],[3186844.4376351023,3585390.803180063],[3186830.5638216166,3585394.9635082334],[3186824.484292294,3585405.845552898],[3186824.7869073376,3585415.5518487887],[3186828.980284658,3585425.866943405],[3186838.252235719,3585444.3294043383],[3186839.8313400894,3585456.2868615338],[3186838.418499344,3585468.1949805804],[3186834.6313601676,3585479.6002836656],[3186825.670827053,3585490.900814458],[3186800.9530940056,3585511.555091569],[3186793.5137957833,3585518.409505334],[3186765.0109986556,3585522.275800207],[3186742.2326278915,3585529.2434699275],[3186728.3343898067,3585527.7186869034],[3186715.86299323,3585516.240854787],[3186705.583480901,3585503.871069606],[3186703.921222452,3585468.8911848227],[3186706.749938919,3585426.4320786903],[3186702.431917834,3585382.1826032046],[3186690.4680241477,3585341.613118224],[3186684.900873496,3585318.022006803],[3186691.2045361763,3585299.3183770385],[3186702.455667029,3585289.013674072],[3186733.839233742,3585281.191898979],[3186770.639328936,3585266.6629732694],[3186772.778348449,3585262.512152453],[3186779.7022664817,3585249.0577563024],[3186788.1690208856,3585224.8265506285],[3186790.2040211856,3585203.2582207527],[3186784.6138725127,3585192.5653611906],[3186779.966568202,3585183.676829624],[3186764.8076113514,3585167.1077694814],[3186751.350862245,3585161.5437932163],[3186727.285445491,3585160.3980463487],[3186704.63494813,3585153.553812727],[3186680.2938570585,3585138.5590229537],[3186664.5409748154,3585118.209343481],[3186660.8891457133,3585092.3550522714],[3186660.308070682,3585060.36642211],[3186656.9709047507,3585027.2903948957],[3186665.7555055832,3584997.265135974],[3186665.554267483,3584984.1923293234],[3186665.3609750085,3584971.659054297],[3186654.793859752,3584955.0172072547],[3186637.457620832,3584935.4192553707],[3186630.317618777,3584922.1632034453],[3186620.843142568,3584904.5808181553],[3186601.652950757,3584877.5988385985],[3186580.1394370217,3584859.7564168996],[3186564.310640139,3584840.497203606],[3186564.0813088384,3584816.9928701995],[3186553.6045239344,3584800.6857460574],[3186543.2287532007,3584794.6997755263],[3186518.216436616,3584779.872529747],[3186499.589043,3584779.169333265],[3186474.8025720716,3584789.2762315925],[3186460.001525243,3584806.9411488394],[3186451.014788669,3584836.936682029],[3186434.2554054065,3584854.686645858],[3186417.478134406,3584856.2993791522],[3186387.2814709893,3584890.326413067],[3186357.307400138,3584938.3086436177],[3186335.6066140784,3584999.3221851042],[3186329.680619019,3585036.528352998],[3186321.8153217942,3585066.0376321604],[3186305.7620328115,3585095.1457060445],[3186292.1566090737,3585111.7646810217],[3186267.957301108,3585147.6393986875],[3186248.6749073886,3585180.2951595816],[3186224.85942089,3585199.817339652],[3186203.5083875908,3585225.1428718856],[3186168.7491593566,3585257.0725926873],[3186132.0046982644,3585297.689825882],[3186120.414982449,3585314.7403100436],[3186115.6336062877,3585338.64232867],[3186117.0746965995,3585398.3237278466],[3186116.172096571,3585426.6047267197],[3186109.926792598,3585443.4748135153],[3186098.8757726997,3585453.236041558],[3186078.862654034,3585453.422289581],[3186053.0247507943,3585446.558032013],[3186035.2777620386,3585443.6098987567],[3186012.626396939,3585449.270574128],[3185978.506654459,3585479.913964884],[3185960.3098731525,3585527.6140708043],[3185938.502368558,3585569.2210750496],[3185882.0649651783,3585549.630552731],[3185853.157200383,3585535.5713467686],[3185844.8692046534,3585530.3912760178],[3185832.144872586,3585525.6380199166],[3185815.5097398176,3585522.6553545077],[3185790.3788853735,3585522.667695122],[3185764.2367075672,3585526.4812868317],[3185733.169511652,3585533.9317963487],[3185697.2247126177,3585541.815854679],[3185659.1226281477,3585544.961218167],[3185525.617396986,3585547.3330366607],[3185493.513741713,3585547.1625284823],[3185459.393433979,3585550.7447629264],[3185460.292646017,3585606.2312818803],[3185447.888219915,3585617.012051224],[3185445.887058964,3585622.4545356967],[3185448.8016337818,3585656.478925439],[3185449.4127928093,3585679.8437290452],[3185446.44153301,3585697.5001306306],[3185449.3928550575,3585709.668805845],[3185447.20440857,3585723.6040053884],[3185449.3016474354,3585743.855650648],[3185453.7512207804,3585762.091506098],[3185457.041813006,3585780.789413936],[3185464.0807586787,3585812.7706676945],[3185461.9690394225,3585837.0223956243],[3185456.2654397944,3585858.010871254],[3185450.209507172,3585880.9078535098],[3185445.6313303923,3585896.868268312],[3185445.4066386432,3585910.497840583],[3185447.482410407,3585919.209344452],[3185451.112550951,3585924.813640979],[3185456.3223863924,3585927.8920601564],[3185465.4894904653,3585933.577959624],[3185478.8899341743,3585937.4700089092],[3185482.9784927983,3585942.522065241],[3185484.243673453,3585944.0845067827],[3185483.8958353726,3585955.3020231393],[3185484.219712141,3585966.1214670595],[3185487.1967105707,3585984.4252244458],[3185494.1940058153,3586008.523986679],[3185489.6332427636,3586012.5657898705],[3185485.3016980393,3586017.679602214],[3185474.0944883064,3586030.0400695717],[3185465.742511832,3586046.5505357226],[3185456.7848383514,3586074.2392486846],[3185444.13618352,3586109.935524323],[3185423.1494636787,3586144.2560943025],[3185424.145787918,3586179.9578340985],[3185417.935639617,3586207.38743982],[3185413.0131045673,3586245.7302440912],[3185411.551001586,3586288.9476819555],[3185390.1415051464,3586294.7290901626],[3185365.257696112,3586301.5851900163],[3185340.9865583507,3586305.7535321587],[3185325.705755148,3586311.0886695758],[3185324.616518281,3586311.6140479906],[3185297.5035105348,3586317.2640038244],[3185279.901197226,3586320.759025141],[3185272.304882643,3586323.5885358662],[3185265.865170133,3586324.1589677017],[3185242.655485632,3586324.2488816855],[3185205.045380299,3586328.87857571],[3185148.7964935265,3586349.9609867875],[3185107.416483624,3586373.0358425844],[3185083.8065951294,3586404.649292362],[3185068.51187489,3586452.7271904494],[3185064.896205608,3586499.9864404113],[3185059.895353827,3586563.988680626],[3185059.618521129,3586567.583806216],[3185088.9090726944,3586665.2325638197],[3185102.6062015034,3586693.8923961413],[3185113.3825565777,3586729.1351186293],[3185119.110612009,3586767.090185792],[3185127.034852598,3586789.125369838],[3185128.1087947553,3586798.5710275876],[3185123.210894175,3586817.3548418637],[3185131.495399872,3586840.4754071687],[3185142.191226964,3586862.751929102],[3185151.3191581927,3586886.238054408],[3185154.1287074834,3586896.3680863734],[3185154.7885884154,3586915.6655025985],[3185166.6701544374,3586935.560326035],[3185178.7375447787,3586949.0711705713],[3185199.202420774,3586970.1991647584],[3185211.420548209,3586987.2445042524],[3185222.1816558223,3587009.3549654223],[3185234.657278886,3587034.4942252142],[3185244.2551501226,3587050.672773999],[3185253.3234191258,3587060.0237443317],[3185264.6943946537,3587060.5494465274],[3185276.2336924993,3587082.5002188724],[3185287.43122634,3587095.248908645],[3185300.640646436,3587107.887094535],[3185310.6514780438,3587115.1706664115],[3185313.0355235655,3587127.0777403004],[3185314.4308036,3587141.029233224],[3185322.60764772,3587159.8556515467],[3185330.467419219,3587184.3843752407],[3185337.724600917,3587209.47836424],[3185342.332271022,3587225.0245996765],[3185345.909710386,3587232.8196727266],[3185351.1915142387,3587240.1085754144],[3185352.7003325373,3587242.186248112],[3185345.735382919,3587244.47821367],[3185334.389187233,3587264.9639316658],[3185319.2193389945,3587294.228383675],[3185312.106505001,3587307.2160044513],[3185292.3373333733,3587316.1387853557],[3185264.128023773,3587319.0338570224],[3185203.947912667,3587346.9198986124],[3185182.56345901,3587343.605876468],[3185153.7697719205,3587328.948271476],[3185129.7350672213,3587318.886954115],[3185103.2718792567,3587316.242269529],[3185081.1079791468,3587316.9258829067],[3185068.4869023226,3587321.1378099183],[3185051.2372686667,3587319.2461456405],[3185038.610481636,3587318.1013618475],[3185014.3840269903,3587323.0684239822],[3184998.400665026,3587326.1037126407],[3184993.6007895535,3587331.854073988],[3184980.9673390454,3587333.3499012333],[3184969.1363581438,3587341.5822614697],[3184956.4813704006,3587364.620263797],[3184949.404383203,3587370.8933271337],[3184923.421089919,3587389.597456723],[3184907.47415106,3587395.4702546075],[3184892.8936307533,3587402.4537450937],[3184872.4401270663,3587429.6409400133],[3184863.287451936,3587441.0765099614],[3184850.6334890556,3587441.1835889085],[3184840.841262158,3587444.850996229],[3184829.7477425556,3587443.34689399],[3184822.332571561,3587451.8480292526],[3184815.2197156134,3587467.6831153817],[3184813.427880301,3587484.1595426127],[3184811.2919192044,3587498.6016610162],[3184809.5131724137,3587514.8098014193],[3184808.296392684,3587519.99961224],[3184806.7387261805,3587526.6343226517],[3184802.8905046145,3587534.7515532263],[3184802.9402288278,3587547.0805536034],[3184794.256188691,3587546.6455804007],[3184782.4113286613,3587541.0887655015],[3184771.010465649,3587531.964071855],[3184751.280788953,3587518.6974296933],[3184733.509981122,3587511.8554742923],[3184712.81132623,3587502.3110478497],[3184708.8373476374,3587491.238898732],[3184701.2450312106,3587479.5726450565],[3184691.0856282115,3587475.968730786],[3184678.1454638,3587476.885281854],[3184662.0553489192,3587479.5222035665],[3184647.3966384595,3587483.714453149],[3184637.7576930425,3587485.0048049223],[3184618.6124409093,3587478.6218099413],[3184605.1353693916,3587471.0071115005],[3184579.3783092247,3587476.2899830043],[3184562.5675068405,3587488.4067138396],[3184545.1408302328,3587499.329166858],[3184540.81910614,3587502.0453008534],[3184513.4449276123,3587493.8123030737],[3184491.0351637257,3587485.71028771],[3184471.480282044,3587479.914159301],[3184452.3872297145,3587475.846457508],[3184431.450831442,3587467.388036187],[3184408.225865144,3587455.2493782975],[3184393.5126169776,3587452.668705466],[3184371.9618607806,3587451.8197400235],[3184346.94133694,3587451.607475597],[3184324.6495749876,3587447.17568155],[3184300.0693062516,3587439.9970936035],[3184274.741004063,3587428.4882970774],[3184252.997344612,3587424.795604557],[3184222.5016269833,3587424.2122096396],[3184200.463043875,3587415.0044706245],[3184183.2850580364,3587408.8457596498],[3184169.1326530557,3587410.5736650834],[3184149.5434308783,3587423.6745619336],[3184120.756658388,3587445.4701063344],[3184094.994070618,3587469.5753167146],[3184087.292990622,3587475.0725905243],[3184078.0441429336,3587481.6712302556],[3184056.742934687,3587502.8408605056],[3184033.9219382848,3587532.6300599724],[3184013.3545138612,3587554.5269768285],[3183987.48989712,3587576.3308183774],[3183964.9154523048,3587595.745119281],[3183943.4583631754,3587619.4091330995],[3183923.8793803854,3587636.115830947],[3183894.2930132537,3587657.5256447587],[3183891.21902127,3587660.4260971444],[3183875.442079249,3587675.2836844944],[3183862.4224056927,3587690.085803677],[3183846.8659985485,3587701.315980349],[3183808.367495522,3587729.0573585127],[3183774.2163968207,3587752.692854939],[3183735.191643288,3587774.6663513444],[3183698.9048772017,3587802.4206164074],[3183687.210209882,3587811.3721210277],[3183650.7549939947,3587818.079910981],[3183623.3566825883,3587827.6858601095],[3183578.937190219,3587849.0164688546],[3183552.549868105,3587860.3176641357],[3183521.3212000756,3587873.1756131863],[3183500.8169626165,3587877.0938458964],[3183472.948167474,3587891.0363899563],[3183449.713618647,3587902.3333766363],[3183426.5646610623,3587910.0019970355],[3183420.1356232995,3587917.9599776785],[3183409.9850242124,3587926.3533158395],[3183400.112942924,3587928.741998642],[3183393.3816543547,3587924.9286441607],[3183377.049276224,3587931.076869245],[3183364.2848009,3587931.573117908],[3183349.9362609778,3587934.5169842946],[3183307.0490559884,3587943.5512534343],[3183297.1945592356,3587953.8645507735],[3183282.7688688915,3587968.963140522],[3183263.658659227,3587988.9561137906],[3183253.3773612324,3588003.778666541],[3183240.02477489,3588022.734765762],[3183216.7210075376,3588049.781443453],[3183201.8265685956,3588066.6918275254],[3183182.400561868,3588082.500311709],[3183162.112038555,3588095.205657822],[3183145.2227845215,3588102.070492015],[3183132.0541076884,3588108.8688233076],[3183108.2508363714,3588119.6879997505],[3183124.6414813367,3588144.04097017],[3183169.7425222686,3588196.798177973],[3183202.405245236,3588234.309084017],[3183206.66243705,3588253.169813547],[3183217.3285709564,3588271.982838834],[3183224.9238049686,3588293.1200109962],[3183222.951380656,3588311.9144296744],[3183222.3753414173,3588335.9027744327],[3183141.5014172415,3588487.092254752],[3183075.601752693,3588595.96448117],[3182927.397804033,3588782.474234109],[3182842.882436786,3588886.9192370214],[3182817.557435358,3588918.555877511],[3182645.0813869415,3589120.377557889],[3182560.8536051586,3589219.181401411],[3182499.3983128443,3589290.9403344085],[3182423.6178575205,3589376.614955534],[3182430.4516513553,3589388.4917668225],[3182431.544353325,3589405.1602630676],[3182435.979328522,3589410.826407699],[3182434.5096998415,3589419.4926701193],[3182439.4769243123,3589423.838411238],[3182438.5301277665,3589434.7364151725],[3182437.434435008,3589445.6025615362],[3182440.5894314116,3589452.603493985],[3182442.705912172,3589460.832643149],[3182444.890770157,3589469.332799583],[3182451.492834796,3589479.5734270415],[3182451.610109805,3589507.1586348373],[3182462.459183311,3589591.422864194],[3182463.908018293,3589605.5934013803],[3182479.110215304,3589705.433016588],[3182496.488072749,3589798.7922284454],[3182541.075165444,3589946.524626793],[3182577.127913083,3590019.866445532],[3182594.8263196503,3590068.7959940666],[3182603.3148500556,3590096.9354699613],[3182609.3872233676,3590123.075359262],[3182612.088183207,3590134.258435535],[3182614.5987316244,3590146.3881747327],[3182619.381669713,3590157.7413330153],[3182619.9193827007,3590176.300707263],[3182621.2016141275,3590186.778781615],[3182606.263242593,3590209.8481431995],[3182584.4598345933,3590224.264238318],[3182567.405695119,3590241.9512393605],[3182565.0817288635,3590262.299315718],[3182576.2733230237,3590280.84112155],[3182626.4568525124,3590394.047945247],[3182632.2626610976,3590396.6161375567],[3182639.704341422,3590403.753556075],[3182648.8109398102,3590412.9173529134],[3182651.851972475,3590420.476982307],[3182655.313753905,3590433.451866047],[3182660.297323605,3590439.0612474508],[3182661.184566293,3590443.5874650236],[3182658.099052854,3590450.6300510736],[3182655.120931492,3590461.287752619],[3182658.280811062,3590470.4081111196],[3182662.0859247693,3590486.8698593597],[3182662.1468327334,3590495.8558969917],[3182663.2730261106,3590500.6910783118],[3182668.131408339,3590506.0436733416],[3182676.956634042,3590506.4380092137],[3182681.2653524,3590510.6489698985],[3182678.923999983,3590518.3810968343],[3182677.3522232054,3590522.9699909766],[3182677.386035281,3590526.718782943],[3182681.067937957,3590532.538926601],[3182679.4031690275,3590536.7592514833],[3182680.4999366757,3590543.0194195956],[3182687.090025194,3590547.500327977],[3182689.683508353,3590552.037160416],[3182689.5378466537,3590556.4302205266],[3182696.821531496,3590561.613341134],[3182705.7887471686,3590568.391744937],[3182711.4606477427,3590572.503323981],[3182713.964497152,3590579.5290301335],[3182714.786868246,3590586.030799975],[3182722.715162933,3590589.5426764064],[3182726.318898516,3590597.445441361],[3182725.780676456,3590602.0635927604],[3182726.932259895,3590604.0226082853],[3182733.649872327,3590607.042469957],[3182736.7595781777,3590610.435791809],[3182737.7213257076,3590618.1012841016],[3182737.4298462034,3590623.2454265445],[3182741.5535692703,3590629.727123785],[3182743.7682906976,3590635.5805109683],[3182743.424450783,3590642.005552013],[3182745.3624603413,3590646.6028315853],[3182749.87734757,3590646.820516825],[3182751.2719676644,3590651.231182626],[3182753.42003032,3590657.1127905683],[3182753.7948631216,3590664.4988412163],[3182757.470751399,3590670.136101844],[3182758.8675997206,3590676.6553421514],[3182757.0465303455,3590686.608298675],[3182761.5740477955,3590694.9827441094],[3182762.5957187028,3590701.1579879434],[3182759.8623614255,3590706.3259219113],[3182757.4170005564,3590710.9607159253],[3182755.029031777,3590715.4774106853],[3182752.919175408,3590719.474964839],[3182749.887144929,3590725.2133067246],[3182746.211092893,3590729.914320576],[3182744.9344570665,3590733.25370584],[3182744.6507974165,3590736.9667578437],[3182742.3784589274,3590739.921637044],[3182740.8152275626,3590742.018918166],[3182739.827092775,3590745.332150036],[3182740.336967995,3590750.010512576],[3182741.2867545886,3590752.36582781],[3182743.826923338,3590755.2563636517],[3182745.7761373697,3590756.416281767],[3182746.409287442,3590757.7559955353],[3182749.800615251,3590759.3153918395],[3182751.823965526,3590761.1943648257],[3182752.59555802,3590763.029569813],[3182752.208786541,3590765.005071112],[3182750.581530829,3590766.449917141],[3182747.998542454,3590767.6154991267],[3182746.0353731737,3590770.8387066107],[3182745.082347693,3590772.8292569774],[3182743.6370246885,3590774.5166729703],[3182742.3143306156,3590775.2282971446],[3182740.858110221,3590775.915738727],[3182737.5433529625,3590780.480183889],[3182734.8866210366,3590784.3035522765],[3182733.561851303,3590787.505176526],[3182733.5145952576,3590788.992258025],[3182732.5251449407,3590791.8217629096],[3182732.5540802083,3590796.0558467675],[3182733.8245994225,3590799.921326862],[3182735.3159929295,3590803.1206411347],[3182736.044688651,3590806.0614978643],[3182736.1375564304,3590807.997548113],[3182734.75867878,3590809.5761264414],[3182733.824984518,3590811.377436335],[3182732.5478448044,3590811.6051172623],[3182731.6404814715,3590812.5008547427],[3182729.0282716337,3590813.5239456138],[3182727.8999740123,3590814.740104919],[3182724.917855667,3590816.662625428],[3182723.844783866,3590818.602577303],[3182723.845386963,3590823.016642207],[3182723.3838858036,3590824.3769750763],[3182723.1126477853,3590826.703885022],[3182721.6531335763,3590826.5277604857],[3182720.8226599908,3590828.153392011],[3182720.232687856,3590830.6523399367],[3182721.092574958,3590833.4220329076],[3182721.9887635726,3590834.661284187],[3182721.736710076,3590836.1074614623],[3182719.528056027,3590839.553539356],[3182717.5269166734,3590841.7490030644],[3182715.9996286314,3590841.1979942084],[3182714.6496995343,3590841.190356075],[3182713.000539868,3590842.2027493194],[3182710.9173958204,3590842.159782429],[3182708.24525002,3590843.0250227368],[3182706.700269022,3590844.529966729],[3182707.4367465647,3590847.342096131],[3182709.251889854,3590851.186413178],[3182708.161269667,3590853.6148354122],[3182710.6926178606,3590854.3177357465],[3182712.2777081337,3590855.8684976515],[3182714.34578699,3590856.3301506443],[3182717.9759781533,3590859.1550995028],[3182719.0517263096,3590863.6571584092],[3182717.296340756,3590864.408024985],[3182716.3597128717,3590866.1178766866],[3182715.1153879943,3590867.4322589547],[3182714.667485307,3590869.4576618522],[3182715.784777719,3590872.3703375515],[3182715.45997701,3590874.883548732],[3182716.516687708,3590875.4832710363],[3182716.177414354,3590879.26789969],[3182715.5211094655,3590882.221432482],[3182716.1030673375,3590882.986170735],[3182715.0550084673,3590885.795796384],[3182712.754160101,3590888.504305279],[3182710.26125955,3590888.6446573166],[3182708.5260065654,3590890.139638166],[3182707.1942895255,3590891.798626418],[3182704.756080386,3590893.1123985206],[3182704.4974678964,3590896.392761537],[3182703.3865925237,3590898.3421972534],[3182699.349895465,3590899.4339933544],[3182695.135571423,3590901.815029588],[3182692.993323831,3590905.763147366],[3182689.264928433,3590912.27535046],[3182688.369626887,3590916.4874027222],[3182684.2529479368,3590916.0663712765],[3182680.721405604,3590917.538772707],[3182677.8485839157,3590919.8143109214],[3182674.8199146865,3590920.861093339],[3182672.2912115874,3590922.6931502717],[3182668.3932582787,3590921.4912430276],[3182666.152594107,3590922.179288119],[3182666.2605551328,3590924.653262894],[3182665.9260007646,3590926.5696090525],[3182664.445581709,3590928.8882391313],[3182663.009318078,3590931.1958095795],[3182661.437478385,3590933.7102232673],[3182660.6784900157,3590936.044075269],[3182661.2650102004,3590937.464615246],[3182661.9657410956,3590940.0551914917],[3182662.200470671,3590942.3936838973],[3182661.57462025,3590945.8928316403],[3182659.439278155,3590949.3897590484],[3182659.42679042,3590952.954247835],[3182659.705370222,3590955.8119268203],[3182661.2304046843,3590961.642126184],[3182658.3787757712,3590976.1985022756],[3182654.145476187,3590977.892829075],[3182647.908961624,3590974.625898267],[3182642.7886495898,3590975.781750934],[3182640.8067017486,3590979.620611052],[3182642.325916322,3590983.7003996396],[3182650.03763857,3590986.9665982253],[3182648.518351161,3590990.1939651435],[3182651.5057027843,3590998.4700670177],[3182659.023765054,3591004.6891972926],[3182665.3440631316,3591016.233465559],[3182664.183861349,3591021.1227473496],[3182657.5563496747,3591028.4765040353],[3182654.358170895,3591036.5041108704],[3182655.8200305887,3591044.5284487945],[3182653.9757673545,3591049.8426588206],[3182658.2804099293,3591058.0769126806],[3182660.1177682416,3591066.8715978027],[3182659.5907974388,3591081.3643332245],[3182679.539342635,3591104.3394949804],[3182680.388444713,3591108.368163294],[3182675.5165278073,3591128.3635580875],[3182665.209870349,3591152.3597406186],[3182663.758008171,3591159.28143793],[3182664.316746441,3591165.826248163],[3182645.8260861,3591174.1349602547],[3182636.3087958787,3591186.7768595074],[3182636.653563951,3591197.628193578],[3182635.953990544,3591210.9310000124],[3182625.7874968783,3591225.7295079217],[3182619.162963506,3591250.9472617535],[3182616.298451203,3591259.7903868356],[3182611.9801848326,3591265.07903738],[3182611.0348930694,3591273.1301711425],[3182618.2670545857,3591287.223573182],[3182620.6457835026,3591292.60939564],[3182620.3828025702,3591298.368893951],[3182613.639749132,3591300.427021577],[3182608.107440652,3591298.966207098],[3182606.1296913926,3591301.6515430817],[3182600.131394892,3591301.5061381646],[3182584.012899824,3591312.3559426684],[3182574.920747702,3591320.5695171664],[3182549.494761249,3591340.240272049],[3182519.000316424,3591365.042218241],[3182486.9194748993,3591392.6969097527],[3182452.805117324,3591420.4234964],[3182421.3164589456,3591444.657181563],[3182379.993031473,3591477.7985418034],[3182344.0409856644,3591506.874284649],[3182297.275677327,3591548.2844097777],[3182267.1112464536,3591578.5269606095],[3182217.0913684135,3591631.899511322],[3182180.452845834,3591676.3058029856],[3182160.087404107,3591705.7531673694],[3182144.7257053833,3591724.875544535],[3182126.7989045586,3591748.7096558074],[3182113.949126455,3591763.57188848],[3182094.3849249007,3591780.4169768696],[3182071.411198141,3591801.470955831],[3182044.9333173214,3591820.199313756],[3182037.972892647,3591834.058079183],[3182032.9715242684,3591855.540094407],[3182032.789320534,3591875.8716337658],[3181971.535100721,3591935.3154410645],[3181912.788658467,3592002.822486062],[3181863.35568662,3592060.2614150755],[3181830.279337018,3592104.1943263737],[3181813.2406221493,3592130.044021092],[3181791.7740880046,3592143.357058625],[3181783.0626326185,3592147.7315770746],[3181779.2955883127,3592149.621380044],[3181765.008321952,3592166.401791116],[3181766.248508967,3592176.326146994],[3181764.0665561697,3592187.1432593064],[3181768.730293837,3592197.188821871],[3181778.572435019,3592209.2323143776],[3181782.7663690033,3592227.5563160414],[3181783.6935032005,3592246.273065048],[3181789.7330238624,3592254.625044198],[3181792.454477993,3592268.846095586],[3181800.7394296266,3592270.825732969],[3181811.6192168286,3592288.913915966],[3181796.6626425604,3592315.382937748],[3181784.1088338983,3592325.8849124475],[3181784.803175383,3592341.052326453],[3181772.5898810914,3592344.8874307326],[3181772.35018469,3592361.7183634816],[3181757.6329288622,3592370.503856412],[3181760.3666573483,3592384.825586457],[3181742.208958816,3592392.9179159333],[3181733.6990421116,3592407.189402984],[3181722.3135014246,3592416.3958738116],[3181710.2694672975,3592424.6148959086],[3181706.49090648,3592436.9391153175],[3181703.310333358,3592447.6495155278],[3181701.1480942927,3592464.1674129185],[3181690.779216155,3592470.975126446],[3181681.469483533,3592483.937447322],[3181675.5458332184,3592505.628999698],[3181669.836957865,3592514.426256879],[3181666.7810125044,3592539.744063812],[3181668.133253881,3592551.5422502505],[3181679.2128872583,3592559.54052723],[3181669.5411333386,3592572.2364306003],[3181665.9806638304,3592587.4914289443],[3181664.5851976904,3592597.304664603],[3181657.1118181115,3592603.9741617143],[3181655.927367194,3592617.434479239],[3181655.7197276866,3592630.4884227077],[3181650.4079366215,3592640.1659274683],[3181647.9286292465,3592653.4899902167],[3181653.3693642444,3592666.7408841047],[3181648.8482124945,3592679.758727209],[3181643.58488845,3592692.1213106513],[3181631.833205344,3592695.6568728304],[3181623.7463121517,3592700.693771722],[3181626.867275724,3592715.483237239],[3181634.680612469,3592723.689751531],[3181629.139226556,3592735.8800759744],[3181618.03187897,3592740.9830630403],[3181603.090364765,3592739.325081299],[3181587.866273266,3592746.4175148113],[3181591.1447901335,3592762.758133958],[3181600.8009412526,3592771.862461394],[3181597.4949037805,3592782.258802645],[3181587.1242661383,3592783.5116589665],[3181574.2017017985,3592780.0794250187],[3181558.920996509,3592783.5783885005],[3181545.956791247,3592789.7698401655],[3181544.746599383,3592803.709379682],[3181543.8980193455,3592823.74798991],[3181541.96728437,3592833.165449471],[3181529.6451083925,3592833.8591153864],[3181521.79704749,3592843.4470243887],[3181514.7496656105,3592860.234179176],[3181529.9294103514,3592870.84583675],[3181520.749411695,3592886.0125254267],[3181509.5485425387,3592888.568932162],[3181504.7523211213,3592884.2624522755],[3181496.2466097586,3592876.6332685044],[3181483.036499098,3592871.532941473],[3181468.250212493,3592873.6979621854],[3181457.473424216,3592878.3035803474],[3181453.1561796516,3592898.4633497214],[3181449.4770237715,3592917.195116535],[3181446.1242501647,3592923.6382588255],[3181441.379738016,3592939.375290406],[3181428.1080571045,3592951.0849847794],[3181426.637115881,3592960.6753985733],[3181428.557940908,3592968.2736865743],[3181436.101681643,3592989.9991945894],[3181438.743064707,3593014.0266743656],[3181431.1297341324,3593036.581189545],[3181417.8881710046,3593050.4504844304],[3181420.442321291,3593067.687587759],[3181409.927882149,3593079.189789978],[3181409.7706306316,3593093.153545748],[3181404.072736026,3593102.3061237973],[3181409.424219043,3593115.809825389],[3181412.921631367,3593125.825060398],[3181405.0865898244,3593139.8364192517],[3181404.617010983,3593153.359858305],[3181403.5995205967,3593162.5945054777],[3181390.046597382,3593162.9520950066],[3181380.969689391,3593168.8951809676],[3181375.1943391645,3593179.888513786],[3181361.1839552727,3593186.0206412603],[3181367.6595557136,3593196.8101006197],[3181378.209699841,3593222.2305371207],[3181382.7658631913,3593253.880998156],[3181376.4571888396,3593281.007397685],[3181372.4895736147,3593290.187020408],[3181375.4562006984,3593301.257580031],[3181375.4267941825,3593317.7137141097],[3181373.002717655,3593333.157000227],[3181363.248408672,3593348.191980104],[3181363.7244373434,3593359.4610306807],[3181360.7248285506,3593367.775343834],[3181373.536848698,3593387.902158424],[3181350.6107953526,3593407.2914579706],[3181320.702690086,3593417.4940725924],[3181290.842110731,3593425.7369393976],[3181271.144195011,3593453.065572727],[3181225.696894408,3593488.4820516226],[3181183.425626532,3593546.7669324363],[3181115.388008638,3593610.044560228],[3181064.252913637,3593646.049640363],[3181015.956781891,3593676.6051751957],[3180992.7080247286,3593694.867744872],[3180980.7508288305,3593706.8837450948],[3180967.6306696804,3593717.50878665],[3180949.354631358,3593736.240844966],[3180935.83518528,3593748.361055485],[3180923.0066871014,3593759.8467678637],[3180911.3999133953,3593767.3370921887],[3180898.784343075,3593760.3719839063],[3180880.0382366264,3593753.4475444485],[3180858.693050014,3593749.1814657347],[3180845.0534348413,3593747.0729534887],[3180829.7810708964,3593739.9681355497],[3180816.1541998154,3593730.490561519],[3180802.7626432832,3593718.233488337],[3180789.5363014583,3593703.767820904],[3180782.049861362,3593692.9905981724],[3180771.2956257695,3593687.1837149975],[3180763.8889498073,3593681.1472539348],[3180758.601306443,3593676.146442107],[3180751.370695267,3593673.270376715],[3180737.664085147,3593672.4353952985],[3180722.5665285084,3593671.7998615177],[3180712.3319222885,3593668.7098519476],[3180700.6626266646,3593664.665998539],[3180693.687955136,3593653.8986670193],[3180687.8796930155,3593640.6136684166],[3180681.5474624196,3593625.9732136177],[3180677.025147439,3593616.445991108],[3180672.436731507,3593610.658703252],[3180667.607766596,3593603.629229375],[3180664.6038527014,3593594.008912075],[3180663.089518567,3593587.8646880267],[3180658.568103785,3593579.109575391],[3180651.7363238903,3593569.781879169],[3180642.2949630856,3593558.6195665267],[3180631.162012321,3593548.2970247874],[3180623.978803431,3593543.0921738055],[3180618.8540842948,3593536.5634977687],[3180613.3409020663,3593529.532948857],[3180607.7616434637,3593522.426776205],[3180601.536776346,3593514.4913737224],[3180585.3371257233,3593484.542060407],[3180580.620697623,3593475.732192863],[3180572.170380133,3593469.6006139116],[3180565.76417229,3593457.05369792],[3180559.8220302397,3593446.7648912068],[3180555.478847647,3593437.7344990782],[3180550.1165185133,3593430.320271015],[3180542.5499749323,3593419.4941464337],[3180544.762405478,3593406.8808917073],[3180544.7328734426,3593399.2917508525],[3180542.150390517,3593389.588662109],[3180538.682098494,3593382.5057181465],[3180534.030952894,3593378.6708301846],[3180528.5750906537,3593377.1936527635],[3180519.963206413,3593377.419701785],[3180512.0039510312,3593377.6547848377],[3180500.2320165867,3593378.1902934816],[3180490.367508138,3593374.68483888],[3180478.7279820824,3593375.452277683],[3180473.3651981894,3593371.507963572],[3180464.707608102,3593361.140334869],[3180456.120821509,3593349.6482961425],[3180448.842221707,3593339.510735087],[3180439.4410272883,3593326.125240009],[3180428.514471111,3593314.9787541637],[3180421.3337842682,3593307.5601558844],[3180412.5871024122,3593301.848984853],[3180402.286054381,3593296.8048566524],[3180390.1957443263,3593292.5328845857],[3180380.45891539,3593288.4998375615],[3180371.728610171,3593284.6290047946],[3180367.500793351,3593277.460199184],[3180351.458840058,3593265.8924929546],[3180347.0916109225,3593263.1276337304],[3180339.367331786,3593258.277937328],[3180336.4187808055,3593253.1970951804],[3180326.0558176395,3593246.001457786],[3180320.851699386,3593244.9108022125],[3180305.365796683,3593232.0968913874],[3180295.075087147,3593224.7102362094],[3180287.262390622,3593217.842426329],[3180280.483033474,3593209.043588056],[3180276.4222798133,3593198.4552823645],[3180271.181753772,3593187.921219856],[3180265.696122002,3593182.221125899],[3180257.401275155,3593175.9124857546],[3180247.545023594,3593174.3765080078],[3180235.3693857193,3593173.849640717],[3180223.9726256537,3593174.0954826726],[3180212.8583294526,3593171.9072480733],[3180198.3510399517,3593169.718256781],[3180186.7010766575,3593168.9903009385],[3180168.202666579,3593169.9480457637],[3180152.794144172,3593169.8415120943],[3180142.573646265,3593167.5557149397],[3180136.749451462,3593170.056218346],[3180129.5337486905,3593174.900557362],[3180123.870887406,3593178.144434132],[3180120.4504087125,3593182.035432712],[3180118.8776433887,3593186.8686590814],[3180118.933695771,3593190.428150226],[3180119.0594725227,3593193.070969831],[3180110.9543935535,3593198.242516596],[3180108.472312143,3593201.1254490274],[3180104.9603310274,3593207.886787343],[3180100.095481474,3593211.1838526097],[3180095.8293332537,3593213.269979891],[3180093.8307216,3593215.731753947],[3180091.2639354146,3593217.1143271816],[3180088.1216910426,3593216.6471754042],[3180084.29423661,3593217.896867384],[3180083.339524621,3593226.1253859703],[3180078.5669793924,3593234.263979543],[3180084.6140817935,3593240.6182744107],[3180066.200717232,3593255.3422600273],[3180060.234718485,3593250.2356574624],[3180049.0192082515,3593255.4625163255],[3180039.137295044,3593259.5474357656],[3180030.454998629,3593265.325301405],[3180020.532903691,3593275.9796463675],[3180008.1455735676,3593285.66254552],[3180002.061838147,3593289.865424025],[3179995.1129422924,3593296.10705915],[3179988.6779014915,3593306.577104841],[3179982.08132967,3593313.0184491905],[3179979.3968399735,3593322.9151217784],[3179979.047490179,3593326.991503281],[3179981.329963999,3593336.1936031617],[3179983.899684188,3593341.842146435],[3179989.851178523,3593342.202855836],[3180000.1140142633,3593336.3390127607],[3180004.716928592,3593334.4448110186],[3180009.4174971646,3593337.5982932593],[3180014.2344264863,3593343.754343946],[3180019.6832190948,3593350.155121882],[3180019.7758056726,3593351.077136609],[3180020.3797238916,3593357.277203086],[3180017.607630718,3593362.9075302863],[3180010.1875813305,3593368.691159316],[3179997.9053327343,3593372.722222062],[3179994.2259598672,3593378.211631872],[3179992.811453607,3593392.515627192],[3179986.334474571,3593398.5811274853],[3179983.000098257,3593407.949438477],[3179975.957373226,3593418.2955847513],[3179969.4171813936,3593429.9910488133],[3179968.2254155837,3593438.8441127725],[3179966.384198206,3593448.3099407414],[3179964.461256203,3593455.3869939586],[3179963.727383707,3593462.499598037],[3179969.103025846,3593465.644794081],[3179975.37425354,3593465.971219789],[3179983.4265289917,3593473.677541937],[3179988.046939573,3593479.8252883325],[3179992.9397107265,3593489.9623912754],[3179992.602928943,3593498.9349419246],[3179991.0317618325,3593506.3155473275],[3179984.295270319,3593517.022851256],[3179978.396618593,3593528.3381385556],[3179973.648633916,3593539.53724727],[3179970.073049222,3593555.07598048],[3179970.0114062494,3593567.5184696484],[3179978.8128058463,3593575.509167543],[3179985.1719945893,3593587.5718444944],[3179992.9052483076,3593603.92346467],[3179998.3842674224,3593615.8729867656],[3180001.4504582146,3593627.8523571785],[3179998.828167325,3593639.8200224773],[3179985.803220975,3593648.3032465284],[3179980.632370756,3593650.8129081954],[3179978.247875312,3593655.1124814237],[3179975.3050986435,3593664.4631964923],[3179972.7973663677,3593672.989879577],[3179972.089066819,3593678.666636694],[3179979.986594003,3593682.319378183],[3179985.953872407,3593691.4832712435],[3179988.8292713193,3593699.1069470285],[3179996.179607548,3593707.4045785884],[3180000.309923915,3593718.5286567956],[3180015.438269392,3593734.7743953736],[3180020.986253526,3593745.3808829742],[3180015.491763266,3593758.369964375],[3180011.896042413,3593763.1813721834],[3180001.7696522814,3593760.9993533813],[3179994.9455879177,3593765.1348578385],[3179988.8582909754,3593775.967381892],[3180000.775384411,3593779.555407233],[3180002.605874169,3593783.925637184],[3180002.8507235786,3593805.0984245418],[3180001.6561888615,3593829.192077857],[3180026.4424644234,3593820.877574842],[3180024.6904001897,3593827.9924282003],[3180023.5404724455,3593838.783234865],[3180014.527604701,3593851.803357147],[3180005.629396357,3593857.543674235],[3179997.3944767127,3593859.601346773],[3179993.0966862813,3593870.722046114],[3179986.720133084,3593877.6040843166],[3179984.3980587823,3593887.2600130853],[3179985.016768745,3593893.940582818],[3179982.695327934,3593898.4088081904],[3179974.3261874937,3593900.465687682],[3179962.8860354917,3593899.0520064323],[3179952.762272305,3593901.169412092],[3179954.8470872925,3593907.0204646587],[3179957.410582438,3593915.0798703413],[3179959.0206724764,3593921.7303610104],[3179956.7155197384,3593932.51181648],[3179951.934263067,3593942.0133855436],[3179947.2848479813,3593950.6057136073],[3179950.948179492,3593958.4809648376],[3179956.792308583,3593970.626878839],[3179961.3083423795,3593983.8558438234],[3179968.290065649,3593995.808119246],[3179973.830730442,3594001.009790777],[3179981.0522322655,3594003.5296242554],[3179994.5578148626,3594006.6145730177],[3180014.3140966417,3594019.2417738466],[3180016.9771866836,3594028.6479745903],[3180014.2429434783,3594032.5974280452],[3180006.697345098,3594037.19102093],[3179997.5376592427,3594040.599372901],[3179987.1181810778,3594047.6904671094],[3179977.6639177874,3594054.5159893297],[3179973.11574883,3594062.8984388704],[3179976.4502322525,3594070.083953782],[3179982.6259671384,3594076.4171556835],[3179984.621742767,3594089.806790976],[3179985.709021158,3594100.7732998864],[3179981.1522048125,3594106.8177595427],[3179976.162019646,3594115.0692152483],[3179973.849280324,3594125.184001192],[3179973.232357738,3594128.4400477433],[3179971.0916593256,3594140.6903901827],[3179965.252617829,3594153.2937282743],[3179969.6616170034,3594161.730900842],[3179978.3451729175,3594158.0846995255],[3179983.549320549,3594153.087979881],[3179990.332369711,3594149.74647568],[3179996.2360441247,3594149.127524419],[3179996.8546920856,3594154.2979687466],[3180002.672509502,3594156.7555005164],[3179999.396731692,3594163.596254622],[3180003.084918076,3594176.2032389175],[3180001.6366724405,3594183.218790073],[3179996.568956476,3594191.190005145],[3179991.4778005574,3594198.6714201667],[3179989.923109106,3594204.4456595057],[3180000.0927921245,3594220.807422811],[3180002.3105044365,3594232.0547386473],[3179996.30431599,3594241.8526673056],[3179990.3987789582,3594249.4004226606],[3179993.0812078407,3594257.9025851423],[3179999.215976848,3594264.1538247727],[3180012.855441086,3594264.645776607],[3180018.282027115,3594268.5503750523],[3180026.169934449,3594279.686990922],[3180038.5397467585,3594282.8958664495],[3180048.445527536,3594285.375184223],[3180059.0366705046,3594285.3190740584],[3180069.3066847622,3594289.528313439],[3180067.3780007935,3594295.5463602026],[3180069.1434684535,3594304.4518632],[3180062.2288745716,3594308.7024904527],[3180063.191054309,3594318.2479120693],[3180068.2914211666,3594325.3124705725],[3180069.907328017,3594330.3706486207],[3180075.3134678816,3594337.266149398],[3180080.835005396,3594343.452507918],[3180085.6228622,3594350.3419879028],[3180078.8723336514,3594354.101793679],[3180072.566110637,3594358.822060478],[3180063.7746203793,3594355.924392126],[3180055.83289432,3594357.5742354374],[3180047.114786059,3594354.5428742506],[3180041.068736821,3594358.702109705],[3180042.210324444,3594371.6032048617],[3180044.6072574276,3594374.159524267],[3180037.1699077263,3594374.5183388907],[3180030.9292343417,3594382.277117485],[3180032.6125025786,3594390.857449134],[3180038.166526303,3594400.4017621856],[3180043.3670842582,3594398.6222283],[3180047.7630732106,3594396.180289847],[3180050.3860460725,3594389.330641531],[3180056.9609109787,3594386.571734964],[3180058.6016412806,3594391.9925683867],[3180060.560756758,3594397.2411703076],[3180062.4005906,3594403.845460008],[3180067.6695556673,3594408.769550572],[3180073.8190568266,3594412.9881999507],[3180080.567500904,3594416.871899144],[3180089.1947280075,3594416.6060805866],[3180100.2211614354,3594422.4005274475],[3180093.2052575164,3594425.535353683],[3180086.686819289,3594426.5047418284],[3180079.052298359,3594428.5730841304],[3180077.4597245636,3594434.5412766268],[3180078.535405943,3594445.4876489565],[3180074.962915913,3594453.1407625787],[3180070.529341758,3594456.83715282],[3180067.3337914096,3594460.9486999484],[3180075.0437460113,3594476.8103751615],[3180084.062113423,3594485.4495464177],[3180085.9875859767,3594494.695270651],[3180077.4347034725,3594519.7160198833],[3180074.3893706757,3594529.000464574],[3180070.8789083837,3594538.009852371],[3180068.209251705,3594544.859726456],[3180062.380512069,3594551.120133356],[3180062.672428284,3594562.3326580124],[3180054.628158759,3594567.9970579725],[3180051.610003586,3594574.8999521676],[3180053.686327981,3594588.499937619],[3180052.208067078,3594603.442810272],[3180044.727748516,3594610.222079951],[3180030.941606396,3594610.0207967157],[3180019.45112051,3594611.340715304],[3180013.224373813,3594614.069930705],[3180010.3415464475,3594623.3597559556],[3180011.385254882,3594632.907798834],[3180006.0117981452,3594646.524076542],[3179989.6288120756,3594667.27646698],[3179977.124428767,3594679.9182823347],[3179958.7648178106,3594694.5851177676],[3179942.5494819647,3594698.9257739633],[3179930.093792216,3594708.2123916624],[3179921.7351387898,3594704.8259059144],[3179917.4939183043,3594691.7584604267],[3179915.716831646,3594680.6654928043],[3179911.1084806947,3594677.662129827],[3179901.9187450157,3594675.8909779475],[3179890.601049651,3594673.340495996],[3179887.4750030073,3594661.3415447753],[3179874.6911275457,3594654.8019811073],[3179870.75345355,3594652.8059369638],[3179850.4814637443,3594650.2351734377],[3179828.0085512204,3594650.673210796],[3179823.3990910295,3594656.10879835],[3179816.4163813987,3594654.3709620344],[3179816.8470132975,3594663.508302938],[3179822.317317795,3594670.364373098],[3179816.620361764,3594676.084861978],[3179809.080680681,3594675.270962234],[3179791.3291700818,3594684.874711764],[3179785.7870830456,3594683.7431643223],[3179780.3783746287,3594672.5255117402],[3179771.468802307,3594669.346895388],[3179768.4028656073,3594673.068814657],[3179761.8902655747,3594677.8185445564],[3179753.0184054645,3594681.1669765455],[3179746.2193445098,3594686.876419103],[3179749.5648329575,3594699.1314794063],[3179743.201287831,3594707.936301701],[3179736.5669379765,3594714.7456638147],[3179730.6885736356,3594724.3277525213],[3179731.6924487567,3594736.468244661],[3179738.2155361474,3594740.546427343],[3179754.3893407476,3594742.3138576252],[3179776.709689534,3594750.087202135],[3179787.365064216,3594762.487568431],[3179791.6071035573,3594777.064988995],[3179798.174686443,3594792.4873185786],[3179803.32149523,3594801.453631229],[3179813.8130502263,3594809.952552152],[3179828.7143364246,3594814.345674216],[3179837.5617710054,3594828.6069902563],[3179847.5423839106,3594840.6467308104],[3179846.3716533873,3594850.209673388],[3179848.101524664,3594864.634662403],[3179853.5637132567,3594880.4040384227],[3179866.775967326,3594886.65127654],[3179880.83030949,3594885.055224515],[3179896.6698720297,3594883.9442617944],[3179906.291648181,3594886.8402107586],[3179905.241541738,3594896.6148876636],[3179889.4786177413,3594901.706842005],[3179887.259787159,3594914.991670194],[3179889.0600303095,3594939.036508918],[3179911.1260360694,3594971.3483912963],[3179921.454404341,3594980.3956682817],[3179928.5420919824,3594986.8106180783],[3179930.483282553,3594995.9832717543],[3179934.6545098033,3595009.540960079],[3179936.6284646974,3595026.279375823],[3179934.4259948255,3595044.471074717],[3179930.035389366,3595053.9441595394],[3179926.7047512457,3595061.144913843],[3179923.3879956966,3595066.3362825345],[3179915.428274277,3595071.4035943756],[3179904.7907807007,3595070.9534028587],[3179893.478008608,3595070.880488848],[3179882.5553100584,3595075.205545016],[3179878.946000628,3595083.9520217762],[3179879.474823555,3595098.344629896],[3179888.789285699,3595108.522814424],[3179901.2048255615,3595114.8549722945],[3179915.598958335,3595116.48200129],[3179923.079706359,3595121.5645830287],[3179931.987136929,3595131.141912439],[3179937.065468901,3595138.3040063754],[3179932.440271639,3595144.3891705223],[3179912.6835226724,3595147.338030458],[3179894.3986950424,3595155.2775866953],[3179887.198065629,3595161.7796631213],[3179875.423510969,3595159.45965005],[3179868.0529919667,3595164.206068134],[3179856.1718904255,3595163.688234124],[3179844.884446538,3595176.3363156416],[3179833.7400895916,3595184.521620586],[3179818.7627765825,3595190.223606615],[3179804.5777801103,3595193.4438606547],[3179789.3151757056,3595203.8405253952],[3179775.54647593,3595211.429205577],[3179767.516564076,3595223.0972014945],[3179764.919354177,3595234.540674243],[3179756.894600128,3595243.8210512623],[3179758.2884185007,3595254.826024263],[3179751.210408777,3595267.2346739853],[3179733.420059293,3595272.6528482893],[3179720.9845614205,3595274.7879882893],[3179714.373939139,3595283.1941612307],[3179714.263363074,3595290.138980758],[3179715.1673370777,3595298.4426860446],[3179725.7996809194,3595302.25989671],[3179730.6490182006,3595307.9346074243],[3179729.414740083,3595314.8622132926],[3179734.829669646,3595319.0920158005],[3179746.1107786605,3595321.316624072],[3179755.140176262,3595324.70685581],[3179754.465331833,3595328.392670443],[3179747.2018578956,3595333.2162382575],[3179745.2114034696,3595338.7199894497],[3179740.893797431,3595343.609898147],[3179734.5514270663,3595346.645579235],[3179723.773741756,3595349.6090152175],[3179713.5063046846,3595350.115454513],[3179703.465914203,3595349.9307679776],[3179699.116367262,3595352.4193283003],[3179698.7300114543,3595357.9578706897],[3179699.6279120324,3595366.528267246],[3179704.2361500165,3595370.69570856],[3179708.8968783617,3595372.636504577],[3179713.004282674,3595385.9911867613],[3179712.8957902403,3595397.097243863],[3179716.1444299193,3595403.8084594845],[3179724.288755091,3595408.758430026],[3179730.555017451,3595411.586729537],[3179738.190726604,3595413.920845777],[3179744.9094453845,3595415.413391593],[3179750.3688525353,3595413.3375124917],[3179759.7468599584,3595415.590977028],[3179762.687505249,3595424.420160816],[3179768.740806794,3595424.6620490407],[3179775.390970924,3595428.661990326],[3179778.402863893,3595434.9946667133],[3179777.2813517693,3595443.0813338864],[3179773.9196527665,3595450.6591043216],[3179768.886928498,3595455.821043931],[3179764.5908653354,3595459.7371660555],[3179758.7151852185,3595461.571856156],[3179764.5115407174,3595464.52985326],[3179771.759341771,3595463.1110544614],[3179780.7930902243,3595461.2547660586],[3179789.511931653,3595459.742823078],[3179795.5409877393,3595457.270138942],[3179800.055730496,3595459.0055997865],[3179805.212409119,3595462.2166931704],[3179810.0594188315,3595466.8775181714],[3179810.3376303446,3595471.176809487],[3179808.024672607,3595475.9892286547],[3179803.7388319154,3595481.585881018],[3179800.465246467,3595486.363149285],[3179797.008273709,3595491.4747383813],[3179797.0666582724,3595497.6046689553],[3179798.62901907,3595503.77148688],[3179802.5651950017,3595512.3503734446],[3179807.3966270564,3595520.150812889],[3179813.542606854,3595528.8542816625],[3179818.2572629526,3595533.548375251],[3179822.8408740778,3595536.085033936],[3179825.7882009745,3595538.6180679044],[3179826.666847432,3595542.08622773],[3179825.059511955,3595546.4560912345],[3179821.4707989423,3595551.0474348716],[3179816.830908243,3595556.8599253627],[3179813.7166042044,3595560.6518304497],[3179812.0134805664,3595565.1726001864],[3179812.0359167997,3595570.631398646],[3179813.62013715,3595573.6570088756],[3179816.7208761196,3595574.6527766017],[3179820.2419533622,3595576.2230360825],[3179824.594601858,3595577.31907049],[3179829.0962130204,3595583.2887305897],[3179828.8392090956,3595590.3164674984],[3179827.3637121767,3595595.206551726],[3179821.337661948,3595599.303989439],[3179813.054389946,3595605.179439076],[3179804.03964917,3595613.1410020124],[3179795.8301003496,3595621.926166835],[3179791.8960502483,3595630.5240406096],[3179793.7559273858,3595639.4520373596],[3179791.5979880104,3595649.689984238],[3179792.589203052,3595658.3637292045],[3179813.4898979366,3595687.739871526],[3179808.704927833,3595751.438350978],[3179820.163719385,3595789.1256114626],[3179815.4338131454,3595826.8253286732],[3179824.818263127,3595843.3377055945],[3179837.2651828676,3595859.8755272543],[3179864.068588499,3595872.238768047],[3179879.5714466637,3595891.051775573],[3179928.1627828185,3595966.6115854997],[3179966.7965250416,3596030.0110213864],[3180015.5794798816,3596091.124047384],[3180026.635209013,3596120.981177765],[3180045.416612388,3596148.6654296955],[3180059.185095639,3596148.627832674],[3180071.5906567452,3596129.7728973534],[3180075.702924968,3596109.6597544313],[3180081.3093640585,3596102.6129709287],[3180090.6768505787,3596101.180272002],[3180108.3564483416,3596110.9731251467],[3180119.567747378,3596118.1151096835],[3180140.968062395,3596134.7657878194],[3180149.7272301754,3596154.05249088],[3180149.148011323,3596170.7065425036],[3180139.726119459,3596177.4788931063],[3180129.269215714,3596185.641234814],[3180123.8007502975,3596198.1522783176],[3180121.5941953147,3596208.091008108],[3180131.098926027,3596224.9768265313],[3180133.7237671916,3596235.337978519],[3180133.086565979,3596237.7692370056],[3180131.2450946085,3596240.710753502],[3180126.113573997,3596240.9286718215],[3180119.387663209,3596237.789204265],[3180114.1288064923,3596239.06516388],[3180110.1640230003,3596244.5233587124],[3180099.2713218587,3596244.748642004],[3180094.0253022695,3596244.038532858],[3180088.779354399,3596241.0803922364],[3180083.3285385994,3596239.1651949286],[3180074.691513165,3596244.5645373873],[3180067.5967615694,3596247.454946323],[3180058.3274172368,3596244.2748312093],[3180047.0935478644,3596237.3346875412],[3180042.630304258,3596236.831320088],[3180038.4077914227,3596241.351428626],[3180035.387283995,3596245.696149487],[3180031.6698922827,3596243.5872876155],[3180024.731051185,3596245.5854701214],[3180018.368494411,3596252.027057735],[3180014.6027225833,3596263.9834371274],[3180008.7860909402,3596267.025265305],[3180000.114495392,3596268.9288503756],[3179986.6763260243,3596268.3648876776],[3179978.641572061,3596262.8109273557],[3179976.7161681443,3596251.2709329613],[3179969.551771139,3596243.0425975006],[3179963.2222747076,3596242.4205915476],[3179955.8913736935,3596246.6271539335],[3179948.968250395,3596241.9696179284],[3179938.6250603907,3596234.55210586],[3179925.3486470184,3596225.370474574],[3179904.840449099,3596224.0135658626],[3179891.8574570874,3596215.0118475975],[3179875.16651001,3596215.946232449],[3179869.963350082,3596214.7183198454],[3179864.0575978886,3596204.767118401],[3179860.977489823,3596197.1604394848],[3179858.0577752036,3596187.092454835],[3179846.902596238,3596176.074859188],[3179836.8377824007,3596166.028170567],[3179834.1795694614,3596155.352592136],[3179830.810602146,3596148.9598694723],[3179824.6560371295,3596145.7231701524],[3179815.1826448403,3596147.690318331],[3179807.355598117,3596156.921459166],[3179800.459098745,3596156.7073642085],[3179794.968425462,3596151.885750559],[3179788.8032333236,3596141.3081160784],[3179783.200097981,3596135.857665089],[3179774.5506865107,3596136.395667349],[3179766.886056835,3596128.4431637055],[3179759.874281014,3596115.2654794175],[3179748.9109586077,3596100.061031168],[3179731.2888240847,3596087.776192309],[3179725.6765020452,3596088.795586422],[3179720.5491803875,3596083.8480594084],[3179717.886959021,3596076.2515968257],[3179719.1211599386,3596067.502345464],[3179717.366987397,3596060.1040848237],[3179714.0561588006,3596051.8522066157],[3179710.5544839073,3596039.8323815116],[3179704.0863507446,3596037.97735701],[3179693.584705304,3596033.666598916],[3179684.595607533,3596030.220562017],[3179679.9595564995,3596021.1029905053],[3179673.6137472154,3596014.7326317504],[3179654.0425886083,3596007.3996444903],[3179651.0528169824,3595998.8018771717],[3179655.870547178,3595987.030130946],[3179664.7210489823,3595976.838145871],[3179666.9063198604,3595967.768999279],[3179661.260481558,3595963.1824594927],[3179649.3218112416,3595965.181862741],[3179642.1501288232,3595960.4718112354],[3179638.547835408,3595955.486651134],[3179638.785002013,3595947.48383419],[3179636.837563377,3595939.9843030404],[3179629.494420632,3595934.095351196],[3179614.141127838,3595926.0590681145],[3179600.7313511935,3595923.6557103978],[3179591.7624874124,3595931.7678512773],[3179586.2272133306,3595939.650548991],[3179583.253083854,3595950.5782820126],[3179577.7334899083,3595962.330667243],[3179574.444420565,3595973.7872432373],[3179570.8716970896,3595985.0500106253],[3179564.8057572832,3595989.7805787097],[3179546.7491861917,3595988.1080238693],[3179536.2064667065,3595985.5141077405],[3179530.7573378514,3595982.8150248607],[3179525.009109028,3595978.5656365743],[3179521.6325031016,3595976.6134425355],[3179513.368762227,3595978.807189264],[3179487.769648444,3595991.2177191246],[3179469.80323565,3596005.3170589185],[3179464.515515046,3596027.6869251514],[3179446.8177511776,3596050.169385507],[3179437.4287909856,3596085.4685994755],[3179436.5659050546,3596088.832990899],[3179431.5448568435,3596111.089803567],[3179425.8869046755,3596128.929945903],[3179417.3094130256,3596144.426343499],[3179408.771048206,3596164.8357125972],[3179397.603486671,3596176.1416485873],[3179385.83342391,3596180.6819268586],[3179379.6696917377,3596188.250490877],[3179356.2326471885,3596196.5213093064],[3179339.1467809184,3596211.4721835623],[3179323.5822448106,3596219.1000708435],[3179307.4369016723,3596232.6846770304],[3179294.292587329,3596242.1133481753],[3179288.9198360657,3596253.541261],[3179277.851557947,3596282.8422764544],[3179268.3425082415,3596293.9735460305],[3179253.0294127264,3596301.746041222],[3179232.107083778,3596314.250208845],[3179214.5195997125,3596324.0477492185],[3179207.893213914,3596330.2919732947],[3179199.51265106,3596344.7365539256],[3179187.4379773326,3596362.5317341276],[3179169.7003076477,3596371.8946249904],[3179158.7971244645,3596389.4989278326],[3179144.7512533474,3596428.1159152817],[3179141.405532714,3596436.566929663],[3179136.093203766,3596449.9745335937],[3179122.8872902435,3596470.2567516817],[3179104.6644076165,3596488.803967045],[3179092.09307691,3596503.7385945753],[3179086.8559404123,3596501.955178824],[3179040.924069646,3596476.667032544],[3179029.919767556,3596470.2707015728],[3179017.342889892,3596463.1172304894],[3178972.1110032033,3596439.059940028],[3178945.9130303804,3596423.966882231],[3178922.739649499,3596405.553236407],[3178886.141061975,3596382.747871086],[3178862.030351508,3596372.214159168],[3178735.208619174,3596297.985540211],[3178563.003331149,3596205.8764216676],[3178528.9044833137,3596187.4704323797],[3178496.2271397165,3596170.124858353],[3178467.5648784908,3596153.3366015884],[3178442.218062545,3596140.556104257],[3178429.5067359265,3596136.262265061],[3178416.758256828,3596136.1284039635],[3178402.1938818125,3596140.936725957],[3178390.8763205875,3596148.39799311],[3178387.0427358244,3596174.2091951706],[3178346.420882251,3596199.57537781],[3178325.489339526,3596231.882506759],[3178306.4111524313,3596250.9945349805],[3178278.82058011,3596270.6591052734],[3178255.295915191,3596287.962610082],[3178235.6620414434,3596305.543222362],[3178222.937553061,3596311.895127924],[3178213.348196241,3596313.433728406],[3178202.873661536,3596313.83476842],[3178196.0336569585,3596314.8770418544],[3178180.8495025914,3596327.1982570095],[3178164.9542404553,3596336.1359676113],[3178155.8282611626,3596340.00229326],[3178143.153522547,3596339.550965908],[3178132.820228478,3596338.6598709687],[3178116.374203997,3596343.1822616705],[3178106.6406421755,3596350.4646201325],[3178095.4970680284,3596360.6156037655],[3178084.718331308,3596369.510239558],[3178075.1354396082,3596372.500278872],[3178062.800340209,3596369.1619182155],[3178053.565766259,3596368.3747594724],[3178038.457969389,3596372.9408956515],[3178028.6677237377,3596377.332245361],[3178016.7977453154,3596378.361923003],[3178001.300140162,3596379.094725459],[3177992.9986057896,3596379.8713180493],[3177979.8595529674,3596384.668153542],[3177969.523323711,3596385.7728211083],[3177951.7178200698,3596385.9687292078],[3177933.551952266,3596383.10783545],[3177919.565308715,3596372.022713954],[3177902.5404052082,3596369.670071188],[3177888.8446759945,3596374.4921001866],[3177881.0668752533,3596380.025617469],[3177861.403897741,3596393.130495443],[3177848.7133607194,3596394.413435662],[3177820.2629428906,3596389.5087698274],[3177799.325323635,3596389.433536866],[3177782.649613982,3596386.0017728894],[3177764.4436239377,3596381.6642323136],[3177752.9646669254,3596376.023998041],[3177736.7922683954,3596373.756924459],[3177723.487310101,3596375.4717032583],[3177702.9979542787,3596378.1664295886],[3177688.2905245814,3596379.3468494248],[3177679.635427283,3596375.4050665516],[3177658.575034624,3596370.069083663],[3177640.673300138,3596370.970643186],[3177630.622641526,3596378.138074599],[3177616.6562457476,3596378.0135920374],[3177603.002584711,3596387.1727524404],[3177591.3564508874,3596396.160500923],[3177573.5458586537,3596397.685060531],[3177569.8509425353,3596400.080408396],[3177563.4924483597,3596404.2076889356],[3177554.050332018,3596419.05093052],[3177541.161543699,3596428.9515454876],[3177532.128853769,3596436.035706546],[3177519.4749675486,3596444.4590112483],[3177509.3849425577,3596450.4145273603],[3177503.7777073164,3596457.68482173],[3177497.5940902475,3596463.00188875],[3177484.789050241,3596473.8386280527],[3177477.3253871463,3596476.5957669783],[3177461.5965973116,3596485.183072727],[3177446.9244928956,3596482.9655667893],[3177431.9031743826,3596481.8277040725],[3177416.686257232,3596480.4739852827],[3177404.2481504856,3596485.153643788],[3177394.684269046,3596492.2567261946],[3177385.4470839566,3596501.8602722622],[3177373.9028170044,3596511.906931197],[3177362.1567551144,3596513.6104725604],[3177350.6636807974,3596524.993349244],[3177350.74524567,3596543.3404926183],[3177348.4399819383,3596567.570068756],[3177339.97937945,3596584.426613587],[3177322.6601255676,3596591.236197505],[3177309.0463539707,3596593.8718883907],[3177297.9837439605,3596594.8614667896],[3177282.1051670075,3596593.778805763],[3177270.4885009127,3596593.985674015],[3177260.509368814,3596598.4496027697],[3177251.5934429467,3596603.325856288],[3177241.5766850743,3596611.177711822],[3177229.2465229235,3596614.5393703394],[3177219.421665566,3596615.493881552],[3177202.0988441454,3596615.190639509],[3177189.1213920987,3596620.2260562037],[3177175.7928535137,3596631.7955101077],[3177163.480732116,3596643.7775649535],[3177155.513718977,3596650.040637287],[3177142.8967797393,3596655.8616554164],[3177134.5298030917,3596655.2727519446],[3177123.5491401143,3596650.753635098],[3177110.370339785,3596647.053874716],[3177096.5768144885,3596651.1192167727],[3177082.3026450844,3596650.785832425],[3177074.020253825,3596648.815109304],[3177067.9720479455,3596647.98766268],[3177058.5273331758,3596642.2858506],[3177049.3391057155,3596635.746846181],[3177039.0971025308,3596633.1863378165],[3177023.3356415397,3596626.471195948],[3177007.4039787687,3596623.0967310388],[3176989.176010741,3596625.616827526],[3176979.5755305216,3596621.9145946125],[3176967.0404548757,3596623.2300890354],[3176954.307207202,3596623.5808940986],[3176943.2369213235,3596625.2535652835],[3176934.7876506005,3596627.349295264],[3176934.3080652296,3596640.499754895],[3176933.240766069,3596643.8705793787],[3176917.691681591,3596647.04156169],[3176901.137602155,3596654.9629320083],[3176890.7446724894,3596654.262616362],[3176879.071333085,3596659.339150754],[3176874.1593658603,3596652.7484013774],[3176866.9431536677,3596641.203968781],[3176851.8541260343,3596627.85109165],[3176837.7495248094,3596625.2848289153],[3176820.5025336407,3596626.2322096406],[3176798.7724696407,3596628.1602142607],[3176786.535173163,3596628.617022463],[3176773.23512513,3596624.522030897],[3176756.4399657147,3596627.6964358245],[3176739.6544080824,3596628.297138077],[3176725.8056792757,3596636.736143535],[3176712.224367904,3596635.122160422],[3176696.909877141,3596640.298728282],[3176681.4345837072,3596642.49485238],[3176661.305646972,3596646.372001293],[3176645.062072533,3596645.5449237577],[3176633.05933748,3596639.93544708],[3176615.0478016613,3596638.481979637],[3176602.5860625813,3596645.4415888623],[3176596.0858019143,3596652.9386533303],[3176587.5650663967,3596663.378321024],[3176576.7671452407,3596667.969686674],[3176566.805480595,3596672.2117950288],[3176557.7088107457,3596676.08586039],[3176549.050005747,3596681.8674063934],[3176541.329876012,3596689.3378708884],[3176540.3572833724,3596690.5748348427],[3176533.8196639167,3596698.900148725],[3176530.2099646362,3596704.1346820407],[3176514.1190385697,3596701.8512948486],[3176505.1357862093,3596700.9230984887],[3176497.0897574895,3596700.807828694],[3176483.512566943,3596702.929487589],[3176475.114354901,3596704.3559824107],[3176463.9394904785,3596708.65069064],[3176454.423786696,3596711.7197527946],[3176443.3372615715,3596717.917900958],[3176432.584951239,3596727.3296251353],[3176423.632148551,3596734.1427009697],[3176411.4118521456,3596743.844084468],[3176404.4247132326,3596754.0127052693],[3176401.243279664,3596761.168808903],[3176392.1933033685,3596774.798233666],[3176384.666578735,3596774.932707645],[3176371.6413652096,3596775.059026144],[3176364.184558715,3596779.845946291],[3176345.8217808725,3596773.846751373],[3176334.1920807296,3596781.5198651077],[3176329.3084269986,3596789.520601334],[3176320.1035785456,3596795.947828133],[3176317.4215323366,3596806.518077789],[3176308.008864777,3596816.952918982],[3176303.960162212,3596834.302300595],[3176301.8520450043,3596850.5048445496],[3176300.8094657455,3596864.3860476445],[3176297.0355571867,3596879.0716527808],[3176290.5366790313,3596894.1910761157],[3176288.7089336812,3596902.5048614186],[3176286.335689434,3596918.797407825],[3176278.484556176,3596935.9531216826],[3176275.3095993362,3596941.3665924575],[3176276.9564399365,3596964.797389955],[3176269.573548626,3596971.560816263],[3176261.482485257,3596983.7380576604],[3176256.114380275,3596996.7388818017],[3176236.6175435088,3597007.8964493163],[3176237.28159145,3597021.370228923],[3176239.5374821727,3597037.0714664846],[3176241.449698725,3597053.239946373],[3176230.7737194803,3597096.454105758],[3176226.425845699,3597172.964960839],[3176219.802309681,3597352.551036527],[3176217.7216096576,3597374.258920123],[3176218.2540405025,3597385.736504332],[3176217.1237468524,3597400.5856572534],[3176213.3117470546,3597407.866697406],[3176205.8299366487,3597416.2928950707],[3176201.183465104,3597427.013278029],[3176188.7034160458,3597431.465627548],[3176180.4521481874,3597435.969405385],[3176172.726778746,3597438.772237829],[3176164.325161946,3597441.814927954],[3176157.8653149223,3597442.926206064],[3176147.9655399118,3597443.9254326914],[3176138.3795031374,3597446.4483543145],[3176131.153360392,3597455.352178932],[3176116.3805107363,3597458.457652056],[3176110.5560639556,3597463.1217310512],[3176099.3128973413,3597465.717017749],[3176094.411754111,3597462.283745769],[3176086.7004787424,3597458.5795183764],[3176081.1082923207,3597463.2080873474],[3176072.056882482,3597466.9108084375],[3176058.5744358376,3597471.7433908456],[3176051.737129198,3597472.661810328],[3176045.028853584,3597471.0569013907],[3176037.892001696,3597472.2469747043],[3176029.5204478065,3597476.619994446],[3176024.71957291,3597482.594138612],[3176019.290883132,3597488.7613406884],[3176006.279069279,3597497.315273362],[3175997.718418339,3597496.5700325216],[3175992.1686058063,3597504.10549488],[3175987.9542830605,3597509.355084724],[3175978.8861941393,3597515.310864938],[3175972.2979815095,3597513.7564818496],[3175965.1210060823,3597514.2879920555],[3175961.1831071433,3597505.8146391516],[3175949.330214711,3597506.407849892],[3175937.449645845,3597511.793624425],[3175931.767375762,3597514.1965365424],[3175925.761933813,3597516.461932563],[3175912.4955136087,3597529.0472815307],[3175899.4528368134,3597537.136594998],[3175882.631900478,3597546.813915982],[3175862.91302879,3597554.8473533774],[3175852.192559306,3597558.891193096],[3175837.447793915,3597559.603555859],[3175831.1517461753,3597559.5669660135],[3175815.169961586,3597562.056174213],[3175804.9402644383,3597560.441103079],[3175793.972132542,3597554.7111980678],[3175780.345365694,3597556.894297173],[3175771.627945778,3597555.2434649025],[3175762.9028639435,3597555.8547690073],[3175746.644086835,3597551.933388548],[3175721.415165811,3597543.2077910984],[3175712.030483516,3597530.2400349416],[3175694.669400974,3597530.021974117],[3175685.612076249,3597534.64957005],[3175676.1503954525,3597531.1802890836],[3175658.069141803,3597532.6894221716],[3175642.3711860254,3597533.0549079594],[3175633.2499177298,3597532.6363653084],[3175631.4821401513,3597529.507879972],[3175605.988862337,3597518.981408515],[3175587.0308398916,3597510.564288548],[3175582.8128073746,3597505.4713754533],[3175576.593154948,3597503.6283955835],[3175569.879237606,3597502.925009457],[3175559.198247244,3597499.0372863435],[3175555.357060848,3597495.267635005],[3175546.556821447,3597488.287355041],[3175541.770099836,3597487.4664060427],[3175534.4391690935,3597482.652120868],[3175528.3079807833,3597483.3699581604],[3175523.0125073115,3597481.339805535],[3175510.650421117,3597479.0644135084],[3175503.3655577465,3597480.384946553],[3175495.7288274826,3597484.827188931],[3175487.2676112335,3597484.922597467],[3175479.9459723886,3597485.018558925],[3175473.5800876515,3597482.416927373],[3175466.0672874553,3597480.8660103334],[3175457.2593965065,3597481.8908289173],[3175451.6122328145,3597486.9608708606],[3175441.990330524,3597490.7397973617],[3175431.264174768,3597496.3428560537],[3175425.1130519295,3597497.930752634],[3175418.12343561,3597496.6975360215],[3175414.154073666,3597497.1925033554],[3175409.661666957,3597500.7947630985],[3175404.163918379,3597504.3972072625],[3175396.1604799135,3597504.3425884005],[3175388.8330575507,3597502.756511874],[3175380.569361226,3597502.3640276603],[3175372.183995449,3597501.783178308],[3175362.876218265,3597498.1833084254],[3175352.357719496,3597490.66855315],[3175347.2671557367,3597490.524176347],[3175337.216458109,3597486.454647024],[3175328.8455295917,3597473.946276769],[3175320.15937324,3597466.6261345553],[3175310.6004920895,3597466.122632919],[3175307.256724265,3597471.868138858],[3175301.815650004,3597468.687186847],[3175297.856426432,3597462.110645802],[3175293.321954322,3597461.491451362],[3175293.6125779906,3597457.68172568],[3175293.2080738535,3597454.1167464377],[3175296.1172795715,3597452.9322831794],[3175292.1587674823,3597439.194268367],[3175286.791035589,3597434.668633063],[3175281.6112599447,3597429.0115358285],[3175276.109440146,3597425.407726104],[3175088.7546417387,3597481.043404641],[3174891.7901033927,3597517.331240148],[3174896.0320007866,3597535.310694698],[3174901.218734838,3597547.6543868575],[3174903.6406404534,3597555.9568743263],[3174905.4081581812,3597563.6635656618],[3174900.1754709724,3597566.542418229],[3174895.5153487646,3597567.2469587554],[3174891.4565558853,3597570.31359528],[3174891.3136898233,3597577.7302860543],[3174895.4240391008,3597583.449674568],[3174899.857466571,3597587.357612948],[3174905.509664687,3597592.9988314654],[3174910.626305202,3597600.828086035],[3174919.7130004326,3597609.5340756066],[3174925.7084790133,3597610.99465928],[3174932.987085047,3597611.992692927],[3174936.4533449686,3597614.576623156],[3174939.853329042,3597618.111403507],[3174945.790496112,3597622.423648979],[3174947.2734922552,3597624.5629964434],[3174952.00751046,3597629.652026031],[3174959.462163399,3597635.6336298734],[3174962.7265971163,3597641.716671173],[3174962.877785701,3597647.8135773228],[3174963.399713991,3597656.630665699],[3174960.5030982755,3597663.024744983],[3174963.537250668,3597667.5975894583],[3174965.0041085565,3597672.7278418653],[3174968.607811421,3597680.143624042],[3174974.217163097,3597685.011516124],[3174978.786558563,3597687.0053984835],[3174981.96497572,3597690.9075328205],[3174982.835179651,3597694.9315173626],[3174985.5823756224,3597699.5883938223],[3174984.2409844925,3597702.9025690337],[3174986.48163917,3597709.2557867994],[3174987.2751765624,3597713.610507983],[3174989.547022598,3597718.848759982],[3174988.9885035604,3597723.3951405953],[3174989.5939158457,3597726.3789352598],[3174990.457827745,3597730.404509639],[3174983.482817836,3597730.5982793923],[3174979.6664756685,3597731.562431288],[3174976.290965893,3597732.4152152026],[3174972.9425371643,3597731.531336451],[3174969.9490275783,3597734.490259259],[3174967.4166749017,3597741.1036951207],[3174965.3677716013,3597742.244070519],[3174962.530543616,3597740.919680978],[3174963.1974457246,3597735.561718664],[3174964.338009746,3597732.0906871385],[3174959.0762236053,3597728.588058546],[3174951.231083742,3597730.892982778],[3174944.6243399503,3597731.9278752874],[3174939.7997723725,3597729.5372131565],[3174937.6768230023,3597724.8840887616],[3174940.1686246702,3597716.87394928],[3174935.8737225807,3597713.957374815],[3174927.3291849094,3597708.1704577007],[3174918.190137764,3597710.4217712316],[3174909.4285362493,3597705.5200375356],[3174890.8586175013,3597691.55269475],[3174888.5285808016,3597684.138039856],[3174874.709387219,3597666.2949593314],[3174854.754489866,3597646.888440784],[3174843.6035537655,3597641.264264198],[3174833.770560221,3597630.4174420233],[3174820.8373334147,3597621.2419348545],[3174812.171159903,3597614.9784579],[3174806.3989445446,3597604.443377245],[3174796.802896968,3597597.976639667],[3174784.4610233023,3597584.2003209377],[3174772.7682866254,3597574.711450471],[3174761.9371236535,3597570.3443386657],[3174764.1728680963,3597561.776026041],[3174767.9664293462,3597552.375872566],[3174761.4768121475,3597544.236270762],[3174746.9384991676,3597546.1337869465],[3174733.671831175,3597551.2619736893],[3174725.7280592015,3597561.710861315],[3174717.2243000977,3597564.7476176955],[3174704.711784276,3597574.5750457398],[3174696.6053021634,3597573.9595082626],[3174680.568072915,3597568.232586871],[3174665.672931961,3597561.7788770776],[3174650.4853644758,3597559.3892900352],[3174627.215980901,3597559.9300487875],[3174613.847501899,3597566.4220976634],[3174609.752470057,3597576.348412656],[3174610.1306909677,3597588.2580383644],[3174608.1169150565,3597599.4343959847],[3174596.195983631,3597604.661197432],[3174585.4199412763,3597609.172003325],[3174577.366023623,3597617.4233481605],[3174568.9700199235,3597620.882956711],[3174565.6881582146,3597628.8163274373],[3174558.782140893,3597638.126917317],[3174549.936881773,3597653.6938445875],[3174549.08398664,3597667.6906583705],[3174547.9787872685,3597673.7477278593],[3174541.768968292,3597678.8691359404],[3174540.885533889,3597687.534160044],[3174539.084544534,3597699.5448457603],[3174539.2569368756,3597710.6185614388],[3174530.260908009,3597718.66994364],[3174524.8545790366,3597718.2603281625],[3174514.66426556,3597716.384289895],[3174504.507610836,3597721.615304234],[3174505.714554211,3597731.5395685057],[3174501.419894891,3597744.180569894],[3174491.715957839,3597754.636758268],[3174477.0862254286,3597757.8846542905],[3174462.576479854,3597765.104057335],[3174445.966891113,3597767.5262427106],[3174438.2149964785,3597773.487403052],[3174429.083613318,3597775.795473331],[3174417.464723256,3597778.7323206025],[3174403.0038642846,3597775.7217410533],[3174398.4101224765,3597771.5548549932],[3174392.132368438,3597764.2500770907],[3174381.329070531,3597765.2048342624],[3174375.735258017,3597767.5068137865],[3174370.0927465046,3597780.0389822666],[3174367.5471867174,3597789.1242972137],[3174351.990802728,3597793.944648697],[3174348.1452318938,3597794.478501829],[3174341.8486543936,3597783.6264879713],[3174333.9454501504,3597782.072249555],[3174324.398457978,3597784.485597374],[3174315.590785413,3597788.0383267147],[3174309.4373411806,3597802.037567602],[3174296.552849302,3597801.742627368],[3174282.1294926433,3597805.827040401],[3174265.662160228,3597813.991818583],[3174260.4589582514,3597812.643156536],[3174248.891709008,3597807.125492302],[3174237.2917473405,3597813.610110822],[3174231.0026693465,3597821.865944222],[3174224.193105749,3597829.8151360513],[3174212.0605307743,3597834.2086824197],[3174205.10564703,3597834.6407289505],[3174204.410330341,3597840.594406678],[3174197.4743250255,3597844.57377205],[3174186.5446287044,3597841.5591296605],[3174178.2887297524,3597850.750572444],[3174169.4777106,3597854.316018029],[3174155.1216317387,3597851.717951306],[3174145.4699125113,3597853.7199555095],[3174135.7357629845,3597858.845136605],[3174131.7577344067,3597853.6232248778],[3174125.957478595,3597856.8773143818],[3174118.5077287112,3597862.3129830305],[3174102.35303911,3597854.391902444],[3174095.4529334046,3597846.356731427],[3174096.122885434,3597836.8573120865],[3174092.2366955034,3597830.285925742],[3174084.939873699,3597825.9031652794],[3174076.129943382,3597812.134713292],[3174075.820355069,3597795.317444306],[3174074.1964556836,3597783.7339304145],[3174068.083792433,3597770.1599826696],[3174057.692886987,3597769.2351645487],[3174056.881723553,3597755.6585666873],[3174044.578224526,3597748.9896416715],[3174033.685674242,3597751.3055604966],[3174019.8524866803,3597749.0253576175],[3174008.1834029313,3597743.084120855],[3173995.028548223,3597750.4123079143],[3173980.7285314864,3597756.692300376],[3173960.4128879467,3597765.3815268],[3173944.656234199,3597771.1534915892],[3173925.2325102114,3597772.951350248],[3173907.0905471635,3597779.7533636494],[3173898.984009551,3597779.1392482547],[3173873.506549875,3597776.251964604],[3173849.6692886846,3597786.7203537566],[3173832.447267697,3597790.1876808587],[3173814.11826594,3597784.155070626],[3173791.2675902247,3597784.60584571],[3173773.274640211,3597781.6022911062],[3173743.7299637515,3597776.6188667426],[3173726.288994451,3597779.2539156284],[3173706.807705112,3597787.7448815573],[3173700.808033392,3597791.926487927],[3173696.5216530347,3597804.5667547463],[3173682.7931788824,3597802.6992853717],[3173665.818744312,3597814.1085966383],[3173645.7066604006,3597821.859855803],[3173620.3434204543,3597836.729105325],[3173607.7097942745,3597844.3650214886],[3173582.0264391527,3597857.9776751706],[3173572.041970311,3597856.939584752],[3173549.3060179967,3597859.5769618726],[3173528.470691749,3597867.9615753945],[3173503.542029997,3597868.9395056097],[3173481.6504331166,3597874.915860926],[3173460.507326108,3597883.8284829287],[3173444.291389911,3597882.591022169],[3173432.4504948733,3597882.9224774027],[3173419.314821082,3597876.4655075683],[3173409.7646822818,3597877.105527861],[3173399.40615838,3597883.2784652603],[3173396.986117049,3597894.559025309],[3173386.7256416166,3597899.3808721146],[3173371.160210967,3597902.4309427026],[3173363.3517769594,3597899.516414067],[3173356.434286694,3597889.7102213493],[3173349.5237886356,3597897.259908854],[3173005.5065796273,3597964.2805318465],[3172928.990232109,3597984.673428944],[3172664.537518139,3598044.6511677634],[3172283.5326466905,3597726.294416694],[3172042.610249514,3597525.001592826],[3171982.4112823335,3597488.2068206607],[3171978.8003202965,3597492.0280553196],[3171844.067312343,3597609.988055335],[3171637.7281583636,3597813.412395676],[3171520.188555388,3597938.4612484975],[3171246.715595995,3598190.3588090185],[3170832.478283982,3598551.665005978],[3170639.2589107896,3598729.984123301],[3170500.710517466,3598861.487822918],[3170274.1696560644,3599110.99244923],[3170073.0701743425,3599319.749898782],[3169961.5396775333,3599478.8105582586],[3169843.0612929496,3599622.9938668413],[3169582.4979816545,3599859.413399229],[3169516.7055569487,3599919.1660703532],[3169480.5732888766,3599961.199486137],[3169429.968652739,3600011.5588579434],[3169390.812737544,3600052.746406665],[3169306.6772528747,3600236.42906806],[3169703.589777676,3600400.0319231795],[3169737.5611621495,3600425.5514644943],[3169776.941625299,3600452.696841227],[3169800.2405848694,3600479.4158977075],[3169818.932697637,3600501.7790861693],[3169836.0753535107,3600553.1574387727],[3169846.4345553895,3600591.6997129843],[3169846.73019315,3600633.7899349593],[3169841.5166189047,3600682.2169347773],[3169822.362783948,3600721.817557593],[3169801.095299219,3600767.377324817],[3169775.354452553,3600793.4925758797],[3169758.0324038956,3600833.043864269],[3169750.9105039462,3600871.4926194334],[3169735.4305242854,3600922.1127611795],[3169738.4996026736,3601023.7541035884],[3169746.2655635145,3601059.9326020745],[3169735.520090367,3601132.9426218206],[3169740.1644720198,3601324.5268603913],[3169742.544238385,3601378.640230323],[3169753.6168909613,3601417.99348427],[3169757.4825983844,3601451.8634171905],[3169790.7680425583,3601495.9220334017],[3169826.45021226,3601531.204016704],[3169811.173374868,3601588.406832101],[3169928.237679073,3602006.586631598],[3169982.286751343,3602192.1156492904],[3170005.50085588,3602284.6252941717],[3170063.0194048914,3602500.583222346],[3170096.566138277,3602599.247299495],[3170142.4104260933,3602734.092421893],[3170167.0676572956,3602787.541812018],[3170186.0071010813,3602828.392212946],[3170193.5193786137,3602895.991635589],[3170200.44140829,3603017.4092495805],[3170210.4127352852,3603246.958092528],[3170218.6008379236,3603362.3670019563],[3170228.0910008796,3603532.2444580323],[3170242.679897286,3603702.141954078],[3170238.9653003267,3603740.2109161387],[3170245.4974430474,3603800.7687421865],[3170248.5351552954,3603880.76557465],[3170253.287497948,3603922.7054675967],[3170271.3106101686,3603950.244232802],[3170283.215273086,3603975.3113314644],[3170303.677010786,3604016.2707047043],[3170323.380020002,3604050.3970097727],[3170348.369615671,3604085.6835694006],[3170357.5001651533,3604099.918844103],[3170323.690662263,3604125.5721930116],[3170310.001083836,3604146.101933948],[3170311.5147626186,3604177.3280314887],[3170319.901935743,3604202.285191375],[3170335.630562843,3604220.866050029],[3170346.5350738876,3604238.1576921307],[3170366.1873385995,3604264.2672780063],[3170380.127105818,3604295.3470787313],[3170394.1466213865,3604320.8805261473],[3170413.309819842,3604365.976985353],[3170418.3775188224,3604376.1683972613],[3170419.900735642,3604383.8686154205],[3170423.142395834,3604391.270641625],[3170427.3908872064,3604396.040281109],[3170430.301124033,3604404.057207388],[3170429.4505110434,3604410.6992925983],[3170428.301145189,3604425.0661409236],[3170431.1646468444,3604429.1609160746],[3170436.832508092,3604433.3276406443],[3170440.086749924,3604439.157475998],[3170437.685251675,3604450.046887888],[3170433.998508692,3604457.6172634983],[3170436.3530582595,3604462.41819252],[3170444.0434924555,3604469.958882253],[3170444.7539331936,3604479.5845896695],[3170459.338433016,3604519.0146976984],[3170467.288528177,3604548.097710057],[3170484.305558226,3604583.4025857016],[3170501.640026587,3604614.115957766],[3170520.893034941,3604634.8010194963],[3170538.159258056,3604655.4948367393],[3170550.928376144,3604670.316973149],[3170559.416941409,3604693.73709222],[3170564.3627185305,3604713.0504211825],[3170563.647983956,3604730.133282113],[3170565.4820697615,3604738.9427909297],[3170561.9853540957,3604740.74262723],[3170558.271357326,3604743.0014581853],[3170554.6163447476,3604743.111015028],[3170551.2314881445,3604739.7255298495],[3170548.6447648327,3604737.5216611316],[3170545.3595827054,3604735.414501465],[3170542.643058532,3604736.7046296354],[3170541.8135098815,3604739.8457294535],[3170543.446074606,3604748.521857613],[3170541.84040115,3604750.6718763583],[3170538.891241691,3604750.4521242324],[3170536.118479196,3604748.018649975],[3170534.138515829,3604749.386982243],[3170530.303976368,3604752.6917010956],[3170523.6249506027,3604755.8193070074],[3170520.7186909877,3604755.4271520325],[3170515.636192645,3604750.511791638],[3170512.455638907,3604746.4860419286],[3170510.1912467703,3604746.4038062072],[3170507.9240640993,3604745.13399602],[3170503.317726724,3604740.2476325007],[3170500.1104109692,3604740.693407838],[3170497.7787470664,3604743.5124576925],[3170497.9196909443,3604745.5532599175],[3170498.35266665,3604749.8848929284],[3170495.3866919363,3604750.8807983943],[3170493.0712819747,3604752.0113570266],[3170484.3184863515,3604752.689473383],[3170481.1663017664,3604753.9519027276],[3170476.8688785024,3604754.847741492],[3170475.727500478,3604753.4764688024],[3170474.63270027,3604751.031978253],[3170472.0139700253,3604749.9322676905],[3170467.691193337,3604750.1538867187],[3170462.796666423,3604751.8821313954],[3170458.2057790984,3604753.279417559],[3170454.6901573692,3604751.9461462414],[3170453.034858035,3604750.1632368937],[3170442.7954019047,3604749.2464034194],[3170433.0147233387,3604747.9245919655],[3170428.034867828,3604746.940335929],[3170425.024204848,3604749.9319739505],[3170423.581537081,3604753.528874175],[3170418.9455157034,3604754.3839037996],[3170412.28644042,3604755.706873499],[3170406.298803365,3604761.612400503],[3170400.5944757983,3604767.238283675],[3170393.453871251,3604768.406766728],[3170387.5954153277,3604766.711340206],[3170383.325980724,3604764.369844805],[3170378.636058237,3604767.3152466845],[3170374.3545590993,3604772.718044684],[3170360.126275555,3604775.549280659],[3170349.5633806814,3604785.9978998657],[3170342.4366552327,3604790.4624878746],[3170328.1163314134,3604793.248009025],[3170277.988805121,3604797.60005543],[3170251.6854042443,3604859.6392572485],[3170248.416189003,3604871.4763961425],[3170252.1936081983,3604903.6850801753],[3170249.380086633,3604921.5094701867],[3170245.0753525402,3604974.762203181],[3170246.9254171024,3605067.591574366],[3170159.84804341,3605214.117615153],[3170050.8242764766,3605403.353309788],[3169976.7174232225,3605526.5145243662],[3169966.5677453293,3605580.2630866203],[3169980.7502603345,3605619.587251005],[3170002.3882548343,3605669.452961293],[3170045.1553743617,3605715.757758409],[3170069.555495331,3605725.2215238307],[3170071.548247053,3605725.9954984514],[3170061.111534948,3605740.267088665],[3170050.6366927056,3605772.4427369023],[3170054.829541094,3605824.125124214],[3170053.032959842,3605848.7525535636],[3170057.3161400314,3605872.780187187],[3170060.6095194565,3605891.717725113],[3170054.3738801675,3605911.197594319],[3170055.6369231837,3605923.440571199],[3170062.109369373,3605935.2934864475],[3170064.505025618,3605951.955697649],[3170065.187042833,3605964.3348749597],[3170066.90777947,3605968.0969266132],[3170078.680806346,3605993.865932447],[3170091.823549959,3606004.968877523],[3170095.1216632095,3606021.7823514743],[3170096.929739173,3606030.9793412713],[3170098.1579452883,3606034.047479869],[3170110.7537298007,3606065.456709433],[3170113.421428853,3606077.2502279147],[3170117.729783721,3606096.333501673],[3170118.1171684824,3606097.2964348006],[3170124.229106641,3606112.4714668617],[3170124.604653433,3606113.4143354185],[3170129.5375153776,3606125.347214936],[3170133.0830859463,3606128.1837867014],[3170138.170291751,3606132.2551370244],[3170141.7735642097,3606153.629011194],[3170144.2599011865,3606162.5727816178],[3170145.847082464,3606168.295523223],[3170151.2194363144,3606176.274738432],[3170152.566257745,3606204.2563552847],[3170149.5873970147,3606208.4634295027],[3170156.540592985,3606245.310824044],[3170166.475456791,3606274.6969073704],[3170173.5333143915,3606301.895579193],[3170176.762739328,3606321.783909061],[3170184.336229683,3606334.3029299476],[3170187.2510319017,3606361.5051497263],[3170191.9562337156,3606372.5498549812],[3170191.868728079,3606373.645074433],[3170190.4791903337,3606391.131295362],[3170193.7599219996,3606400.588391171],[3170194.0768597443,3606401.5115500567],[3170197.6103221085,3606405.8164302027],[3170199.0059924116,3606407.526734593],[3170224.159027298,3606432.4780321005],[3170242.814013459,3606465.092522823],[3170258.8669411363,3606483.923948953],[3170269.3033941695,3606506.3870516485],[3170278.161343597,3606533.635671546],[3170283.1053217025,3606577.2701921733],[3170281.561987043,3606587.0770290922],[3170290.514627573,3606597.664802454],[3170298.9106548084,3606612.1667982633],[3170314.642335233,3606662.26520048],[3170327.7745071864,3606702.0641329256],[3170358.658451109,3606720.885894182],[3170395.9671259606,3606726.8255152837],[3170397.2825329374,3606751.3653721483],[3170388.95124092,3606777.469527424],[3170368.3121782625,3606801.6497182897],[3170387.6150276987,3606852.9629979613],[3170367.6857345207,3606886.5964968083],[3170323.172772688,3606928.857788763],[3170287.565700782,3606953.1873694733],[3170294.5869185003,3606995.1516728476],[3170300.226361057,3607008.9008230558],[3170308.581905288,3607029.250926888],[3170321.7964703864,3607062.891003359],[3170335.0819715224,3607108.350377898],[3170338.031114419,3607121.8144910946],[3170367.6136199045,3607169.983025354],[3170385.988740911,3607188.973725372],[3170420.9620419606,3607224.280438373],[3170430.846980638,3607226.3126931884],[3170452.516839808,3607239.4355100165],[3170455.8861764576,3607259.057525744],[3170448.4865571694,3607273.145487071],[3170465.0612694053,3607312.5075075063],[3170488.029120221,3607369.2920737863],[3170503.164834828,3607392.360124479],[3170523.996605574,3607408.822729377],[3170552.3672405207,3607409.235420638],[3170592.418204877,3607395.2105695284],[3170604.280032923,3607399.578609277],[3170602.673870733,3607414.673868383],[3170605.1620374676,3607431.48557489],[3170593.2258211165,3607436.6200861894],[3170585.979338185,3607449.2152150953],[3170592.305299678,3607463.216752982],[3170591.118757584,3607476.3709377106],[3170600.678139089,3607492.307783709],[3170592.6081340164,3607503.543246889],[3170591.85678316,3607518.421221086],[3170603.050306147,3607522.9244858148],[3170611.3643083507,3607516.2188253007],[3170624.4668911537,3607513.2336521465],[3170629.9029024835,3607539.8755414127],[3170625.2352986755,3607557.8835769375],[3170623.8523030016,3607560.6349502807],[3170620.8035539133,3607566.705693138],[3170616.5279009156,3607575.222776004],[3170614.519919896,3607579.2175622364],[3170615.0957166804,3607588.95860256],[3170621.1037899433,3607592.4497498907],[3170624.849753606,3607594.6354708876],[3170653.328242771,3607622.2143001114],[3170662.6752098696,3607645.9928132026],[3170657.6529743643,3607660.8144304673],[3170649.987381002,3607672.5816042535],[3170639.5977100176,3607684.5568428636],[3170650.1375313727,3607693.0912941257],[3170650.7542324574,3607697.664775865],[3170652.2197997225,3607708.4486895353],[3170653.3410145296,3607727.3154839724],[3170659.875579634,3607754.612600727],[3170674.8702955833,3607775.0976482173],[3170688.69567461,3607814.5473056133],[3170697.660413148,3607905.558364721],[3170703.454418123,3607913.176587396],[3170729.0771793285,3607913.272827449],[3170757.808846447,3607904.975750728],[3170786.911289326,3607895.592411474],[3170805.5109684775,3607895.155618027],[3170850.3843099037,3607909.4986715675],[3170854.7501208433,3607910.8923589974],[3170859.7916908963,3607912.598819778],[3170877.848675193,3607918.7149081766],[3170895.0773218153,3607919.9537451477],[3170922.8490379225,3607908.5906002],[3170934.971349396,3607899.8789604846],[3170960.5454914058,3607881.506392966],[3170968.8865569634,3607875.01359514],[3170983.261813283,3607863.837373643],[3171028.7847042005,3607850.893331817],[3171089.8625132497,3607865.3307536207],[3171174.3849684447,3607933.9524907772],[3171184.6604520194,3607943.8124216245],[3171188.3316670135,3607948.0594758466],[3171206.728440077,3607977.4987193025],[3171222.691950768,3608005.433586822],[3171254.0443420606,3608068.3600128586],[3171309.725194715,3608166.382773486],[3171330.5002982398,3608208.2428800743],[3171348.863939264,3608240.58644062],[3171396.1895448375,3608328.595951386],[3171232.072147033,3608380.0776054855],[3171060.5847822046,3608429.4821903757],[3171025.0549514713,3608440.037213962],[3171015.649412201,3608442.762846772],[3170908.3782163216,3608473.9341804995],[3170870.768074698,3608490.1304701306],[3170859.1245745616,3608495.1676082723],[3170834.3540462246,3608508.434301598],[3170749.609503118,3608561.9065357083],[3170722.8154478613,3608582.4956321507],[3170702.874960825,3608600.4537096946],[3170685.942833664,3608615.085569965],[3170672.8282978963,3608639.2572949105],[3170657.366033376,3608658.6035544304],[3170643.4102678965,3608660.283638723],[3170612.500211035,3608657.40327127],[3170586.1214310145,3608646.8288867828],[3170562.0412609223,3608623.532526459],[3170541.6520005274,3608596.4938791497],[3170517.7404662487,3608566.6014107005],[3170491.2335069682,3608553.729370767],[3170461.827538738,3608547.663562559],[3170415.2643226124,3608538.0241126297],[3170386.3409915827,3608537.4432349587],[3170316.618130438,3608540.6991177634],[3170269.1435599066,3608540.1653077123],[3170250.274532135,3608528.143474619],[3170213.5333090657,3608475.371217314],[3170187.4048133013,3608454.9277415248],[3170159.642814732,3608464.3327773744],[3170137.7858310416,3608489.507741712],[3170132.47171468,3608523.0848272545],[3170132.7564510936,3608560.383342893],[3170130.801439847,3608605.2551909043],[3170127.4759443905,3608641.130135259],[3170127.8827146795,3608680.728334875],[3170128.0525950855,3608683.3734286157],[3170129.6127111446,3608707.379020655],[3170119.9498733925,3608736.36311337],[3170065.848704654,3608789.9230798967],[3170046.4527873085,3608808.40400575],[3170034.0566280177,3608828.8421666175],[3170028.7623870308,3608878.7641145983],[3170035.119715515,3608925.2481075213],[3170034.6441750117,3608948.721948972],[3170042.40646086,3608964.5035986532],[3170059.6477658465,3608979.2576944255],[3170082.376267428,3608997.299935423],[3170099.7041860977,3609008.7668389347],[3170109.74032233,3609022.562290655],[3170109.210505861,3609038.5732953437],[3170103.3907099683,3609048.465359514],[3170089.5206497703,3609057.2330143554],[3170044.1571653625,3609108.8365986682],[3170035.678544708,3609128.185856984],[3170038.9620520147,3609157.337526391],[3170038.524484356,3609166.7946641175],[3170037.2832149775,3609176.848626441],[3169933.372720789,3609516.6920365724],[3169116.858578398,3609831.945182022],[3168720.0900536235,3609383.0953869172],[3168383.0321941935,3609386.4949577525],[3168155.0140630733,3609569.9451777167],[3168096.0584206777,3610282.447714976],[3167661.8203791026,3610561.5304238764],[3167355.7321929373,3610498.6055362155],[3167023.6779442052,3610625.875663414],[3166579.237540713,3610797.5442014327],[3166388.620346461,3610869.3763198857],[3166377.270330914,3610883.1699021496],[3166354.2285738746,3610935.103619756],[3165663.6217129184,3611986.560168025],[3165770.0830751155,3612902.2215686855],[3165536.2125619752,3613997.2928464077],[3165495.389600695,3614178.1687625363],[3165370.182178743,3614348.099058733],[3165102.0078282915,3614712.1007071864],[3165072.493059902,3614757.3535803696],[3165036.417373982,3614820.8154339525],[3165020.762545554,3614872.840520455],[3165009.9988357164,3614909.277624581],[3165020.6729293163,3614936.487167898],[3165030.917631544,3614995.4799949136],[3165036.1665485455,3615044.72833788],[3165036.5811284515,3615090.712555832],[3165065.9470248194,3615198.1613579057],[3165053.0485931206,3615236.4495131793],[3165059.0861011595,3615262.144964041],[3165079.971614393,3615281.534602128],[3165086.0013298336,3615312.6917898823],[3165081.154010458,3615328.8575316584],[3165079.1140175746,3615344.604734779],[3165072.1260273824,3615358.0980744413],[3165057.5966788884,3615376.153823386],[3165043.5507755424,3615387.0678348765],[3165036.783307406,3615409.288943371],[3165029.66732522,3615431.2991991574],[3165029.8458728325,3615443.258073173],[3165024.9544539475,3615461.47838482],[3165017.818058843,3615473.2554031564],[3165014.510384561,3615485.2295822147],[3165014.1841259347,3615501.992592245],[3165010.738657074,3615501.5703656063],[3165007.173936699,3615523.064014987],[3164995.7832832644,3615541.955727951],[3164985.3824314442,3615555.6421627095],[3164984.934649609,3615596.3302139975],[3164993.339114675,3615632.7433197703],[3164998.320452923,3615665.531128016],[3164992.7773023276,3615686.4810526175],[3164983.8884078823,3615711.7967204554],[3164978.731192165,3615736.1569595635],[3164989.099702144,3615757.0498009063],[3164992.373082514,3615769.7284814697],[3164991.4474338647,3615783.493850508],[3164991.0007994836,3615824.1817704383],[3164977.743289491,3615832.5744852563],[3164964.5563735208,3615848.9831059347],[3164955.2176234364,3615876.4111667867],[3164935.7033306938,3615916.4758023503],[3164920.479750079,3615940.4012980876],[3164898.3610264896,3615952.1485624285],[3164871.444856706,3615950.9611407416],[3164847.1173905786,3615951.177140603],[3164801.8821979323,3615955.247082564],[3164778.2492272714,3615967.80990611],[3164757.3351607267,3615983.185666782],[3164742.7320896494,3615997.9379226104],[3164724.3297088565,3616019.1809913036],[3164719.100580597,3616060.5983460248],[3164716.947383078,3616081.177335378],[3164683.7335591214,3616081.673430952],[3164671.1003757766,3616094.420902049],[3164635.921349914,3616110.4500876167],[3164595.4975505704,3616140.8324206634],[3164564.4561254876,3616161.308609292],[3164545.437838656,3616166.6768771554],[3164501.4768827297,3616181.4478574065],[3164479.80133767,3616190.013642254],[3164468.6397390957,3616210.3960522255],[3164451.549208628,3616221.285044465],[3164433.386844299,3616218.423422198],[3164413.532921787,3616208.9883589842],[3164400.4220611798,3616192.1925195167],[3164373.185439389,3616219.16413193],[3164341.9333710913,3616245.8604291445],[3164334.2080024243,3616269.888007499],[3164320.029932911,3616292.048221737],[3164300.964714837,3616304.9445919613],[3164278.048310224,3616318.331528783],[3164272.510372553,3616339.2823485495],[3164258.4971867856,3616354.3936928953],[3164256.3557533566,3616374.982149939],[3164244.81501686,3616432.5985836913],[3164239.0444763857,3616524.4179549892],[3164228.39963954,3616661.606701686],[3164240.587574109,3616751.1445353036],[3164257.959756169,3616791.4127554414],[3164297.757187167,3616836.8427726715],[3164321.252716625,3616867.126462009],[3164344.742908651,3616896.407264495],[3164360.5853637177,3616907.6312327674],[3164381.3447076185,3616926.3453230504],[3164384.150580152,3616939.143906078],[3164396.0306645595,3616958.136359248],[3164405.115407753,3616973.089164355],[3164413.6359140025,3616989.687235895],[3164430.9060339783,3617022.81313419],[3164445.4585392317,3617037.1959699844],[3164456.1737310616,3617055.1479100757],[3164463.247947581,3617067.106682417],[3164469.75168112,3617080.712313456],[3164483.678367111,3617106.6952809426],[3164488.777701539,3617120.6607901985],[3164498.8748267526,3617130.8406695426],[3164515.1596447546,3617134.1826658295],[3164529.6535127647,3617151.7551251473],[3164611.0662196,3617253.487120092],[3164481.4974032706,3617598.298721262],[3164257.8753423877,3617914.960449675],[3164139.1185470643,3618005.5962938005],[3164129.6592777055,3618007.502029025],[3164116.1363407536,3618007.5982805956],[3164097.602195394,3618010.0530091533],[3164079.6338808695,3618007.2256149654],[3164068.5513913343,3618003.163780766],[3164056.207354971,3617996.2392563205],[3164040.461064785,3617988.409314113],[3164028.245723699,3617981.9828718402],[3164016.5112344297,3617978.0883070114],[3164004.0239897296,3617973.3247202914],[3163987.0423819516,3617961.3902500058],[3163980.4307097057,3617953.527029837],[3163974.0187638644,3617948.4524625507],[3163966.9778663157,3617947.0716882134],[3163956.8868229054,3617946.8193684868],[3163951.1003385615,3617942.8196673905],[3163944.8164878953,3617934.1566746756],[3163936.3646397837,3617932.0756726847],[3163919.619698789,3617933.748990831],[3163910.187487715,3617927.463364416],[3163905.3328783,3617920.9159010276],[3163902.094968618,3617907.050436042],[3163897.043991099,3617892.945701425],[3163891.482921428,3617886.406235648],[3163882.703777856,3617878.071457837],[3163873.4500242216,3617873.1484948606],[3163863.329528744,3617869.3713463442],[3163851.4132509497,3617864.1037494205],[3163843.653605773,3617861.3143222826],[3163832.025401079,3617859.8748404984],[3163823.879374668,3617855.59141949],[3163819.1798026683,3617848.3000382762],[3163803.261972689,3617837.5362101397],[3163797.994542755,3617829.651631219],[3163787.3856797786,3617817.861138103],[3163775.471292109,3617808.5180610316],[3163766.69334046,3617803.161522017],[3163757.0351755843,3617800.5012050252],[3163750.378784762,3617787.685575825],[3163751.4523613877,3617778.913661159],[3163755.6659074994,3617774.115818424],[3163757.5386356097,3617767.089947231],[3163754.2797963656,3617759.244397359],[3163747.659670065,3617754.038683395],[3163730.1127451835,3617748.091138753],[3163714.663456466,3617749.582791018],[3163700.2218027115,3617742.5388040408],[3163682.810955867,3617734.559337455],[3163658.2477883166,3617738.908091217],[3163638.320965217,3617747.5629682555],[3163603.91835643,3617760.1039507478],[3163587.1660027197,3617755.188332981],[3163494.0085639027,3617752.1502083153],[3163480.0059524206,3617751.6899583614],[3163467.7130815685,3617745.642335117],[3163460.3898658864,3617732.293708712],[3163453.7248301003,3617718.7762493934],[3163449.9082188075,3617708.776484467],[3163439.3218508894,3617695.733880251],[3163426.0725452593,3617689.4006105773],[3163416.5765805827,3617691.4786727997],[3163402.7271544454,3617703.8860571724],[3163391.8404979063,3617702.603599196],[3163385.8050659373,3617699.014569051],[3163379.319266632,3617699.0852472056],[3163368.8377594184,3617692.5731301373],[3163362.6519464008,3617690.7543791267],[3163359.5050219,3617689.830002417],[3163345.592745022,3617687.73067617],[3163337.99204267,3617688.2721367097],[3163333.4665601477,3617695.2746620886],[3163336.2264709426,3617702.5323676644],[3163341.255463737,3617717.8894604715],[3163340.3472613497,3617722.544019183],[3163334.566079002,3617723.3229331514],[3163322.234003588,3617726.6598576964],[3163314.159966269,3617733.5107020517],[3163308.859987052,3617736.82145306],[3163301.9613128416,3617733.2808179776],[3163297.0669626403,3617727.9791561584],[3163294.3351345947,3617718.763216181],[3163285.296985767,3617716.487251574],[3163277.564659714,3617724.6589397104],[3163268.2109652916,3617740.877616762],[3163261.7451563696,3617760.7654523384],[3163256.6362489406,3617766.8556931233],[3163239.836334414,3617769.2265104805],[3163217.143765098,3617778.766176546],[3163203.88364474,3617784.638976693],[3163197.191241719,3617793.444539507],[3163199.0338800205,3617803.950738779],[3163196.304984768,3617825.362076669],[3163196.506974998,3617846.5524667148],[3163187.20226363,3617862.932091021],[3163176.4525438054,3617888.7104947907],[3163171.243213602,3617897.1240786873],[3163171.7416862715,3617914.7057681126],[3163168.743213346,3617933.7042771066],[3163161.286078623,3617945.0036242483],[3163150.994514056,3617953.486079437],[3163140.791468345,3617963.007971374],[3163140.4082785323,3617974.443245833],[3163145.0950991865,3617984.39281355],[3163149.673313001,3617995.96342658],[3163148.245568394,3618010.8530930467],[3163140.4983404633,3618017.620617919],[3163125.27551076,3618029.4928452405],[3163106.8087095935,3618047.8660969757],[3163076.3121637953,3618066.6597437332],[3163055.968412649,3618075.0669019567],[3163042.269759981,3618081.9535189057],[3163029.9846357414,3618098.382909524],[3163020.2163662566,3618101.420897875],[3163011.4535224866,3618097.4702142277],[3163001.370406168,3618106.0844094437],[3162999.457409395,3618117.7277280586],[3162995.348032184,3618129.0457928204],[3162986.7451431565,3618145.4193063728],[3162974.2624906525,3618154.2915629726],[3162967.275393958,3618166.706161813],[3162960.3644543327,3618178.7433452513],[3162952.8077069446,3618175.3721938846],[3162909.493256579,3618139.5246532136],[3162894.727073422,3618129.2182886265],[3162875.488844432,3618111.5511660306],[3162833.1397017837,3618074.6596431965],[3162763.1140458276,3618000.9091659337],[3162693.5064614695,3617961.525414226],[3162675.6142386636,3617948.9855710594],[3162650.2104265,3617938.7781619355],[3162643.2500380725,3617937.7133490974],[3162631.243566963,3617935.8773833443],[3162619.458097088,3617938.5103944615],[3162599.246113679,3617942.8333717],[3162584.425268829,3617926.330371072],[3162561.6516447584,3617908.2092943043],[3162551.535954316,3617902.031994657],[3162539.1357389186,3617894.467002933],[3162529.206828879,3617897.016110271],[3162510.50198487,3617923.5579656027],[3162497.1076827724,3617947.605065218],[3162485.4644678393,3617960.7542370223],[3162470.9406409124,3617968.870456542],[3162452.0836290694,3617973.4696786418],[3162442.7774073966,3617988.0278419075],[3162438.591961404,3617992.1042754496],[3162424.9613903565,3618001.0881340103],[3162391.4975533374,3618025.151380614],[3162364.219724267,3618055.858311186],[3162329.217437585,3618114.791702332],[3162297.02271025,3618199.2242608317],[3162278.0982939834,3618223.2034745207],[3162272.0076242993,3618233.034177041],[3162265.2968964735,3618241.0383248753],[3162253.871563336,3618253.913206953],[3162245.91229497,3618262.722965427],[3162242.1217847103,3618274.052735856],[3162249.2199821896,3618300.712370064],[3162258.078937411,3618325.7306137625],[3162261.338751848,3618336.0463176407],[3162258.820630461,3618349.242950499],[3162244.5344771426,3618367.459346896],[3162232.6172621083,3618384.859576462],[3162220.9311949243,3618393.241193361],[3162215.0797458426,3618398.9350940324],[3162213.192440084,3618409.972421583],[3162213.356712553,3618426.6596685],[3162210.530469276,3618441.736641205],[3162209.090001393,3618465.2091974807],[3162208.2780078375,3618495.70166335],[3162209.79673596,3618517.6175406934],[3162212.685378498,3618531.8155104816],[3162208.2018064805,3618539.744347519],[3162196.301231358,3618549.566734866],[3162187.7322565145,3618557.7483229274],[3162186.4870861126,3618572.811830814],[3162180.940667047,3618590.365633637],[3162180.2916940856,3618600.092059894],[3162188.7962787766,3618613.055346695],[3162199.3294150094,3618624.6893963227],[3162201.1409869287,3618633.980076704],[3162194.6246889634,3618647.0146923284],[3162184.1801174404,3618667.8240741305],[3162180.2991587706,3618670.4142503203],[3162171.2305590753,3618670.5500163017],[3162161.076873646,3618669.567508792],[3162150.621100083,3618670.463734163],[3162144.6361523876,3618676.388442045],[3162141.9887872934,3618681.4442716306],[3162140.0837528114,3618686.3209631094],[3162133.391279773,3618687.243459218],[3162119.6318908995,3618687.591371879],[3162107.1235938305,3618683.6346933255],[3162096.924483698,3618677.884096866],[3162086.3174087843,3618677.4223142285],[3162076.999891854,3618680.4162560515],[3162068.0471042413,3618687.888607595],[3162065.1841754923,3618694.408454915],[3162066.971110726,3618705.899172509],[3162069.48659321,3618715.6094281585],[3162068.156665841,3618721.9317383026],[3162061.4427589094,3618725.0419937107],[3162048.5265920986,3618726.3742743134],[3162029.4951976677,3618725.4906229908],[3162008.465597093,3618725.3051319635],[3161986.3586001606,3618719.43893146],[3161965.5122322813,3618709.254111667],[3161951.5268683634,3618701.093634735],[3161944.5759250093,3618699.496566874],[3161938.7363620414,3618701.389433503],[3161935.5342416167,3618706.5995223317],[3161931.0299505093,3618716.7163009997],[3161927.563811497,3618746.886931869],[3161927.9087529415,3618762.7430314147],[3161923.3210194646,3618773.2853896525],[3161917.7566174427,3618780.0838531866],[3161903.9586988892,3618786.423093141],[3161889.7295307415,3618791.0720417863],[3161882.72063686,3618793.0691875657],[3161877.3207632117,3618792.06665449],[3161867.4009394003,3618784.3512430857],[3161858.6046417737,3618779.0373386065],[3161853.810658627,3618776.2973652217],[3161831.3467856655,3618774.911007763],[3161822.6781072677,3618788.9729548614],[3161813.3453712333,3618794.7193542235],[3161795.334214893,3618799.347480859],[3161776.3910073377,3618801.9521942316],[3161758.3989505637,3618803.481265697],[3161734.3560580737,3618800.619164168],[3161715.9307266576,3618797.3296204857],[3161706.527302664,3618802.8288790532],[3161700.4005282866,3618819.4246375626],[3161695.9957770775,3618834.7465764834],[3161691.1581628174,3618876.770149477],[3161708.930676488,3618929.4362059156],[3161711.8985740435,3618959.201050627],[3161715.0306442985,3618974.4335044483],[3161719.2828367595,3618991.6411099033],[3161718.9311772604,3619003.6700292523],[3161714.079536809,3619013.345435082],[3161704.3392474167,3619023.861559361],[3161688.254990387,3619033.5488167414],[3161673.044708437,3619048.9808284333],[3161667.445550546,3619069.955731017],[3161668.509584945,3619094.563975293],[3161669.9776329314,3619115.9855986536],[3161662.7403291375,3619136.157701251],[3161651.160941357,3619154.559311506],[3161646.1667463947,3619169.201709804],[3161649.053170368,3619188.203626981],[3161636.7439108714,3619205.361220193],[3161629.320687648,3619212.488003093],[3161620.3850560454,3619221.0773234703],[3161603.199266915,3619231.25610233],[3161589.264250082,3619239.768076719],[3161574.7186914366,3619254.614226045],[3161556.754994259,3619258.6197186187],[3161536.3802670105,3619266.7319848402],[3161518.598056348,3619279.3275387725],[3161505.9827570673,3619290.5834416677],[3161481.723097654,3619293.9446538365],[3161472.082776581,3619290.661280158],[3161465.7881239196,3619280.560007723],[3161463.66510827,3619269.998297396],[3161457.4121723813,3619254.5404006564],[3161450.137239958,3619247.7739720936],[3161440.9775661877,3619239.228997158],[3161431.480866067,3619235.7009146474],[3161418.674160895,3619228.093515071],[3161405.872256452,3619229.941286777],[3161388.3048827276,3619235.115624817],[3161372.142018221,3619241.8918281463],[3161350.304951354,3619244.5962029654],[3161325.9398848983,3619246.4957859535],[3161313.5744566666,3619252.2959192344],[3161303.72652838,3619265.5890061315],[3161292.7244507438,3619278.8902117684],[3161281.061542234,3619280.722642195],[3161265.858062131,3619281.144604669],[3161251.4411390806,3619279.032012572],[3161241.1997976215,3619274.1023426536],[3161230.964701377,3619269.171083018],[3161223.722181828,3619271.3219349477],[3161209.266715984,3619279.114634367],[3161188.055027896,3619289.7992523806],[3161175.212637063,3619289.325745964],[3161158.7566424194,3619287.160416532],[3161150.308785896,3619291.364847119],[3161145.2584824744,3619301.9699180806],[3161147.4506537383,3619310.424005774],[3161158.1798173385,3619317.2602226236],[3161172.062880474,3619326.20672506],[3161182.724032181,3619339.4571922296],[3161199.483312034,3619358.4138969923],[3161210.4980235444,3619373.0283281296],[3161212.540772551,3619386.4742509383],[3161222.412477378,3619402.2485707947],[3161229.927426247,3619420.0952807097],[3161230.1788553493,3619431.0921037714],[3161221.5320126736,3619435.636303023],[3161204.0907631586,3619436.3453500723],[3161189.0896633156,3619430.8962524077],[3161171.5001033884,3619424.3577310527],[3161160.3141343016,3619412.408461183],[3161149.0371391037,3619405.7016173294],[3161140.216808983,3619406.226219557],[3161131.0440446315,3619418.7689913623],[3161130.2049679374,3619436.720175542],[3161116.2378044752,3619458.636194677],[3161109.8115885397,3619473.9598206365],[3161108.5745670646,3619485.916825162],[3161114.8105770545,3619497.6955908737],[3161126.718088537,3619513.535118038],[3161147.9459715826,3619530.7535795793],[3161165.1393831666,3619532.4403467397],[3161179.547941507,3619533.388432651],[3161202.8686197773,3619536.4094318827],[3161216.984729119,3619541.7973858668],[3161229.070832148,3619541.5992910536],[3161249.9746858138,3619534.1920171166],[3161269.8261602065,3619529.376278751],[3161288.541309813,3619533.5818900615],[3161296.619223779,3619540.222410282],[3161306.305995778,3619550.825351965],[3161310.038925734,3619564.113791623],[3161309.5712882504,3619577.904965292],[3161303.8471459006,3619589.260490901],[3161291.3575540404,3619603.521796857],[3161277.9564797124,3619614.2418489503],[3161267.5929560354,3619630.0003053644],[3161264.361175469,3619658.750613256],[3161265.6939155757,3619696.2109991126],[3161272.430010951,3619724.430391993],[3161273.1168860067,3619738.2134369584],[3161265.084998867,3619749.5852179574],[3161249.3622297323,3619759.159008119],[3161228.4200205,3619763.089426987],[3161213.133687973,3619762.0784587916],[3161192.911312077,3619756.517439523],[3161177.1026527286,3619751.2763102287],[3161162.174989786,3619752.7827717736],[3161150.22103516,3619759.0553343967],[3161139.482742001,3619771.123433275],[3161138.5041346056,3619788.5332984524],[3161141.3734502,3619802.9213877264],[3161144.6462896257,3619817.7830299493],[3161160.125772834,3619830.671655453],[3161167.414752676,3619833.1617405936],[3161188.544400816,3619834.413325488],[3161207.0403459813,3619836.642495927],[3161225.083093879,3619848.2832212704],[3161232.989012786,3619864.2858099635],[3161242.357934298,3619883.6878894623],[3161243.0757962875,3619894.2646368444],[3161240.6885914076,3619906.217204883],[3161229.405579482,3619918.425245977],[3161213.355305303,3619928.9495815365],[3161187.070122412,3619941.2401308995],[3161156.901182238,3619953.063274977],[3161139.7112375656,3619964.758588506],[3161129.5827063583,3619976.958742903],[3161127.697924679,3619991.9806765425],[3161127.928303114,3620000.650669114],[3161133.7121703215,3620008.469691967],[3161152.967691371,3620019.2208026806],[3161170.7917912784,3620028.885232404],[3161182.912304065,3620045.547372154],[3161188.5075657684,3620061.555275683],[3161195.4623448187,3620077.2135384344],[3161195.0123462873,3620086.6358199995],[3161186.9737659893,3620096.843547616],[3161171.951481896,3620095.765106888],[3161149.8681223374,3620100.8558319444],[3161129.5681085596,3620100.5575862583],[3161104.5647347467,3620098.8480455163],[3161093.1844420834,3620095.0895747384],[3161086.097891808,3620098.944485115],[3161081.7145889364,3620108.789638692],[3161078.606013713,3620123.5491246916],[3161073.04110558,3620136.619534749],[3161064.0196561827,3620144.170617594],[3161048.4952095505,3620153.3944100654],[3161035.2288139565,3620170.189436817],[3161014.619875107,3620193.226355505],[3160999.503538669,3620208.4536451586],[3160986.1466615805,3620210.4461462563],[3160971.2009901702,3620209.6373840347],[3160951.370277444,3620215.604675346],[3160934.9758571093,3620225.9303324833],[3160927.3255619695,3620240.9809034877],[3160932.0230028443,3620255.7648195727],[3160940.800525774,3620270.665361046],[3160953.0092201773,3620282.0736647286],[3160967.4384987033,3620298.7187879058],[3160973.074622351,3620318.203263158],[3160980.0496868016,3620336.177075221],[3160992.0242982237,3620345.6018500137],[3161007.3043600144,3620358.8296981147],[3161015.778647263,3620370.32115781],[3161014.7682623398,3620384.252458121],[3161007.030505007,3620391.184959126],[3160996.081361266,3620402.4307289645],[3160984.9410859384,3620415.1806079145],[3160978.2934272517,3620428.5299128043],[3160973.3756761197,3620451.8956391807],[3160972.1197745535,3620488.267934333],[3160968.676408355,3620516.2080159015],[3160968.3018977144,3620545.9566669427],[3160973.7312796568,3620571.3139464785],[3160970.882806075,3620591.5263001816],[3160967.5179723185,3620614.2039794186],[3160968.6687223534,3620646.481646261],[3160969.829887847,3620659.842865365],[3160962.281534407,3620678.65482636],[3160956.7494229935,3620695.192967265],[3160954.000210261,3620718.0010290993],[3160946.1604366936,3620734.555582011],[3160931.8873469727,3620758.585001747],[3160926.1449369136,3620774.311347898],[3160926.648609524,3620790.7516063172],[3160929.2218362805,3620802.8835489503],[3160925.2672010357,3620814.3741036532],[3160918.528281105,3620825.1261273283],[3160912.0807641307,3620831.7733087507],[3160909.081102276,3620834.866041815],[3160904.6187672187,3620839.4551725155],[3160900.3844660763,3620856.5371885556],[3160899.139926497,3620874.016202113],[3160892.963432578,3620893.630246662],[3160882.3942580875,3620921.9378611427],[3160883.5784874586,3620937.625738215],[3160893.3817767715,3620959.825401273],[3160901.328543015,3620992.664115557],[3160901.5183695797,3621023.4457568363],[3160906.0049839346,3621050.7777656387],[3160907.2015214143,3621074.31445223],[3160901.078221186,3621105.2541109053],[3160874.8402040764,3621219.0121341413],[3160849.7092813975,3621321.4238845375],[3160821.5139005827,3621403.112600541],[3160797.4098811084,3621448.2760151285],[3160758.07810612,3621503.75605162],[3160713.520921403,3621559.1267301203],[3160684.6007640557,3621584.5957852285],[3160665.502464599,3621607.825637426],[3160662.008883955,3621624.4292165427],[3160659.693638646,3621646.8842172166],[3160665.7822279534,3621680.1436717235],[3160669.7471946124,3621713.0721675847],[3160670.773610849,3621721.6070160912],[3160673.018478106,3621780.3362152185],[3160671.4238276733,3621809.8113300377],[3160660.747945648,3621833.2061043656],[3160655.7628379986,3621862.97668103],[3160659.5684601795,3621888.7522693356],[3160670.4052067054,3621906.020438021],[3160680.567922398,3621929.5706716063],[3160680.2311408557,3621949.4264408066],[3160677.236507419,3621967.9225230548],[3160670.9366762117,3622001.530466843],[3160667.899999022,3622028.767238883],[3160664.7574773603,3622045.534705017],[3160660.640078085,3622067.5531728016],[3160657.582657598,3622099.160274717],[3160654.930636101,3622147.6377491867],[3160646.1763162045,3622187.097281989],[3160638.197111189,3622212.996953944],[3160629.890272611,3622221.9138867566],[3160621.22591498,3622219.213763092],[3160605.510003994,3622221.620129824],[3160591.952283864,3622228.401683679],[3160584.8398104934,3622236.8495655684],[3160576.2601120556,3622264.705501647],[3160571.2662510676,3622300.529844649],[3160566.2212440977,3622342.510690823],[3160554.3060305957,3622383.373631236],[3160554.0328124817,3622402.3357624523],[3160560.4520081226,3622419.2860576967],[3160556.689073842,3622441.4793317034],[3160554.067805405,3622456.981321183],[3160558.7866380736,3622472.914432226],[3160553.8348186393,3622492.792566193],[3160544.8451848435,3622516.054568975],[3160506.2762300167,3622564.3469555606],[3160475.146829037,3622597.9409150486],[3160461.117400885,3622631.785415766],[3160461.5095830103,3622662.2049046727],[3160450.7742277193,3622686.482775349],[3160434.7577327522,3622699.3258893993],[3160415.1083757887,3622721.5344864796],[3160392.066728469,3622741.406596363],[3160372.4942469597,3622750.974001852],[3160361.1344490456,3622765.4127629236],[3160338.355657323,3622833.406501128],[3160359.917619607,3622947.8347047768],[3160365.6934250584,3622985.805947958],[3160358.5381183475,3623016.4260283425],[3160349.429674924,3623044.258095016],[3160354.4744993476,3623076.251117466],[3160360.416798722,3623102.2621599864],[3160364.693605262,3623129.7299402296],[3160359.6181026474,3623153.4400571925],[3160344.668796666,3623164.288607754],[3160331.237584803,3623177.8179310635],[3160324.238304674,3623201.1922530625],[3160320.2674031733,3623224.421682752],[3160316.5514617767,3623244.6984878397],[3160297.992732413,3623263.659866222],[3160279.147984918,3623273.653012934],[3160264.176252457,3623282.8448762377],[3160246.55268793,3623290.4680809104],[3160217.988590719,3623297.630154371],[3160197.9359631683,3623306.907110201],[3160179.3474523406,3623318.682438966],[3160166.8228368857,3623336.49424377],[3160170.752380356,3623353.9818236227],[3160172.2821838954,3623375.5751492586],[3160168.792911184,3623399.0851401095],[3160150.354298248,3623420.072101489],[3160137.1199375656,3623438.2863985207],[3160111.586691763,3623460.2700309586],[3160095.66092262,3623469.7200736348],[3160085.706889647,3623484.826014237],[3160084.836059593,3623508.5392618137],[3160089.5259344717,3623536.455246038],[3160082.2978567937,3623565.2363199955],[3160064.265538621,3623601.1203439594],[3160048.9502507676,3623640.415582212],[3160050.5453234855,3623667.7548439577],[3160061.404551428,3623691.471312533],[3160072.099204231,3623717.6899524205],[3160059.782568495,3623759.088151883],[3160047.561027432,3623791.4197250595],[3160022.4466466974,3623820.502817004],[3160002.218071608,3623843.996485257],[3159985.9618134834,3623845.1023336174],[3159959.6030626222,3623852.1029787245],[3159936.831727258,3623866.6095269066],[3159925.3256925275,3623893.826273126],[3159935.9200754836,3623919.654898417],[3159936.987647769,3623935.478120927],[3159937.8592537018,3623948.337738623],[3159926.1416737465,3623960.6078146733],[3159887.282034142,3623978.429701398],[3159865.149593595,3623994.619942778],[3159863.246698328,3624009.291811367],[3159860.910040631,3624032.4942658255],[3159844.9087247383,3624045.8572358415],[3159839.1417764886,3624050.623400524],[3159824.2847511773,3624078.8430788405],[3159822.4773076884,3624089.6678986675],[3159824.077054891,3624101.1388960676],[3159829.0394180114,3624116.270149939],[3159829.009193723,3624127.2258584797],[3159824.635715549,3624138.01919539],[3159814.414031039,3624168.601180887],[3159810.0529898657,3624205.8488895013],[3159807.0723972335,3624218.916306061],[3159799.8916234616,3624238.92148799],[3159790.700135239,3624261.338966295],[3159788.225760537,3624282.9026736743],[3159788.336725654,3624290.7270507407],[3159789.867812315,3624335.2214177633],[3159790.0161696994,3624372.727396712],[3159774.6730893278,3624400.507199023],[3159323.220567391,3625088.1438524006],[3159258.491963983,3625186.7459781165],[3158946.287231857,3625662.43043157],[3158698.418390645,3626051.985855278],[3158021.73136334,3627115.8138824394],[3157774.2341832095,3627505.0413061585],[3156806.9874629965,3629022.0680653085],[3156757.1278187493,3629237.5064848335],[3156879.0177083863,3629358.3083519633],[3157089.2086673253,3629362.9285293026],[3157139.2298195977,3629376.613587974],[3157151.017773059,3629382.0427495427],[3157170.9860791047,3629412.882838843],[3157188.0457494464,3629429.689525422],[3157196.9675859762,3629428.6636519623],[3157247.989578746,3629401.464242978],[3157261.873522369,3629401.3727564635],[3157280.2811560854,3629369.107149219],[3157303.5541174803,3629353.591792169],[3157314.4497991614,3629357.265282548],[3157341.9553651623,3629354.1588629875],[3157380.6039427035,3629346.1604891513],[3157400.635121203,3629342.977786139],[3157424.6379527757,3629339.772895828],[3157452.1074995166,3629323.4849243723],[3157456.043028231,3629321.1502139647],[3157491.169537793,3629311.0604749657],[3157495.1627643104,3629303.5243793614],[3157500.270266312,3629281.2033244334],[3157523.3942328636,3629263.2213193723],[3157533.975889908,3629259.9880498745],[3157541.174002126,3629266.6282080943],[3157537.9409088097,3629277.2828426966],[3157559.9122071424,3629302.2807764327],[3157581.1538565587,3629332.2842878522],[3157595.2784330174,3629342.63161109],[3157606.048082186,3629364.8548150174],[3157631.725747414,3629385.2095913477],[3157656.183660253,3629400.8897774145],[3157671.849208537,3629413.33378723],[3157688.4634764073,3629437.0374167995],[3157701.015560209,3629452.7931773765],[3157719.7404334946,3629467.449452036],[3157731.8247321653,3629492.8212187206],[3157727.6312217726,3629503.400608836],[3157751.602274524,3629507.702047066],[3157756.271820069,3629527.494482915],[3157760.3791202074,3629539.427395711],[3157769.0714505054,3629534.6846989268],[3157781.4673097767,3629526.9744923944],[3157856.893725815,3629530.4814024116],[3157906.4446343896,3629556.66602477],[3157915.0857899534,3629577.0025038584],[3157920.430045479,3629589.585903803],[3157922.3249510415,3629617.546075783],[3157910.1215902637,3629631.697829166],[3157897.768855783,3629652.899730119],[3157897.987654765,3629691.827869799],[3157915.4536802797,3629728.3180109803],[3157943.077881757,3629753.5877506156],[3157989.571816899,3629780.1355262445],[3158019.5836242572,3629792.3824808486],[3158078.9807169847,3629803.0159738814],[3158136.2267661784,3629809.216219621],[3158146.2575367177,3629828.6160049103],[3158169.6619685683,3629834.567053332],[3158183.47420613,3629837.996309615],[3158186.49677955,3629857.2094908743],[3158186.236949199,3629875.2729007294],[3158191.7980596786,3629893.806752679],[3158093.5576816937,3630091.197594825],[3158000.747501502,3630182.582930028],[3157970.4814866474,3630202.0408718246],[3157938.639322782,3630232.233354688],[3157918.338964928,3630272.471217616],[3157883.6717226445,3630320.6523567676],[3157741.7677973793,3630456.103985421],[3157614.010422497,3630564.130197486],[3157566.314396262,3630606.594814634],[3157409.114350779,3630738.106595607],[3157390.01711205,3630752.4855379798],[3157355.91241761,3630778.175523511],[3157330.259812382,3630797.497076595],[3157283.677912743,3630843.547659865],[3157223.022225192,3630896.175316291],[3157218.8629768835,3630899.7930921013],[3157209.4060467104,3630913.2724549714],[3157201.0275511397,3630928.1477683852],[3157193.6284026504,3630937.294101881],[3157185.3859170643,3630947.7330347598],[3157165.5700897714,3630962.599698444],[3157144.7340055536,3630980.814887287],[3157137.63026426,3630986.5695327837],[3157110.019878229,3631005.4639431746],[3157097.514453063,3631014.0376545484],[3157085.808174663,3631017.726047973],[3157058.482051897,3631025.5729749342],[3157050.699192512,3631027.8069689143],[3157022.73356516,3631050.040119535],[3157017.338806021,3631086.4274391932],[3157012.977370019,3631092.1309853722],[3156987.298014206,3631118.185584074],[3156946.1249339813,3631159.9650314916],[3156882.0532427495,3631220.5076073576],[3156841.46721349,3631283.912356925],[3156813.3037984325,3631347.185862512],[3156797.951464848,3631412.3527786974],[3156796.2321843654,3631576.966463078],[3156818.780358217,3631626.6826705816],[3156857.4455560334,3631679.642253921],[3156885.2924856814,3631725.4103929945],[3156887.297043967,3631755.885926279],[3156868.535134743,3631809.1361803766],[3156725.835229626,3631855.2031892915],[3156606.1018905276,3631893.8597832723],[3156593.8477800735,3631895.0350159965],[3156573.8772557946,3631902.5988032194],[3156566.7180489004,3631905.1462326525],[3156561.097167112,3631907.121947963],[3156553.995387396,3631909.608316555],[3156516.7941080527,3631922.328529057],[3156505.2733202903,3631924.9314240995],[3156497.6276096036,3631927.940017333],[3156489.126399803,3631931.274195499],[3156474.5666456735,3631934.8838492585],[3156462.7524931906,3631938.4061895115],[3156439.0627967673,3631945.5477442774],[3156428.456232299,3631949.3003439913],[3156420.685828539,3631950.5045269495],[3156452.5517074736,3631969.6180293807],[3156476.241011261,3631985.038739373],[3156505.751387773,3632003.8961885357],[3156634.9479165436,3632053.1020089095],[3156650.0762618873,3632069.1810435057],[3156706.7644336578,3632136.9603174753],[3156722.1253959024,3632166.1836166135],[3156745.566825672,3632162.896713391],[3156769.076667088,3632165.6918741437],[3156780.068885715,3632166.1491082516],[3156839.2941571665,3632167.3198247096],[3156899.2359857718,3632166.792361027],[3157073.1611794,3632169.237401847],[3157131.830076454,3632179.0350055965],[3157154.563787614,3632188.132417643],[3157189.362640584,3632192.119428259],[3157275.689419979,3632193.7650041105],[3157297.0560975755,3632205.21537067],[3157340.519096351,3632211.962593605],[3157407.294167189,3632197.6700688684],[3157749.0473479712,3632132.4211156555],[3157897.9048108505,3632100.698164412],[3158053.165952855,3632070.0269360193],[3158108.3721899884,3632064.15570794],[3158196.9065627446,3632054.2736425158],[3158244.7860387443,3632050.946039401],[3158273.3839547057,3632048.1816208363],[3158386.6773446165,3632037.2365050344],[3158434.919477905,3632020.3484588037],[3158637.786485525,3631949.318893855],[3158887.9370406005,3631863.825091262],[3158950.2629264374,3631842.552161905],[3159012.3396111447,3631825.5144233084],[3159240.0605551787,3631750.668051663],[3159311.306597038,3631724.0580805424],[3159413.661724958,3631685.334863594],[3159620.877158529,3631611.811783153],[3159690.0496234787,3631590.699371102],[3159725.9518218394,3631580.67576195],[3159905.5443009087,3631538.2914468576],[3160238.716154487,3631454.301543897],[3160368.7498778114,3631419.0025575603],[3160467.614297956,3631397.688759333],[3160480.2400525184,3631417.66779977],[3160515.812506454,3631429.6802233076],[3160549.391359884,3631441.029322892],[3160570.771487711,3631454.4989176774],[3160599.8219833625,3631476.4759851857],[3160637.0425928356,3631487.8558668457],[3160655.4279327122,3631484.116082819],[3160695.495424019,3631479.770550857],[3160698.7976575135,3631503.899787938],[3160691.292459592,3631520.8161373134],[3160678.493029462,3631544.111202087],[3160667.6302008852,3631563.3955465467],[3160651.553843939,3631585.526825899],[3160648.781168821,3631614.827317144],[3160648.308964141,3631619.799960652],[3160648.1142049194,3631621.8944803746],[3160640.282311775,3631650.8952866704],[3160629.3871563245,3631677.6838451056],[3160630.222818623,3631699.943517366],[3160620.8341243314,3631715.3597835097],[3160607.622657149,3631733.2525927164],[3160606.776875071,3631740.4006000413],[3160603.9009633195,3631764.6923545334],[3160593.62578673,3631784.3336958834],[3160586.1879494204,3631807.2389272414],[3160577.167443616,3631845.0358606107],[3160578.447147886,3631865.1829704046],[3160579.74872257,3631887.334068044],[3160579.7778472337,3631893.6672739103],[3160579.827053929,3631904.7883767523],[3160591.685312579,3631921.720028196],[3160616.3784947805,3631919.3428193787],[3160637.277069928,3631921.4446245967],[3160651.6295021176,3631932.7201198954],[3160653.36276502,3631941.269873388],[3160647.2021185495,3631953.8435170334],[3160634.3507559905,3631982.638744777],[3160629.6738651763,3632012.327100662],[3160638.7377982056,3632050.942479559],[3160652.32684233,3632082.3032882335],[3160702.445285068,3632095.446780401],[3160730.5358762424,3632125.166959051],[3160744.7044754997,3632154.761321536],[3160764.535266434,3632171.8414801112],[3160949.1822269447,3632135.6830108613],[3160988.404294992,3632118.5634709275],[3161027.857529811,3632111.883020345],[3161076.4568608413,3632088.8569769035],[3161116.244262059,3632070.0914860265],[3161226.335696987,3632030.787276391],[3161239.749916212,3632028.042882044],[3161263.3887300547,3632022.6725207185],[3161279.4263665257,3632017.63463772],[3161290.3529873383,3632014.2732462343],[3161302.3125132546,3632012.805125865],[3161323.165372883,3632012.7156305704],[3161349.9422012498,3632007.5410785046],[3161359.937476498,3632010.8991181185],[3161366.257103923,3632018.0925224195],[3161377.6759524243,3632048.6163240764],[3161384.2723702053,3632075.879880742],[3161389.932362828,3632089.0179579416],[3161394.6540348297,3632096.6812841156],[3161410.9823246133,3632096.3732303493],[3161416.517699504,3632095.661519841],[3161430.4162275447,3632094.7791473065],[3161455.597373662,3632085.0390259023],[3161485.9440649212,3632071.0911019915],[3161513.7785428083,3632061.2213824876],[3161543.223115978,3632048.5459877793],[3161585.241994189,3632034.152479545],[3161598.629352281,3632029.2564322515],[3161615.4134214222,3632027.0877278815],[3161656.5071972813,3632023.512276649],[3161704.7591194203,3632022.9765256704],[3161720.9266778,3632022.999774461],[3161730.926146934,3632023.019819217],[3161737.6295285355,3632022.492391419],[3161742.4563027476,3632023.234179738],[3161746.53409674,3632023.7879891233],[3161781.6789590036,3631989.7921951134],[3161828.775474199,3631943.9960525297],[3161844.1516427533,3631962.528520141],[3161869.5185146024,3631951.680689269],[3161883.1011165325,3631945.6381373885],[3161892.147256719,3631942.5321416818],[3161902.501125087,3631939.019726773],[3161916.676346528,3631934.383576745],[3161962.405225775,3631920.434953578],[3161991.5692719743,3631870.4640823104],[3162084.925379021,3631821.2811389617],[3162127.6082188087,3631834.785141241],[3162079.94271965,3631973.954961698],[3162047.8372024996,3632067.3324384983],[3162039.2211130224,3632096.6927414937],[3162030.365769181,3632118.469614102],[3162026.0083754165,3632129.1667223074],[3162017.7202478703,3632149.0997935957],[3162005.9497391507,3632181.3753674263],[3161991.763765465,3632198.8563274643],[3161978.696846232,3632204.0844527693],[3161947.9946218985,3632216.3538336693],[3161915.317422757,3632224.5940242335],[3161864.4211313883,3632230.9954612427],[3161845.4436684037,3632247.841615117],[3161846.011560728,3632267.0624566954],[3161909.9858421683,3632375.362942356],[3162010.5360405887,3632438.5363702457],[3162029.204798484,3632460.273606655],[3162032.3203606997,3632469.737127815],[3162031.5688016303,3632475.5089027705],[3162028.926023027,3632492.485445959],[3161972.786711353,3632560.6843756954],[3161923.1467484944,3632639.404159676],[3161888.42616281,3632733.102412898],[3161897.9345063386,3632795.7166462345],[3161969.4240770796,3632787.526012417],[3161976.275827787,3632786.625428639],[3161990.8712717067,3632782.18061372],[3162043.721661101,3632793.048425655],[3162157.8927839184,3632822.0832657223],[3162259.1184769,3632840.749470745],[3162275.47417851,3632848.5552044343],[3162303.795610138,3632852.9299452705],[3162336.6333729327,3632855.0897187255],[3162434.0984972436,3632862.3601858676],[3162529.0425592307,3632870.03979207],[3162540.896025516,3632887.8065344174],[3162574.167196609,3632935.9457174167],[3162605.7976776315,3632939.2613126705],[3162644.2199091082,3632944.6261838013],[3162679.7099843957,3632945.6888069487],[3162728.300479315,3632937.613184025],[3162791.774090415,3632924.7676169793],[3162816.6164604984,3632914.2090034047],[3162851.319968574,3632899.2273367937],[3162891.444862702,3632885.6899950574],[3162923.3397338837,3632874.6199206887],[3162957.049036443,3632863.914102728],[3162975.7946139863,3632846.3124165577],[3163029.1659524576,3632814.2474390026],[3163100.3604092174,3632789.9483667756],[3163105.149199345,3632818.3930793614],[3163109.445844951,3632874.1716279024],[3163111.823951944,3632906.3668626226],[3163109.3894283883,3632916.948382487],[3163107.258268797,3632926.3893438657],[3163140.0203180546,3632930.860369718],[3163151.6922463155,3632924.019768333],[3163171.628471477,3632927.406692042],[3163213.8593790904,3632926.921656723],[3163229.3792878957,3632918.39723261],[3163233.8898407826,3632904.186273529],[3163255.2938599857,3632898.9387387517],[3163281.5526833846,3632894.0344851264],[3163307.242745598,3632882.890920536],[3163327.6484702174,3632865.6486321813],[3163345.685721549,3632848.473728875],[3163360.353186309,3632835.6426930553],[3163376.8758220086,3632827.923076759],[3163368.1812967025,3632817.910066986],[3163355.5369912134,3632804.9072171575],[3163352.572104354,3632789.4230525643],[3163359.257008445,3632769.3173256237],[3163347.1846721675,3632751.38637339],[3163375.2368049487,3632745.2242677384],[3163428.835619864,3632726.363135871],[3163486.784410741,3632706.9022274525],[3163557.1432869756,3632684.258220575],[3163687.8643983034,3632635.150298973],[3163773.699476546,3632605.858237629],[3163856.311695624,3632577.397654089],[3163935.871187673,3632548.3966165446],[3164015.178711627,3632519.4505039183],[3164050.4909099434,3632505.5700278],[3164059.8155827047,3632504.77523591],[3164063.0920729917,3632509.255254335],[3164071.7173267803,3632512.9014149853],[3164098.398399121,3632506.5659466665],[3164132.920161492,3632494.7486988055],[3164147.716779964,3632488.539031609],[3164183.937383621,3632478.155680733],[3164204.5349690104,3632478.986759392],[3164227.8391274363,3632483.105203385],[3164252.1866347995,3632485.1077393005],[3164275.1005165754,3632475.4818804357],[3164290.9379089344,3632467.14584767],[3164315.585287828,3632463.194118313],[3164334.2110072556,3632465.5954636075],[3164371.018515424,3632469.7158323],[3164400.139104491,3632464.6136323046],[3164426.731499597,3632462.0442351336],[3164441.81416135,3632452.829104887],[3164473.9934447776,3632449.342242249],[3164513.0574636655,3632455.0193490237],[3164545.169656657,3632450.22234442],[3164574.0308211884,3632450.257097276],[3164588.3132449286,3632448.176486104],[3164605.1357941153,3632438.525952113],[3164622.0551238125,3632427.2455969206],[3164651.4755965555,3632421.2712148814],[3164668.794232468,3632417.613159356],[3164690.9831054574,3632427.632423083],[3164712.564610361,3632433.258568655],[3164746.755640612,3632437.5236421376],[3164778.605326294,3632437.8532803725],[3164816.7759011462,3632441.0952925934],[3164832.580026107,3632441.8225074816],[3164843.550640128,3632438.204296577],[3164855.9171727234,3632436.8828393538],[3164880.146990725,3632434.3809966957],[3164889.4020986506,3632427.2089634887],[3164901.7538384106,3632424.8291530213],[3164920.790778579,3632424.7368328627],[3164926.731387295,3632416.015583527],[3164929.7365906425,3632406.1786805033],[3164953.71431762,3632402.6798126064],[3164981.3020320693,3632405.9774021413],[3165014.489424289,3632403.297424196],[3165030.327825917,3632394.964037586],[3165045.916369674,3632386.6949683847],[3165060.289604777,3632386.994201592],[3165070.904583936,3632385.061462546],[3165087.9586785967,3632380.4108036887],[3165102.5086921053,3632379.336871242],[3165120.178841673,3632380.11642058],[3165143.3570627333,3632377.6208539973],[3165166.6695494857,3632376.6958371284],[3165183.7401189017,3632379.2231806037],[3165199.9646064127,3632378.515738008],[3165215.952444538,3632360.5611778023],[3165246.580526824,3632344.962421937],[3165268.9912584755,3632334.3976739203],[3165291.8922122885,3632323.7185836397],[3165318.0318333297,3632313.2693282957],[3165331.545667923,3632308.2019612365],[3165353.829725955,3632298.201414937],[3165371.157052399,3632291.9576022304],[3165491.234801688,3632251.2783187637],[3165524.4149888596,3632367.0329047344],[3165515.5986928735,3632416.719047191],[3165634.32559877,3632686.6569945714],[3165813.925233471,3633088.6018687184],[3166169.8988284264,3633829.496646295],[3166195.253195496,3633835.681752423],[3166192.2110452247,3633842.317328078],[3166190.161968341,3633848.697712277],[3166189.151763535,3633859.083153431],[3166188.0293951994,3633871.090770318],[3166189.3951033554,3633883.2903201515],[3166180.9056722703,3633892.399542793],[3166176.0242295256,3633901.112714547],[3166169.5526963454,3633912.890113584],[3166161.4270800385,3633926.43195283],[3166153.790377586,3633933.7172275744],[3166144.408938483,3633940.38867046],[3166144.3444343302,3633952.3900495204],[3166135.471204563,3633959.993157682],[3166131.0012145205,3633967.2613454442],[3166122.0533117624,3633979.686852845],[3166114.014065706,3633989.4772805045],[3166113.8306623353,3633995.9094000407],[3166106.9140986055,3634000.88525395],[3166103.1076475773,3634011.712352708],[3166104.096493989,3634047.135656991],[3166105.447077385,3634051.3146169037],[3166109.3615212813,3634057.2362311557],[3166102.0395940216,3634064.706351749],[3166094.222717843,3634083.595801172],[3166077.5641362024,3634126.487592504],[3166068.3822378335,3634170.644600616],[3166056.859214884,3634198.6384139303],[3166054.2469967715,3634222.205894298],[3166059.2843966493,3634240.620443523],[3166067.466731688,3634268.0755319754],[3166083.3380285315,3634287.423302073],[3166096.012481737,3634292.421113982],[3166114.011696725,3634301.638696249],[3166133.2834619954,3634307.596536926],[3166166.455408413,3634311.0556848636],[3166186.5391550697,3634311.9787504436],[3166212.725154805,3634318.064966321],[3166226.653455725,3634323.8146052533],[3166242.752323896,3634329.7915784437],[3166250.1208406566,3634338.8089262526],[3166253.174860449,3634346.498864977],[3166256.070881917,3634360.7182948464],[3166254.6795536084,3634370.659093478],[3166250.360689648,3634374.424625863],[3166242.8370578354,3634380.0875737043],[3166241.191001401,3634390.0476706834],[3166233.4893192723,3634403.215176087],[3166233.821105551,3634422.827532947],[3166231.17072473,3634443.217878945],[3166229.4480055766,3634469.212151864],[3166241.595484171,3634497.7033733996],[3166285.149921572,3634568.9718323303],[3166314.740419524,3634588.3156021363],[3166336.3329883376,3634602.4293445125],[3166545.902299774,3634798.7190047232],[3166575.379280501,3634833.991654985],[3166580.74166384,3634867.6325845458],[3166579.704682751,3634886.718928837],[3166602.158467101,3634915.58709534],[3166645.8630340537,3634934.0994613827],[3166663.7276027016,3634978.4523233077],[3166680.2635845058,3634996.0367944357],[3166701.780389255,3635002.5506124888],[3166721.2367984094,3635005.4604761414],[3166749.373393503,3635005.7592063523],[3166774.7606820893,3635012.79138208],[3166795.8876838633,3635032.2100273934],[3166811.0787066477,3635056.1672315393],[3166819.830996273,3635078.3841971625],[3166828.803269621,3635112.9794872813],[3166842.759872011,3635136.491825774],[3166860.261826707,3635146.300577658],[3166872.447164463,3635160.1077063023],[3166878.1222019903,3635173.3359781764],[3166887.064521446,3635187.606818525],[3166896.0904025044,3635202.2256610603],[3166897.479770827,3635217.6749026864],[3166911.6186960554,3635224.583806623],[3166937.737375313,3635234.4420059165],[3166970.672969541,3635257.5931893983],[3166986.459459806,3635270.8563482994],[3167006.496498906,3635287.541994543],[3167013.603168376,3635303.415966261],[3167018.3945666733,3635324.7685466316],[3167033.1730667297,3635334.145801326],[3167036.436437289,3635352.508013147],[3167050.302199005,3635375.6744257677],[3167200.285959819,3635499.2605316737],[3167242.8898453163,3635602.699910271],[3167258.8266382725,3635613.3386677406],[3167266.7690285277,3635632.6695666327],[3167327.179875574,3635649.9311400563],[3167485.9851702033,3635711.9010733566],[3167693.0409089914,3635934.5968159107],[3167706.1802844256,3635966.9443038916],[3167712.802677727,3635992.4909025924],[3167737.8115646928,3636015.533012545],[3167772.0333948974,3636031.787737143],[3167797.8860777104,3636053.8744722083],[3167812.9244760126,3636078.0105981976],[3167854.886870775,3636128.368854679],[3167873.416983214,3636140.548144439],[3167905.266426864,3636151.8939339267],[3167940.1865117117,3636169.436417661],[3167947.718903522,3636199.910078771],[3167951.1088036057,3636228.5032410575],[3167965.613528693,3636243.263266143],[3167977.005381648,3636254.7470270204],[3167983.8155451086,3636262.373354047],[3167990.5441288482,3636270.378531919],[3167996.6812932533,3636274.021365029],[3168003.638110768,3636279.439552024],[3168010.4940548926,3636279.6652016724],[3168022.300790105,3636281.679338505],[3168031.6419280665,3636281.8096264186],[3168042.1173635675,3636285.5971908863],[3168048.2668537074,3636294.836330297],[3168059.885488366,3636307.889856511],[3168067.3187489947,3636318.5889394754],[3168072.786652041,3636326.559917697],[3168082.3908020267,3636331.841180255],[3168092.9278115314,3636333.8119607395],[3168107.060541897,3636341.3596254312],[3168116.19028676,3636345.504300343],[3168123.667169395,3636344.6586143104],[3168128.0975158233,3636341.6394494646],[3168234.8966922224,3636398.4922274137],[3168284.4279304696,3636481.2676821128],[3168283.9800080974,3636489.4295699475],[3168283.5515741343,3636499.1565872454],[3168284.974489441,3636502.566588576],[3168287.0316442586,3636504.647739332],[3168288.560756428,3636506.7720690784],[3168288.8777364893,3636509.0228105388],[3168287.9200211084,3636511.8778258613],[3168287.7928906605,3636516.2167707942],[3168291.6450490966,3636525.3530178736],[3168294.5629634503,3636533.1704845177],[3168294.375837283,3636541.7734169196],[3168311.7540575243,3636635.6767758913],[3168508.0532983285,3636656.768970543],[3168557.825172536,3636680.81240147],[3168603.7433895147,3636707.1728166565],[3168684.4173412994,3636752.6572128944],[3168714.012446409,3636734.7995855194],[3168711.4029740766,3636739.244337807],[3168708.115965822,3636747.2917642808],[3168706.3171408456,3636756.227253167],[3168703.9554101713,3636768.5397440707],[3168704.799069755,3636773.183630022],[3168703.778269089,3636780.2916607033],[3168702.639186632,3636788.330542774],[3168699.9394218316,3636795.8694148473],[3168698.601352601,3636801.084699183],[3168696.6544760833,3636808.0609450783],[3168693.0280072605,3636818.111968066],[3168676.483889977,3636823.188651474],[3168662.998301681,3636835.1116859964],[3168666.552562772,3636843.100690921],[3168673.2794232834,3636852.8269634293],[3168672.7388254767,3636862.2246795413],[3168667.9175819326,3636874.394908496],[3168667.2001279998,3636882.7758888043],[3168663.1200056225,3636888.6602481413],[3168657.3138244683,3636894.9991093017],[3168646.822352753,3636905.88837881],[3168633.924512727,3636916.6101838145],[3168623.8252255693,3636928.0107713956],[3168621.5611835853,3636936.176820698],[3168620.531974258,3636940.296958954],[3168618.119887772,3636949.9210354937],[3168619.7114151064,3636961.1498816614],[3168623.095715035,3636970.152259699],[3168628.1220718464,3636980.765132366],[3168628.919139495,3636984.278042959],[3168633.2821593713,3637003.454318843],[3168636.6805203306,3637014.3349125874],[3168638.3048994993,3637025.382154117],[3168638.1545058563,3637039.136134425],[3168643.5644328776,3637050.45871176],[3168656.156099097,3637057.952459964],[3168677.385819901,3637067.212416807],[3168688.2524503185,3637070.900397231],[3168703.25786294,3637077.4861733853],[3168708.8059327165,3637081.892564484],[3169201.0593301915,3637700.9737388724],[3169362.5718937153,3637904.111686811],[3169415.0765727693,3637975.841751362],[3169828.0829361994,3637700.791915434],[3170249.4600750967,3637419.064783738],[3170962.403285655,3637406.96167356],[3171042.1653336585,3637400.9843047885],[3171130.3207502817,3637408.7076184712],[3171170.8666932536,3637447.8557844306],[3171212.528389464,3637459.695774347],[3171264.979886272,3637466.1989075984],[3171320.1186723514,3637516.6286203195],[3171359.9025045196,3637513.4134718664],[3171394.204053833,3637521.5756273945],[3171418.06470335,3637545.870555319],[3171469.1030280013,3637563.2069424293],[3171524.0926294113,3637585.869241801],[3171535.1016871026,3637562.746529534],[3171546.121288445,3637545.9698189925],[3171559.718666944,3637537.2596890265],[3171577.415537645,3637537.7156049265],[3171587.7084194114,3637548.781991876],[3171674.51218054,3637524.794203016],[3171670.5293705873,3637203.225870011],[3171769.469884374,3637087.833511346],[3171783.6258177487,3637082.8484462346],[3171790.5797077008,3637075.562840285],[3171794.3118017963,3637070.152195586],[3171801.554765815,3637067.4097095705],[3171807.903284625,3637065.969620554],[3171808.511710167,3637064.9251205535],[3171816.8710794216,3637052.108754936],[3171823.8670440465,3637044.98560167],[3171831.7064650925,3637039.0663544135],[3171840.9222287117,3637033.683678316],[3171846.067276492,3637033.0710677523],[3171856.777692,3637032.107662608],[3171869.508543091,3637033.478258003],[3171879.8503537048,3637029.0541077354],[3171890.384419629,3637022.6185416197],[3171896.049534952,3637010.3187487335],[3171901.3958889204,3637000.235927415],[3171908.013646786,3636988.2233460792],[3171913.6999621075,3636982.8552786033],[3171917.886210832,3636977.1669881493],[3171926.721093854,3636975.794947945],[3171932.336111211,3636967.421004789],[3171938.1903134715,3636957.9124109675],[3171939.0008516647,3636942.5842400626],[3171944.3166367663,3636933.0518508563],[3171950.1360125854,3636924.7988044126],[3171958.929087162,3636909.563416562],[3171966.881590672,3636897.9251146005],[3171988.287166669,3636876.080587687],[3171994.966168263,3636870.458690362],[3171998.3739698185,3636848.775591373],[3172010.182358552,3636836.323964748],[3172025.516193523,3636827.241070266],[3172039.6781587163,3636812.952322245],[3172044.1565640215,3636802.9072447116],[3172056.655579862,3636789.0325258323],[3172068.8955432368,3636782.3458264954],[3172082.4381361753,3636768.3888970176],[3172088.3820891567,3636755.1295183944],[3172090.299063755,3636742.7157563195],[3172097.892760422,3636732.416261982],[3172108.4843122335,3636725.401205735],[3172120.399231641,3636713.488376172],[3172130.2069207197,3636709.0285766074],[3172139.1039981907,3636704.4439512035],[3172143.230163266,3636697.1554779653],[3172140.7170709637,3636690.157352805],[3172141.2978326976,3636676.665803934],[3172149.8814712474,3636666.101671895],[3172147.738743945,3636654.3803125825],[3172145.991695081,3636645.5818258557],[3172162.418794516,3636628.0018304214],[3172179.4343775394,3636599.998724453],[3172184.8499616077,3636582.2694289996],[3172187.4070628295,3636572.2544807545],[3172202.4925716575,3636564.3441310637],[3172204.9934561243,3636553.570256293],[3172195.5929615786,3636528.6658914727],[3172191.7498830585,3636518.4760336825],[3172178.961009069,3636491.0680901664],[3172162.428368616,3636476.9911887604],[3172141.3683918705,3636463.576151712],[3172102.6793777645,3636408.9633693094],[3172094.901722582,3636401.73071777],[3172093.947916207,3636396.1573824817],[3172095.1708436753,3636392.312578924],[3172134.7040117183,3636390.0597319743],[3172159.0832068124,3636388.6018636115],[3172192.1998505024,3636391.961425832],[3172215.4949750006,3636388.264938875],[3172235.516472609,3636379.6232681023],[3172253.380711506,3636353.8161898674],[3172256.3100514654,3636327.512469202],[3172248.056549172,3636318.7969532553],[3172249.548460977,3636308.1081600864],[3172250.909803153,3636283.3597388575],[3172251.8386433506,3636269.536994758],[3172258.658445376,3636244.6390264374],[3172269.9186155763,3636229.178023884],[3172278.6707077157,3636197.2530662827],[3172285.2444718,3636170.421375703],[3172289.4361691196,3636153.7443178627],[3172285.3846155796,3636140.9415092],[3172291.1434119055,3636128.3997314535],[3172305.1508014323,3636117.7765590604],[3172306.939099957,3636107.254462355],[3172309.4234458534,3636077.1866821107],[3172316.0021147663,3636063.927455741],[3172318.5260131494,3636037.8778053275],[3172333.280885566,3636019.503597365],[3172344.037491538,3636000.155200187],[3172346.4455307387,3635987.2124431813],[3172348.984079427,3635968.950052825],[3172352.080667545,3635948.0287983543],[3172359.375323939,3635929.808241926],[3172366.1120699486,3635914.2465563263],[3172368.825064405,3635902.4839584804],[3172364.2630561367,3635885.795049627],[3172366.7300942717,3635873.079658465],[3172378.5264636874,3635864.5344344866],[3172387.990861955,3635858.582347746],[3172398.9752118494,3635844.958608377],[3172409.129772517,3635836.833335373],[3172426.8654911537,3635829.020217407],[3172455.7315116986,3635816.8606939223],[3172473.2615750353,3635805.3377079885],[3172491.464092005,3635790.6188890934],[3172511.3883051556,3635777.7221784093],[3172526.679198152,3635778.8448220636],[3172535.056958696,3635782.242899152],[3172553.0855109035,3635774.6094268397],[3172569.4559963876,3635758.593518153],[3172583.136665502,3635743.784780988],[3172595.184252674,3635743.9709737524],[3172620.2305755443,3635757.6965501076],[3172637.7459191317,3635757.743019355],[3172651.68243914,3635777.8292582226],[3172674.488694975,3635804.2004288286],[3172693.7503543706,3635814.880721509],[3172717.990230455,3635824.530803118],[3172740.447390574,3635831.1164728017],[3172750.6991376253,3635840.8223480936],[3172766.9364600517,3635848.5018292363],[3172777.584400987,3635862.630818982],[3172789.6758595,3635880.418876716],[3172815.8478141627,3635895.6232740367],[3172849.2729017534,3635893.369363127],[3172876.762128098,3635891.3749169735],[3172895.76098339,3635893.305150291],[3172919.825381454,3635889.670286483],[3172936.921180595,3635889.0747371474],[3172947.246856969,3635887.4396616193],[3172953.874081297,3635891.793593319],[3172959.5510323653,3635902.1612209743],[3172969.4361653673,3635910.44915462],[3172979.551557838,3635910.887665012],[3172989.2007130664,3635905.651478823],[3172997.7584147872,3635902.967969567],[3173008.953186669,3635899.85286515],[3173016.1382940803,3635894.7386851427],[3173018.817872594,3635885.7554513547],[3173024.788579634,3635882.717528321],[3173031.971271582,3635884.401982451],[3173039.553894929,3635877.9397703162],[3173047.8827569904,3635869.521003605],[3173063.7149660997,3635852.398231028],[3173069.8685812782,3635837.483578544],[3173080.326114778,3635811.162467385],[3173090.319220616,3635791.7580555296],[3173100.025802015,3635773.1771141184],[3173106.240444705,3635751.7145199934],[3173124.069272222,3635727.7802902213],[3173124.7464202624,3635712.0147370086],[3173130.285109984,3635686.9509344585],[3173150.6188492915,3635654.332463641],[3173166.2985849073,3635626.1927060685],[3173165.1771247163,3635606.0856008157],[3173171.548321166,3635595.9054165706],[3173181.6739213816,3635586.0123879006],[3173309.827030397,3635460.0495304735],[3173601.2988219336,3635507.75540195],[3174184.7187530743,3635465.4597701407],[3174223.669291162,3635488.3378749],[3174257.216568182,3635512.5608899803],[3174291.737267546,3635533.823527265],[3174331.8409926873,3635550.2336496813],[3174367.917605781,3635565.375398352],[3174413.2844272666,3635586.7437548125],[3174445.9318007114,3635585.277394836],[3174518.373639512,3635580.255836037],[3174561.371817651,3635568.139518981],[3174678.0676111775,3635531.5503744464],[3174815.4074766636,3635453.541805952],[3174876.8220175505,3635426.6901809634],[3174906.292762032,3635406.2810793333],[3174936.396807964,3635396.027529033],[3174959.984833659,3635414.6480285474],[3174997.180059229,3635428.643322648],[3175052.9525113236,3635438.4769118372],[3175093.230150291,3635436.7999217953],[3175122.2515266235,3635448.876669868],[3175168.5409973813,3635461.707358759],[3175209.5313934735,3635464.996307315],[3175280.7085029213,3635468.329860181],[3175320.2760483427,3635461.6775214807],[3175387.6404441907,3635451.5256559616],[3175431.051166666,3635430.935095723],[3175476.267223386,3635393.890640005],[3175534.1682322742,3635334.964334676],[3175568.3380957283,3635301.1417039563],[3175604.6485046204,3635274.0552242473],[3175620.038457354,3635267.281200448],[3175652.7894327845,3635235.8522441373],[3175685.1932204794,3635222.53692001],[3175717.5893913424,3635220.151731286],[3175753.8340943363,3635207.669509884],[3175785.3901287196,3635194.9634586615],[3175799.218001077,3635184.5495545813],[3175811.822498357,3635174.8629724854],[3175813.0027095163,3635169.2886104537],[3175809.624722627,3635161.645106304],[3175812.329255045,3635151.0318008866],[3175826.302411282,3635146.662279345],[3175841.7944759983,3635142.713402924],[3175849.599542273,3635137.0774879176],[3175859.409738514,3635132.9498973084],[3175868.038815961,3635123.4575460874],[3175885.3692090022,3635109.174115707],[3175900.2790034907,3635101.669757475],[3175903.2581721805,3635096.052362174],[3175910.816625735,3635088.6562344134],[3175917.997648577,3635086.825971908],[3175929.471136441,3635083.7055249484],[3175938.4955578586,3635082.0055142036],[3175960.0416227654,3635077.3795920946],[3175972.2021127474,3635071.3955137874],[3175987.819031838,3635060.1225716416],[3176013.0543568195,3635038.4940449703],[3176017.3483178737,3635030.926207725],[3176028.724601967,3635021.9458142607],[3176050.545167109,3635015.981139227],[3176069.380077606,3635015.635440252],[3176092.0522398474,3635016.1351612825],[3176117.2166373604,3635014.5805847235],[3176134.200398539,3635013.29908267],[3176162.9553598063,3635010.829808739],[3176182.950943541,3635018.900860476],[3176197.8065244784,3635029.7009975985],[3176210.0908059506,3635038.3177184965],[3176216.4367962065,3635045.008899537],[3176220.897272734,3635057.638524597],[3176220.1385466615,3635074.2404861953],[3176220.865091218,3635088.029241806],[3176223.9817908714,3635104.0475984607],[3176228.7422067113,3635113.1621354334],[3176236.8598749507,3635122.03280185],[3176243.6248884737,3635127.197904478],[3176253.9803743283,3635131.4481534786],[3176271.695105076,3635133.811755462],[3176296.109063955,3635137.930226706],[3176323.3306678617,3635139.6949116252],[3176341.989516029,3635141.022012238],[3176361.3341406332,3635139.5320214727],[3176392.111056002,3635134.737156858],[3176408.8902266487,3635132.689377333],[3176417.8170226966,3635130.6112985034],[3176421.558468936,3635124.800195074],[3176423.4432083755,3635112.57333939],[3176426.0988974106,3635101.765540245],[3176433.8375867577,3635093.5168270557],[3176448.402255805,3635085.9639014434],[3176464.560351517,3635082.2514430247],[3176487.083322188,3635070.432735597],[3176498.587542855,3635065.078932511],[3176520.0382139287,3635054.549015252],[3176533.748657521,3635047.6063541593],[3176554.8059892002,3635041.0308245285],[3176573.8787322496,3635029.895363329],[3176602.273508343,3635011.931534485],[3176614.5384042487,3635007.180519253],[3176627.4180949675,3635007.950050075],[3176639.9940675125,3635012.247079181],[3176647.5768304234,3635019.015967004],[3176652.3211181164,3635026.5193734188],[3176650.937136336,3635035.9875423736],[3176646.322001141,3635044.663279098],[3176645.7347409837,3635054.1246861303],[3176653.547300251,3635060.2350171423],[3176672.4949115077,3635068.1708859387],[3176693.825560838,3635072.049755859],[3176706.81033997,3635068.5464090505],[3176724.3320543403,3635063.8760435185],[3176733.527185007,3635059.7110087504],[3176744.3630686877,3635054.1127088866],[3176752.6258183145,3635048.6505336473],[3176757.8954858575,3635044.873762642],[3176761.3066098737,3635039.3548994004],[3176760.2367004724,3635030.5117847584],[3176763.840011337,3635025.740154712],[3176773.2764712526,3635016.2521116766],[3176782.632087224,3635008.8039636845],[3176790.720265894,3635001.886321388],[3176797.0919560487,3634993.7788824537],[3176805.9101799075,3634984.240696764],[3176815.175070215,3634970.954103698],[3176825.6328384746,3634959.175338111],[3176836.059725943,3634961.377799898],[3176843.4244741276,3634964.971628198],[3176848.8853709097,3634967.4233429963],[3176854.2233107183,3634965.463992236],[3176853.869484268,3634957.050108619],[3176853.094758878,3634943.0663937647],[3176855.452993028,3634931.123369307],[3176864.095663205,3634916.968465559],[3176869.9021638855,3634909.016669895],[3176867.9100763127,3634897.3622351643],[3176869.2664369512,3634883.8512665923],[3176869.1216353974,3634883.288131312],[3176874.3687118804,3634870.8056745967],[3176873.4864999363,3634861.914816141],[3176870.4246600354,3634851.5597302564],[3176869.887617981,3634837.723219438],[3176873.8663776284,3634821.109852423],[3176898.0016165404,3634808.4909324646],[3176917.9840179943,3634798.5334724193],[3176932.4294580314,3634793.643700175],[3176944.802949337,3634790.089246228],[3176965.577552668,3634795.7381233657],[3176973.645838385,3634809.8838910013],[3176988.9868259854,3634822.5817575287],[3177005.4073010106,3634828.531691391],[3177027.583796837,3634831.793055524],[3177039.636000032,3634834.805272347],[3177053.609704325,3634842.1859985017],[3177070.9065694264,3634838.9937434085],[3177090.4284998276,3634830.377377532],[3177103.3208645238,3634821.0258580637],[3177123.383214405,3634808.222093906],[3177143.489973959,3634801.8801928186],[3177162.5225483654,3634802.3079730105],[3177176.484466221,3634808.065112914],[3177199.7202884033,3634813.8960322333],[3177220.3348249225,3634811.082873292],[3177252.301375338,3634796.057097396],[3177276.401721459,3634780.195498471],[3177297.3442018414,3634770.8147267913],[3177322.2447657017,3634759.6189118847],[3177347.030235293,3634746.4218244627],[3177361.1220031166,3634732.312180686],[3177391.247370439,3634724.229209033],[3177414.0261048013,3634707.9088032916],[3177429.7241148874,3634693.782953729],[3177439.3652805625,3634668.64514469],[3177456.8785437667,3634656.8958539222],[3177481.4518423397,3634652.268899394],[3177512.8084384967,3634655.215546145],[3177528.195400902,3634661.8340829727],[3177549.297516523,3634660.917683865],[3177566.571462874,3634654.502688862],[3177586.824065553,3634642.4607255203],[3177603.4882377684,3634619.586273665],[3177608.018454453,3634593.32671126],[3177615.4319532984,3634575.3100925633],[3177617.861054643,3634573.111276214],[3177638.0000909977,3634554.902671041],[3177646.501711324,3634548.96649213],[3177663.791946545,3634542.2248095423],[3177699.021010481,3634539.733862898],[3177729.989439681,3634553.730378695],[3177757.9674345604,3634571.7300488465],[3177785.5831516795,3634580.499363167],[3177831.6007349216,3634582.5564609547],[3177897.9675033446,3634583.9023325383],[3177941.9413867015,3634590.541683634],[3177979.574873723,3634597.571256927],[3178018.9538463387,3634597.2805938753],[3178030.888372058,3634594.2448269767],[3178053.7207509493,3634588.4370857603],[3178079.739622146,3634587.160926149],[3178101.636468219,3634602.578461441],[3178127.341282125,3634610.208745326],[3178174.7178428024,3634615.9846176994],[3178212.439378677,3634621.7820223095],[3178275.5612612823,3634619.908514874],[3178302.3532355973,3634620.7905831654],[3178355.6226926595,3634618.17011527],[3178384.232229586,3634608.8758706567],[3178388.795202066,3634598.40480538],[3178387.6185801397,3634581.2823956907],[3178390.560918279,3634558.255320983],[3178411.5709724715,3634546.0249900166],[3178433.6149324,3634544.0655800467],[3178454.2643460766,3634546.1066947854],[3178476.645449938,3634551.757220759],[3178490.3769070785,3634551.9116477473],[3178501.952730685,3634531.154639868],[3178504.4466072135,3634511.0685111084],[3178517.1933242436,3634494.871134624],[3178539.5352254016,3634483.1105492665],[3178557.8096003663,3634471.184347687],[3178589.6507577226,3634427.438848063],[3178595.0590367895,3634404.6045122757],[3178594.9946004446,3634383.9575862293],[3178603.6156182196,3634348.5500474274],[3178630.7516800463,3634319.384628711],[3178658.092889648,3634305.1426599883],[3178682.967862885,3634278.1561830086],[3178684.7040092666,3634258.2746535013],[3178679.5285814167,3634225.567007857],[3178685.7210013475,3634193.2116717356],[3178699.4328186633,3634166.640336885],[3178714.7153480663,3634147.7689388636],[3178737.2018016493,3634129.7200923017],[3178752.825125191,3634118.3191061583],[3178757.4389861524,3634117.838615071],[3178779.93774677,3634128.0413269103],[3178788.1626297412,3634140.0491809584],[3178804.5877353186,3634158.914085087],[3178846.7657231754,3634178.0059507685],[3178870.671858184,3634189.2357158614],[3178896.0380886244,3634213.56976486],[3178918.343031754,3634240.9085399793],[3178941.6853795713,3634266.068563827],[3178961.905694211,3634284.0153754125],[3178990.6653613625,3634302.9878512104],[3179021.6491224924,3634308.2546133795],[3179056.990407629,3634315.62150336],[3179090.7120912652,3634326.607450432],[3179129.3401098666,3634351.737115516],[3179141.02879085,3634359.98086101],[3179151.9084625468,3634373.8871492893],[3179161.489616302,3634392.6112542734],[3179174.5236584134,3634412.373113738],[3179194.399131011,3634425.2742285915],[3179214.7003618185,3634424.92671948],[3179240.2642782703,3634427.7184275193],[3179253.4269049326,3634434.3187886365],[3179259.6246269103,3634451.0068849754],[3179261.2648770446,3634459.8888238827],[3179270.484741747,3634471.0097248126],[3179286.928352258,3634472.4040440843],[3179308.7048888314,3634457.0648954078],[3179320.880620055,3634445.687989726],[3179332.304315249,3634435.0098184915],[3179354.351067766,3634427.620384732],[3179388.739549906,3634425.136745541],[3179413.6591481487,3634439.3182792147],[3179431.663268117,3634462.8478928534],[3179448.393739349,3634483.1247095405],[3179491.30744597,3634505.2410754673],[3179530.8306673286,3634521.066254373],[3179590.1585537847,3634536.32567741],[3179629.1916977223,3634541.581561917],[3179670.9739282704,3634552.3692334886],[3179697.1938785682,3634559.541885366],[3179717.5347928377,3634561.0667298497],[3179738.0219225027,3634554.5250970535],[3179762.1202183757,3634543.0517159733],[3179788.21709624,3634542.353601554],[3179808.0402021958,3634551.1975755203],[3179821.1775611592,3634563.3084977237],[3179838.4120296864,3634571.8639874244],[3179880.8686006237,3634571.1763238464],[3179911.1184266396,3634574.2233481486],[3179934.1549666375,3634579.725243708],[3179947.3354542544,3634577.324212459],[3179971.95318975,3634576.7488592435],[3179981.45213617,3634577.993828872],[3179988.6713134386,3634582.9555979725],[3180001.7489848915,3634598.831333703],[3180016.51736279,3634602.6491424087],[3180029.7423883644,3634596.764585981],[3180046.0467972546,3634588.206219738],[3180061.9914095253,3634581.95425389],[3180087.268120139,3634580.266195344],[3180105.2623079177,3634582.0077736024],[3180112.380781479,3634593.1671640286],[3180130.2671234766,3634610.106384943],[3180173.7118748603,3634616.495844932],[3180202.064029036,3634616.4270687206],[3180223.979436407,3634611.982233301],[3180260.482060097,3634614.3091146727],[3180283.9271500744,3634627.0919468147],[3180304.3747058394,3634643.750571301],[3180325.842501995,3634663.507267599],[3180339.650676136,3634683.6395247676],[3180352.263984534,3634705.182583274],[3180366.822485094,3634721.3405458205],[3180377.297039574,3634735.397411646],[3180387.648412479,3634761.090883336],[3180400.0208767164,3634784.2640241096],[3180411.476311406,3634803.8861137526],[3180438.9296056014,3634823.669473351],[3180475.8372781724,3634837.9383371905],[3180535.2096362384,3634853.415428901],[3180589.5117877387,3634866.396213099],[3180652.3489936674,3634878.0880826176],[3180701.607668941,3634886.1090609897],[3180728.9360145237,3634895.889101515],[3180746.1595485797,3634912.9287410807],[3180756.7725040545,3634931.865202328],[3180766.0358692314,3634951.582526559],[3180771.1489515747,3634966.3428996406],[3180768.9055779856,3634980.0631273286],[3180757.680350284,3634998.5199258877],[3180750.0152391233,3635012.7278655795],[3180748.206522987,3635029.0256971293],[3180747.606630333,3635046.5625673933],[3180755.482534741,3635068.650764904],[3180777.192772859,3635095.360838387],[3180785.955406786,3635106.714794471],[3180789.4717273274,3635116.6200213376],[3180790.400799825,3635128.4969388545],[3180785.518229669,3635140.5336647066],[3180768.7088983967,3635158.7119715232],[3180741.6089988058,3635181.786200158],[3180721.715588085,3635196.1561973384],[3180698.86309577,3635218.648851535],[3180693.216189326,3635236.6016359353],[3180692.870209218,3635246.6680878988],[3180694.2588422894,3635264.1502917986],[3180691.296959931,3635272.262028286],[3180685.2200347837,3635282.8025316065],[3180677.8620857615,3635290.8880194905],[3180662.719681397,3635301.6069440898],[3180646.9483338147,3635314.931222865],[3180631.5691706487,3635334.8700208506],[3180618.492363096,3635355.539604128],[3180597.184864411,3635375.8298299313],[3180574.7722594263,3635385.4529696717],[3180551.5252307695,3635396.257098937],[3180538.559866334,3635411.0038146856],[3180533.893526691,3635427.070033916],[3180526.34174556,3635434.3975913525],[3180512.6083239033,3635434.1116814124],[3180480.9404753316,3635407.634893445],[3180466.151792639,3635403.856194861],[3180454.595401765,3635403.1907776548],[3180445.442170918,3635401.1077428153],[3180437.357612923,3635404.463833766],[3180433.32446692,3635417.2662482318],[3180428.383749987,3635441.7545647407],[3180426.6727045886,3635469.3452604646],[3180426.3115137615,3635514.0014521307],[3180426.4599298136,3635525.1885366794],[3180426.663191473,3635540.2724866555],[3180423.0828306396,3635549.7298737396],[3180405.9624266643,3635588.962335808],[3180387.401692136,3635612.098387299],[3180380.351721638,3635620.8101937855],[3180375.017679252,3635633.6200975697],[3180372.1678519333,3635651.682767629],[3180373.180924413,3635668.9376586536],[3180375.0515675433,3635689.5625994666],[3180374.7789940326,3635709.428132383],[3180372.848196592,3635725.446281624],[3180371.6501191882,3635735.3487168457],[3180376.580924987,3635782.999209092],[3180379.963837865,3635826.3243972207],[3180380.021008499,3635869.4904244393],[3180372.0958872065,3635897.42500639],[3180373.381170989,3635905.081800776],[3180382.062831438,3635910.9296763437],[3180412.364507986,3635928.269263462],[3180448.3713287823,3635957.4848182434],[3180484.7478592093,3635997.1162302573],[3180503.3934837785,3636009.3288037707],[3180539.757605559,3636008.563550702],[3180556.391124482,3636010.881443995],[3180568.231560409,3636012.997348721],[3180580.8057961757,3636020.879676664],[3180600.02667146,3636042.0024245586],[3180610.7919874866,3636045.3719440997],[3180621.801953613,3636047.698793128],[3180631.375003728,3636059.1003071186],[3180643.668529233,3636072.476024772],[3180655.440401584,3636079.5123834885],[3180668.2305125995,3636075.8153964514],[3180689.6727777952,3636065.2497926406],[3180707.715559783,3636067.3603409007],[3180716.7590008583,3636078.434960543],[3180718.0452012513,3636096.393253887],[3180710.4037734433,3636120.1710985983],[3180708.2601176184,3636140.338331616],[3180714.088646139,3636160.4774506106],[3180725.639846556,3636171.8152315933],[3180746.662656119,3636175.1765741007],[3180763.9125520205,3636169.0094273887],[3180780.4561163695,3636158.3495285627],[3180793.689336353,3636151.1948798923],[3180811.1187773827,3636147.439562209],[3180825.8707555244,3636148.8284349157],[3180837.422492246,3636153.2446251516],[3180847.0094242753,3636160.3975781268],[3180848.8735716967,3636172.8563354462],[3180837.505382832,3636185.5477102203],[3180818.8595421147,3636194.0762209697],[3180799.0120211085,3636201.3409602265],[3180774.56222659,3636207.0977333086],[3180763.897577186,3636215.607728386],[3180759.9716691803,3636227.967475662],[3180759.0730544357,3636236.755429871],[3180770.5980821345,3636249.911070568],[3180789.8057619035,3636256.3866009843],[3180809.6965094227,3636265.5266833273],[3180822.3508835416,3636283.113980893],[3180831.7435875647,3636297.756953638],[3180842.542615343,3636303.206273184],[3180855.8737856783,3636302.660083435],[3180872.719900688,3636298.7068239697],[3180883.779096607,3636293.7077043788],[3180891.811314749,3636290.076849027],[3180904.0362299425,3636279.0946065406],[3180920.1205711327,3636262.3914628597],[3180933.2471432136,3636253.7068683044],[3180948.603318072,3636257.3767584916],[3180956.845188557,3636266.3132446553],[3180964.293763372,3636277.0315261073],[3180963.0323255192,3636295.3248326583],[3180964.028276359,3636310.207310348],[3180973.2788010063,3636315.7384449947],[3180984.094373999,3636313.939207895],[3180993.5593552683,3636308.064505882],[3181009.5808112654,3636292.335165946],[3181029.629513478,3636274.0033517424],[3181039.475003597,3636269.6126375953],[3181051.931664981,3636270.557936072],[3181062.8923045807,3636277.858574513],[3181066.2952684322,3636289.9151812713],[3181062.679938626,3636308.805766914],[3181052.2974365177,3636329.413891703],[3181051.2544719684,3636348.5860626716],[3181059.4912268147,3636366.0374857555],[3181070.5870974744,3636382.4517889563],[3181097.424262316,3636394.2365007643],[3181121.828519948,3636396.5563688986],[3181146.403840968,3636401.982247629],[3181165.053858945,3636412.3842807803],[3181182.404574708,3636427.52281532],[3181202.325101413,3636451.4686572445],[3181227.6598042417,3636477.8358638086],[3181251.2358950516,3636499.2621668996],[3181278.854655995,3636527.564704502],[3181288.137778381,3636538.129134328],[3181292.0768752256,3636552.2530343174],[3181282.1812729775,3636589.440988142],[3181290.5002173,3636618.7074565287],[3181311.321479245,3636645.8856217875],[3181334.638069261,3636662.463632538],[3181367.603946766,3636687.1715009133],[3181407.5129521126,3636699.2048298274],[3181443.5626692977,3636712.886764978],[3181473.8522894494,3636730.9951351946],[3181496.677197152,3636744.3876733035],[3181512.3692097915,3636754.306725663],[3181526.2260317057,3636787.832123218],[3181571.1317700725,3636828.372337321],[3181601.3964575557,3636843.8458501734],[3181618.418998437,3636859.633734025],[3181656.1911798418,3636872.937452276],[3181734.8165119984,3636871.851434572],[3181805.5696812496,3636873.409629977],[3181848.3926671157,3636872.4675220195],[3181890.311359288,3636852.5831880234],[3181934.698683667,3636843.6317190635],[3181974.874203451,3636840.063195234],[3182004.3459021132,3636842.174342004],[3182051.2814184316,3636853.4221951384],[3182086.9343029056,3636865.547690722],[3182103.0579568865,3636872.0481179357],[3182110.8290990386,3636888.268576639],[3182114.157368134,3636910.241430113],[3182117.0216600643,3636931.6744370316],[3182118.1237489493,3636956.5304692164],[3182127.03812334,3636981.0548295425],[3182133.6792160515,3636990.2945988965],[3182177.613073153,3637015.5239172704],[3182210.886448635,3637029.914442004],[3182239.6529213917,3637042.1258538016],[3182262.6815139577,3637051.166755185],[3182273.229811172,3637066.683058924],[3182286.0305699846,3637073.034433973],[3182299.5934725595,3637077.19697769],[3182310.788567447,3637076.0077721127],[3182319.8801435623,3637071.718378408],[3182330.710425549,3637061.370479195],[3182342.762814415,3637039.131389781],[3182354.8715755674,3637013.2444920614],[3182357.776870285,3637010.235407446],[3182361.872318539,3637005.2288855547],[3182363.4716546084,3637003.842878313],[3182371.0660925144,3636996.8994916314],[3182390.7914493955,3636987.9300686326],[3182416.4820476184,3636980.424392382],[3182429.482891378,3636970.841541107],[3182442.2890536906,3636956.682515641],[3182460.241544635,3636958.7521804906],[3182480.589513115,3636961.1950811576],[3182501.837404103,3636969.6965351887],[3182519.0180463195,3636982.8742569475],[3182528.50486618,3637001.9590385393],[3182533.2887263517,3637021.9131126283],[3182543.1188554997,3637056.4601384103],[3182548.2214325024,3637067.405267426],[3182557.458376705,3637072.6651791716],[3182569.945834352,3637079.0158806983],[3182590.5758782187,3637087.75492432],[3182625.0026105326,3637101.520939128],[3182663.893442462,3637113.4864997985],[3182684.5698338132,3637118.4883114975],[3182702.239651079,3637114.3437767876],[3182717.0879418687,3637114.548029673],[3182751.108418059,3637126.7567429915],[3182786.824433648,3637137.878397474],[3182817.9955341285,3637150.4867366375],[3182844.0319911093,3637159.759609998],[3182861.839389762,3637174.0942542343],[3182870.0958071556,3637187.4699159386],[3182877.7967366558,3637200.467301014],[3182902.1064740643,3637227.3764895108],[3182916.3576133307,3637253.5245219367],[3182922.1878789067,3637268.587847265],[3182924.6004528757,3637293.4338091305],[3182943.3849885906,3637325.711374017],[3182956.7322685802,3637344.48703966],[3182975.3583500353,3637354.311874221],[3183004.6373492638,3637351.8515291857],[3183023.7908078977,3637349.638952964],[3183048.7809991376,3637363.8146748384],[3183068.4648925364,3637381.642154363],[3183096.9408153035,3637396.5841670395],[3183125.598337254,3637404.524837308],[3183160.0926414924,3637418.599515763],[3183186.311652991,3637420.8835310824],[3183200.339192412,3637425.5994137116],[3183211.035430351,3637440.410261813],[3183214.1112835063,3637460.139533555],[3183206.125228627,3637479.026858507],[3183200.3323630965,3637512.8957181443],[3183192.9006792605,3637544.2039522184],[3183192.628760329,3637571.390981947],[3183199.936602428,3637588.386884762],[3183204.306315211,3637605.4583055656],[3183196.6527759675,3637626.914505499],[3183180.2853602488,3637651.5593879577],[3183162.5547472583,3637669.605916086],[3183134.443784645,3637694.5856532683],[3183128.7934587784,3637726.4348479533],[3183128.116976296,3637762.3180403956],[3183130.683824309,3637786.4673608253],[3183143.966985486,3637817.820769271],[3183158.636979785,3637848.1536982064],[3183163.5082456507,3637881.3044292005],[3183161.0824724343,3637910.3525073295],[3183147.9599072505,3637923.2636599103],[3183143.3796288446,3637931.0454668156],[3183148.6043722574,3637960.4616453806],[3183150.3628860163,3637990.4333332856],[3183158.356568844,3638016.517813101],[3183165.5775525765,3638031.8746341993],[3183174.9646118116,3638048.0089945863],[3183184.623252745,3638069.046042842],[3183209.189673826,3638100.8388048415],[3183248.465338302,3638140.58861238],[3183258.747245828,3638140.958873523],[3183268.9315202325,3638138.3779237857],[3183274.209788124,3638130.7538322667],[3183275.5084125125,3638117.863357715],[3183268.2196534546,3638091.934736611],[3183260.151572613,3638065.557664564],[3183265.2849084362,3638048.38492617],[3183272.3693366796,3638033.69373976],[3183288.628162006,3638026.5975578753],[3183316.536627752,3638027.784178179],[3183330.4719410026,3638030.8738418957],[3183341.970264013,3638039.863974158],[3183380.5648860484,3638076.361420475],[3183427.775202696,3638108.046018287],[3183451.6200338514,3638124.150671884],[3183466.7881702567,3638138.4975061226],[3183477.053753742,3638158.0429447363],[3183466.4204805144,3638174.290417052],[3183457.996062775,3638185.0183428004],[3183444.033749085,3638188.233227225],[3183425.6073217,3638195.8667130633],[3183417.6324737896,3638204.508401132],[3183410.931672585,3638229.679475439],[3183401.766134789,3638255.475158781],[3183391.016048521,3638276.3779929373],[3183393.187346616,3638294.38715531],[3183402.0682415967,3638309.7156157433],[3183424.0545211257,3638325.5180640696],[3183452.7886964437,3638344.6052074037],[3183475.751860368,3638355.892434254],[3183517.3337219353,3638385.5082972012],[3183552.4068513727,3638406.311631869],[3183585.480201677,3638426.675990216],[3183603.587584151,3638426.367474025],[3183613.570126694,3638433.1005215654],[3183621.4450870776,3638447.2537257764],[3183630.127293887,3638458.1226678314],[3183645.3420844264,3638465.9062212356],[3183669.7791336942,3638474.675246032],[3183683.0758959386,3638485.0902616573],[3183696.7079958403,3638489.468508593],[3183712.395789786,3638485.263333448],[3183722.385762185,3638476.3192134406],[3183731.449350775,3638461.9117607763],[3183742.8972960245,3638447.6039028442],[3183757.8423245777,3638440.4958547316],[3183772.3640499786,3638437.2899511275],[3183791.1006180714,3638438.5067798356],[3183776.4327310426,3638415.3587389463],[3183775.160812579,3638400.236274661],[3183770.303476621,3638387.6945957216],[3183771.660316256,3638375.470353608],[3183775.9131713863,3638369.2140147486],[3183778.899154201,3638358.734029911],[3183778.256464772,3638347.0047972878],[3183782.2986655226,3638340.2366518932],[3183786.5973200817,3638334.210961523],[3183794.1597292675,3638326.112788019],[3183806.9750382104,3638316.2110835165],[3183821.8624120667,3638308.8757821475],[3183841.131145186,3638300.200026969],[3183845.9565529414,3638291.3765479997],[3183872.274042668,3638290.304482474],[3183888.8002706477,3638294.411672364],[3183899.563295725,3638295.549484325],[3183957.997116033,3638255.4312051707],[3184005.4886189173,3638221.418639499],[3184029.6249280786,3638199.1463539577],[3184138.2854645,3638222.944351156],[3184218.850895449,3638244.5851523783],[3184272.2169129723,3638258.500391846],[3184390.8394802753,3638289.158138236],[3184477.0666560587,3638309.934376444],[3184531.3797771023,3638319.3793675555],[3184554.5624324046,3638322.0342630697],[3184608.981717743,3638310.357711785],[3184635.1773898466,3638313.000003918],[3184671.265170469,3638336.010126328],[3184707.11327478,3638357.304886974],[3184725.0533308834,3638362.844575667],[3184754.246098888,3638352.9412944946],[3184774.712199968,3638337.334765556],[3184818.5191377196,3638333.813658784],[3184827.0047861673,3638332.51954444],[3184850.673381036,3638331.777251696],[3184870.134617767,3638338.5125969234],[3184889.72770591,3638348.778547598],[3184901.89982712,3638362.917910876],[3184915.7066869875,3638370.899815141],[3184949.269281309,3638379.0262903785],[3184973.261969491,3638388.259857712],[3184998.1135795326,3638393.4470056035],[3185023.5594915436,3638394.124179265],[3185053.4981749896,3638399.512161577],[3185089.953181212,3638409.652594556],[3185137.674398789,3638423.401422201],[3185247.6308261263,3638447.2051536134],[3185297.6351412027,3638466.5135059594],[3185333.1833900576,3638480.287260356],[3185405.7416006187,3638503.809552668],[3185457.126566771,3638523.900239881],[3185480.572218424,3638525.5700063654],[3185506.951588616,3638508.4597462],[3185531.0771973603,3638477.8491722904],[3185544.5238447497,3638457.286552793],[3185610.509105916,3638428.0260213544],[3185701.2008448383,3638418.318069596],[3185746.635807473,3638424.5659236563],[3185795.311362027,3638447.582638953],[3185856.8288078737,3638463.8694782886],[3185920.095073659,3638496.783628686],[3185963.9828532245,3638530.4000723264],[3185975.4804090066,3638533.801531603],[3185987.9747220315,3638541.2873855107],[3185994.7102595866,3638545.004869627],[3185993.6413131636,3638554.1093812063],[3185986.7858541226,3638560.8710824936],[3185983.470128686,3638563.520109263],[3185971.729106568,3638564.47047535],[3185961.925867173,3638572.9809284047],[3185947.822260978,3638592.8200595886],[3185905.4024487026,3638640.647948416],[3185871.9813509188,3638687.527248149],[3185862.4568662895,3638702.5875448743],[3185842.31113742,3638717.5197328217],[3185848.5452419054,3638723.1744826883],[3185848.4352447325,3638734.262533907],[3185834.1634792285,3638757.5471264124],[3185827.972018928,3638773.171742412],[3185816.436285034,3638789.744254824],[3185811.2645480195,3638810.1394942338],[3185813.859016507,3638834.56793248],[3185813.017679441,3638855.298162141],[3185807.3853159137,3638877.009395323],[3185796.9444173127,3638903.3505780166],[3185829.0911640995,3638886.1786206886],[3185831.235766798,3638904.71206748],[3185840.230136838,3638908.665309244],[3185845.959946899,3638922.4861312956],[3185841.0760552287,3638944.838430063],[3185840.815301148,3638962.042626147],[3185855.690535216,3638959.791548768],[3185871.5862341905,3638963.406542319],[3185881.5502295475,3638971.9354561022],[3185892.0754081095,3638979.515146271],[3185890.7608968522,3638989.1893957956],[3185888.115428225,3638995.9940294763],[3185890.155187187,3639001.117887248],[3185894.2821778012,3639010.6154780136],[3185899.6912528137,3639022.2453959193],[3185908.2001222624,3639043.1482838383],[3185915.3395406283,3639055.8053235244],[3185928.5290990975,3639074.0482859714],[3185936.1236479995,3639078.009608446],[3185946.4008809384,3639080.0700227944],[3185955.8991714567,3639077.183679383],[3185973.324026394,3639076.69853732],[3185981.732638347,3639082.9106062464],[3185986.4464165336,3639092.755754087],[3185993.198234763,3639117.2861181437],[3185999.798392834,3639135.4770456464],[3186006.1065807273,3639144.9074753835],[3186018.018088403,3639151.467812533],[3186025.670581215,3639155.6567670815],[3186038.404006362,3639165.4346168274],[3186052.7257812647,3639172.850229879],[3186063.0460010613,3639181.7621098743],[3186079.8972963803,3639201.835734426],[3186087.4462219505,3639216.7997188023],[3186091.7369944826,3639232.633696745],[3186086.27210901,3639264.670358536],[3186087.9086226043,3639287.2995503093],[3186093.436326824,3639299.395440057],[3186098.8686310183,3639306.36018685],[3186113.870846309,3639313.3731315816],[3186125.1733323103,3639312.429663825],[3186137.1933962656,3639309.563295628],[3186147.7517725304,3639312.440933515],[3186160.6050342405,3639324.2761128484],[3186171.736459394,3639334.805195307],[3186181.579186643,3639345.671669448],[3186196.815281854,3639357.423390286],[3186210.173986165,3639361.15002771],[3186224.6642874926,3639363.898605963],[3186231.809863523,3639370.603245278],[3186243.1980146337,3639375.716227089],[3186247.0760156205,3639377.0653834334],[3186254.670507258,3639379.7814732105],[3186287.7078811135,3639387.666973089],[3186310.503778291,3639389.884378331],[3186322.843697413,3639393.003885332],[3186335.0418527443,3639398.2467127666],[3186346.157496412,3639406.0121513447],[3186361.232425429,3639411.7271562875],[3186380.509754024,3639414.3154130015],[3186393.832402516,3639413.196264778],[3186410.903798761,3639413.908879852],[3186426.891285947,3639415.760526245],[3186443.2799304863,3639417.8567967494],[3186453.4521865854,3639423.9579928746],[3186458.111530937,3639430.057349832],[3186462.757396924,3639439.4584984398],[3186465.332289817,3639448.864195336],[3186468.9910682626,3639457.13093489],[3186473.4881816776,3639463.271305876],[3186480.254429142,3639474.9158510817],[3186487.2800159315,3639476.784224248],[3186506.081056273,3639476.1833852143],[3186517.883498941,3639476.4983062553],[3186522.56904322,3639479.996196012],[3186523.620741369,3639486.142569108],[3186522.2456308007,3639492.902394061],[3186519.1136177517,3639510.3359122984],[3186520.7754123146,3639516.1666061035],[3186524.76024984,3639518.2731576865],[3186532.8101524487,3639516.0652982737],[3186539.312069956,3639511.8268713276],[3186547.7278920324,3639509.699537247],[3186554.912830011,3639511.516175384],[3186570.6546806092,3639513.0843031225],[3186584.064420989,3639518.367336436],[3186594.742689793,3639521.0424638963],[3186610.712058101,3639520.823294017],[3186622.488005083,3639523.739996879],[3186632.125177533,3639529.100215401],[3186642.821302716,3639534.5503032696],[3186645.7183830794,3639537.104865412],[3186662.9985480756,3639545.400114214],[3186673.5537858726,3639553.653705054],[3186680.2435429017,3639560.969885884],[3186680.6175811323,3639567.8180206353],[3186680.027017874,3639576.9743104083],[3186680.01395535,3639588.418034292],[3186681.9375484446,3639603.362574769],[3186686.3076823484,3639614.3903973815],[3186694.317850576,3639618.789517091],[3186703.328245583,3639620.317922143],[3186712.064480104,3639617.4178950023],[3186719.802050014,3639610.6070036],[3186725.0185483303,3639602.0114572966],[3186731.9451694493,3639595.405561472],[3186738.436726546,3639589.774588096],[3186743.942829161,3639589.0749416463],[3186748.703549346,3639591.516042664],[3186751.495270039,3639597.7415863485],[3186754.17682001,3639610.245663481],[3186756.388229982,3639627.02031276],[3186756.0191972833,3639639.0729297055],[3186760.468382919,3639649.7348091593],[3186765.161194156,3639654.614926447],[3186772.0619007507,3639655.9962083315],[3186781.3337232834,3639654.5178416315],[3186793.760275127,3639651.8962171273],[3186805.2475872496,3639648.301077331],[3186811.994602262,3639644.347064648],[3186822.593734774,3639635.2447428033],[3186832.701538956,3639624.894248829],[3186838.708856534,3639614.0116268415],[3186849.224139238,3639603.9041952207],[3186860.061503743,3639599.089580441],[3186868.5676877806,3639598.6698526856],[3186876.435072167,3639599.1035237145],[3186880.9920055154,3639601.423244945],[3186887.2702444056,3639607.8056750908],[3186893.2745672157,3639614.44185023],[3186905.3894693535,3639620.0412896555],[3186916.850794049,3639624.4335415033],[3186930.5124519807,3639631.383572886],[3186937.170242755,3639639.227018296],[3186941.2695884416,3639646.51759824],[3186942.0972385895,3639655.845841894],[3186944.126803262,3639668.5031070793],[3186943.8465341046,3639676.196924121],[3186945.4046916757,3639684.302645025],[3186952.1505850405,3639687.107182928],[3186963.204010752,3639685.8709113337],[3186974.867217074,3639683.6156427744],[3186985.0959547106,3639685.886110364],[3186996.080428355,3639686.4087465615],[3187004.6606260594,3639683.5486962767],[3187016.0571383657,3639672.8614973845],[3187026.015429817,3639670.6911987155],[3187043.168411535,3639671.731139358],[3187060.26865663,3639670.5356397964],[3187082.561702569,3639670.7959313504],[3187092.0698296563,3639674.978557237],[3187101.222038695,3639679.7700833697],[3187105.8454602044,3639686.4093533927],[3187115.426455315,3639694.9097833186],[3187123.816586899,3639701.4507577373],[3187131.7983686593,3639707.0685311956],[3187141.955170447,3639711.0873322547],[3187150.1844122717,3639710.9110111822],[3187157.4193014307,3639708.218160826],[3187162.1305635544,3639703.72959178],[3187162.836184914,3639699.053691811],[3187162.132245956,3639684.147206766],[3187160.08926876,3639669.406046546],[3187160.91177712,3639658.450078669],[3187163.833990494,3639652.3377069975],[3187169.992499885,3639652.1656602616],[3187174.9602962174,3639655.4197163223],[3187185.6968954755,3639661.0335287885],[3187199.9135790244,3639666.102584466],[3187210.684157707,3639670.4969595484],[3187219.6148818447,3639672.392360976],[3187224.951201807,3639670.352275847],[3187228.0709074223,3639664.363055258],[3187229.1285669073,3639657.6838882514],[3187226.610433493,3639650.5242095725],[3187215.6617591046,3639637.3410283304],[3187207.325830503,3639620.8914784733],[3187205.3936375296,3639609.939558134],[3187204.6246578177,3639597.4828761625],[3187209.2877869876,3639578.6257746317],[3187211.8192263213,3639568.2760481983],[3187214.555555673,3639564.8170132306],[3187219.8994413805,3639564.1589254467],[3187228.352973557,3639561.5043702265],[3187239.387846209,3639556.1103783716],[3187253.7889165543,3639551.7804041267],[3187261.5493697566,3639554.502059098],[3187272.0482317554,3639561.2140526404],[3187279.661275953,3639566.7407100224],[3187292.0437464323,3639569.3327126224],[3187313.0152584696,3639571.8308693804],[3187320.5711335093,3639568.3653435083],[3187330.9747912725,3639565.9103027973],[3187342.0973764434,3639568.301730879],[3187349.6789990356,3639575.0588251506],[3187356.080958439,3639581.9293934004],[3187366.2918459345,3639586.811470286],[3187376.4966294384,3639586.3095702413],[3187392.2826289465,3639588.7340194266],[3187405.817127253,3639587.748620829],[3187412.4762909627,3639584.1522537577],[3187417.867129135,3639577.5895935534],[3187422.7566379504,3639568.385854427],[3187424.85074329,3639559.703683399],[3187428.0187303894,3639554.578947936],[3187433.451788518,3639554.244552213],[3187442.2067181757,3639554.8009488033],[3187453.5706827324,3639556.7856959943],[3187461.2443372225,3639558.4916718425],[3187466.1741479356,3639562.274535758],[3187473.5936418874,3639563.687226302],[3187479.334446856,3639567.265264976],[3187482.7251598444,3639571.7828356647],[3187484.7525905166,3639578.3745495873],[3187488.1847666022,3639583.0546306116],[3187494.570671319,3639585.7778191227],[3187500.5429891255,3639588.2595097194],[3187508.4857127853,3639587.6372926356],[3187517.2469903664,3639588.8956612917],[3187526.792490345,3639592.550699906],[3187532.3388772546,3639590.630951762],[3187538.3619604567,3639587.8988924255],[3187546.294767821,3639586.587319797],[3187554.248492483,3639588.0381754665],[3187566.6554077226,3639594.7877321034],[3187572.0654635755,3639598.449384922],[3187579.159351797,3639598.5606009034],[3187585.9840656426,3639601.00008885],[3187592.4150072704,3639604.5769152176],[3187594.7079984057,3639608.852815709],[3187619.130968984,3639618.1147678727],[3187634.4688904844,3639621.5180129316],[3187647.1374735995,3639624.5575268706],[3187663.3473220426,3639623.9350990662],[3187675.0385698956,3639620.4637428033],[3187684.8625211855,3639616.4145547445],[3187696.2467666958,3639615.799993434],[3187704.877080205,3639615.8693604907],[3187712.4538521804,3639615.1669086823],[3187726.0049661146,3639610.188162652],[3187743.747660985,3639608.8329953346],[3187749.875565989,3639610.5722164493],[3187759.037029325,3639616.757868033],[3187768.184778113,3639620.8597154273],[3187775.7519718623,3639625.533658084],[3187786.0775926774,3639630.894917222],[3187795.587985554,3639641.155528711],[3187811.7760726446,3639657.3410681896],[3187813.564371142,3639664.3506594724],[3187812.591491971,3639670.662095626],[3187804.560468035,3639683.091746745],[3187794.109898869,3639696.812765944],[3187789.8752651517,3639706.5540606375],[3187792.8168668947,3639710.6662171585],[3187797.2182354555,3639714.4097691337],[3187804.1606334015,3639716.6352661694],[3187816.752311618,3639720.052038636],[3187831.9443496177,3639719.50258608],[3187843.842664824,3639716.844211715],[3187853.67284846,3639713.4972191197],[3187861.8541674525,3639713.1612529093],[3187869.1164020156,3639713.933785947],[3187876.3725055177,3639720.070196793],[3187882.8838175396,3639731.4340930665],[3187886.9957603235,3639734.7203147626],[3187893.035869392,3639734.060137951],[3187897.9649204006,3639731.77774152],[3187902.5965044927,3639726.9757910576],[3187904.5011582337,3639720.256160504],[3187908.101703146,3639713.442770141],[3187912.570102242,3639707.2982196365],[3187921.43782147,3639700.2043777336],[3187932.438511112,3639696.031580647],[3187944.0639667287,3639695.0107084974],[3187957.9513463704,3639699.4729922903],[3187971.6378074395,3639703.824589886],[3187983.3117830222,3639703.6449128194],[3187994.2504368126,3639702.6130465586],[3187998.830941163,3639703.0249569723],[3188004.1574700284,3639705.6586698997],[3188010.9096917063,3639709.846729468],[3188018.548560378,3639712.7730935616],[3188023.0874546627,3639712.319114548],[3188032.0824772636,3639711.789549559],[3188040.546690937,3639711.209499152],[3188050.4256130196,3639709.4074368426],[3188064.032447127,3639707.356192096],[3188082.6576901507,3639704.0496479915],[3188115.094282168,3639699.4938167976],[3188128.1524092886,3639700.7063728906],[3188136.7166802078,3639703.226330486],[3188139.181204319,3639708.150944648],[3188139.0225625895,3639714.9485575696],[3188136.368848038,3639725.501098752],[3188135.1126977475,3639732.0568382284],[3188139.6452957,3639737.670225048],[3188151.4922058517,3639746.2920816853],[3188156.4492395706,3639754.9234204222],[3188162.386639892,3639764.6910871826],[3188167.049782186,3639770.7904569465],[3188173.95676371,3639773.555816808],[3188191.367833739,3639777.648102125],[3188203.283084834,3639783.831139084],[3188211.6678326367,3639783.6173684886],[3188217.3285725033,3639781.496585129],[3188220.0175516587,3639771.1081945067],[3188222.9679413466,3639756.3294634447],[3188225.7534161466,3639741.5808387985],[3188225.300277684,3639733.034964831],[3188228.455214915,3639725.8270311267],[3188232.51745997,3639720.1198307853],[3188238.140432754,3639718.527554688],[3188244.677981221,3639720.5214022817],[3188253.0933382036,3639724.4629212036],[3188263.218055565,3639730.3946347153],[3188276.8903080043,3639738.72898828],[3188297.3316830415,3639747.9609796107],[3188306.392151245,3639751.0478475974],[3188313.6549488176,3639752.501239923],[3188318.6876259157,3639754.010123481],[3188321.532115125,3639761.779421826],[3188319.412612128,3639766.3042961285],[3188314.6421163576,3639767.854297553],[3188307.4494417734,3639772.0913420077],[3188306.43821349,3639778.9311064132],[3188306.1650086446,3639786.633969672],[3188308.2192465905,3639798.073730877],[3188313.518298989,3639810.0782911493],[3188315.9412029353,3639814.840468054],[3188316.4835062856,3639824.4131824677],[3188317.5259750243,3639829.1778333155],[3188323.5873636967,3639839.4332170826],[3188334.1496130982,3639849.7634095727],[3188344.8092349106,3639857.1169558554],[3188352.989171231,3639862.1673578788],[3188364.31980675,3639866.7108460013],[3188371.2719686963,3639865.671138324],[3188376.1811098764,3639863.9362649093],[3188382.39626927,3639862.506009568],[3188387.4428987335,3639859.617890285],[3188392.9505640827,3639858.1471139602],[3188396.824474862,3639857.9766062484],[3188401.8195378324,3639856.2662052815],[3188408.468840235,3639851.9819164593],[3188412.576280521,3639848.5351906703],[3188414.60586624,3639844.6211667387],[3188414.8899065526,3639839.798495974],[3188414.381035025,3639831.8663948486],[3188411.827162356,3639821.486808909],[3188409.767705263,3639809.9215440853],[3188406.5445551053,3639798.5577179105],[3188406.5151495896,3639798.911084626],[3188403.8631863343,3639790.6203957684],[3188404.5284176725,3639786.5894491896],[3188407.1065850286,3639783.8631062685],[3188415.1048323563,3639780.103283973],[3188424.855693343,3639777.1235059067],[3188439.0219278727,3639774.586196153],[3188454.995568827,3639774.3718910767],[3188464.094606757,3639778.314141956],[3188469.96220631,3639783.071899414],[3188473.232211248,3639783.3190994435],[3188479.4506813735,3639783.8023982174],[3188485.9090048354,3639779.393496174],[3188498.691269251,3639772.9389934447],[3188519.629205579,3639766.675069453],[3188531.350719106,3639771.892932772],[3188537.1866716463,3639777.8810713706],[3188545.5400647577,3639785.644012597],[3188554.1341652824,3639792.319925051],[3188565.0278541306,3639797.8851181017],[3188574.4025895665,3639800.2012326955],[3188593.113801773,3639797.9128023405],[3188613.585438594,3639798.466679906],[3188631.9280592194,3639796.0869145873],[3188653.535028361,3639796.3544896515],[3188669.4399653785,3639806.029036762],[3188686.314530843,3639815.4704979975],[3188711.113580475,3639827.5827364484],[3188740.1170510016,3639838.6342684845],[3188755.625022089,3639850.1388666416],[3188766.04508017,3639857.9110762044],[3188773.622371437,3639856.7719193683],[3188795.278143217,3639852.5190214883],[3188802.595281968,3639856.219486242],[3188806.1327355085,3639864.678853869],[3188805.265620083,3639875.4717751467],[3188811.3743789084,3639887.2722316342],[3188820.151189465,3639890.604441845],[3188826.982421395,3639888.362083174],[3188831.7598136324,3639880.7454355266],[3188836.7815274927,3639871.222162961],[3188844.22534408,3639861.537562924],[3188844.8114090054,3639855.7624740107],[3188848.7572805174,3639854.155844363],[3188857.64418249,3639854.6121490654],[3188872.749217299,3639859.3806854044],[3188885.9053752925,3639865.125222735],[3188907.2002254752,3639870.292621968],[3188948.359361657,3639880.7463885383],[3188964.99571265,3639882.511307948],[3188970.899839196,3639883.143677935],[3189000.5898857955,3639883.011121899],[3189016.8504246445,3639879.88957671],[3189034.043616308,3639880.4534091433],[3189045.363871893,3639884.70112355],[3189047.173484804,3639890.863507961],[3189051.0578693273,3639907.0419612275],[3189058.543705248,3639923.0499738934],[3189065.2167769573,3639936.806879253],[3189076.7716123387,3639941.975596392],[3189085.9369124826,3639941.6240623724],[3189098.224837783,3639935.3420687593],[3189106.190853534,3639925.4916834263],[3189112.9522476625,3639916.67161608],[3189123.239680386,3639911.136447772],[3189136.532310884,3639910.7241561934],[3189152.405881811,3639909.9146251483],[3189162.0009268858,3639904.5541906357],[3189179.3656270024,3639901.7543330817],[3189205.509575341,3639893.1542345053],[3189235.044160017,3639885.3019989138],[3189262.941519111,3639888.2983588264],[3189298.579887826,3639880.9251500634],[3189339.5959311766,3639861.7491622646],[3189363.806414989,3639859.6567543577],[3189378.5345967435,3639873.608074967],[3189395.93915002,3639879.251127979],[3189421.4561972963,3639876.033903467],[3189434.272643213,3639868.3858947316],[3189441.147654388,3639856.2054516687],[3189458.55539345,3639846.200648854],[3189478.258721764,3639843.642538167],[3189513.254559812,3639855.689483302],[3189541.332271045,3639856.2436035825],[3189570.7764975857,3639849.6271827053],[3189615.673161623,3639836.3017591275],[3189656.6770629687,3639831.1763732815],[3189678.348465778,3639828.5265613683],[3189689.351564708,3639838.2058284036],[3189707.2865839796,3639847.4982567723],[3189728.3459428377,3639851.8290589023],[3189752.798226806,3639867.135031677],[3189755.6298335297,3639870.0418436844],[3189761.4125372097,3639871.190057408],[3189766.1132113133,3639868.898187744],[3189779.2794194156,3639859.860152072],[3189794.325782839,3639856.274941012],[3189805.2205807283,3639855.9385890807],[3189823.8998576985,3639864.271224652],[3189839.7063804143,3639869.9265192836],[3189849.5811514156,3639872.6492837616],[3189857.5380216083,3639867.8417814877],[3189859.4827009505,3639855.901821309],[3189867.5863676644,3639852.4525377103],[3189874.4010754023,3639852.1531258333],[3189878.5115098218,3639857.7355881496],[3189883.3328891443,3639864.545577543],[3189897.4541948247,3639878.051432704],[3189915.5720339213,3639882.617038159],[3189922.271637249,3639888.434780349],[3189940.241983744,3639894.0638469313],[3189952.705319598,3639894.4393992],[3189968.4854250615,3639892.6415158142],[3189988.233549092,3639897.2231025896],[3190004.3885750473,3639906.2040265896],[3190016.985185913,3639922.561880862],[3190030.818117942,3639944.765402175],[3190047.261969277,3639963.901077378],[3190050.121090794,3639972.8084011693],[3190053.8389447224,3639988.7634559455],[3190063.842232749,3640005.313702436],[3190067.755109256,3640016.7688758993],[3190075.947689569,3640020.734591116],[3190081.944725521,3640026.245241833],[3190089.716340649,3640031.7122391732],[3190102.977364347,3640035.1962638893],[3190118.300136404,3640038.9563354864],[3190124.998758993,3640044.094198924],[3190140.2957957587,3640050.881764771],[3190142.6400440065,3640058.523671031],[3190153.244319303,3640057.857636067],[3190168.373833448,3640060.859415603],[3190180.4514704086,3640070.672188394],[3190185.7027750737,3640077.973557993],[3190185.464471029,3640085.666682896],[3190187.8495749235,3640092.687187517],[3190197.024770029,3640095.794326406],[3190207.9695767914,3640089.4273184026],[3190220.567451668,3640083.243365209],[3190231.376952135,3640086.5383173064],[3190243.782245077,3640096.856677708],[3190259.4961511027,3640103.56254952],[3190271.744299845,3640109.562111549],[3190291.031506978,3640104.4139279597],[3190303.532413665,3640095.86788512],[3190322.125695375,3640084.656850247],[3190339.882963637,3640079.052697856],[3190356.639038293,3640071.706157858],[3190360.1200521756,3640065.4329598476],[3190358.7364071915,3640055.565824565],[3190363.0096704075,3640049.093023201],[3190378.081736915,3640049.5502107237],[3190393.591428129,3640045.077575886],[3190407.10010593,3640038.272724598],[3190411.6201742557,3640028.3364164215],[3190417.082228656,3640019.8577268193],[3190427.724295359,3640022.860931336],[3190433.9754943615,3640025.252386074],[3190437.5235357108,3640018.1207028255],[3190445.0441556396,3640022.187071768],[3190453.536185245,3640021.177598155],[3190461.8531703088,3640023.9134068424],[3190461.9162024455,3640035.2431622646],[3190462.5259323046,3640042.618719583],[3190467.0160646443,3640045.3155135843],[3190461.5294654323,3640069.342923289],[3190463.261470696,3640078.049962314],[3190466.761167614,3640088.9289985504],[3190474.975220049,3640101.5605133125],[3190481.378904391,3640109.505688446],[3190485.1772924364,3640122.027463421],[3190492.8817185294,3640126.9468982443],[3190507.9495331286,3640130.6223918754],[3190510.487814931,3640134.387429881],[3190514.092910642,3640148.5490556695],[3190518.0030817897,3640164.248039503],[3190523.1964120395,3640166.917586441],[3190532.778115792,3640161.897913142],[3190533.9209875083,3640159.373158579],[3190533.0203509275,3640155.8873599423],[3190534.2635312984,3640149.5324059473],[3190535.4056062894,3640148.2300436236],[3190538.0022436124,3640143.9323858838],[3190540.4410736244,3640142.326405692],[3190544.1876049526,3640141.659300236],[3190548.131453873,3640142.8103628936],[3190550.778293918,3640144.4726499845],[3190551.0981146614,3640149.223184151],[3190549.976403268,3640154.2561576962],[3190551.3084983598,3640159.593376911],[3190551.951122662,3640162.717560467],[3190555.8613471086,3640165.8487385204],[3190557.1718835104,3640165.5993004376],[3190563.4708555476,3640162.7556993244],[3190565.9270683043,3640164.477542974],[3190570.088216953,3640177.6689197384],[3190571.8276673574,3640181.3469592314],[3190574.3707340937,3640182.862443089],[3190579.311649119,3640188.478141117],[3190588.158542474,3640197.2606939296],[3190596.049236008,3640198.1669723983],[3190603.204902,3640204.6083688736],[3190605.068287934,3640206.0875412617],[3190609.4776691,3640212.8748590816],[3190609.413322709,3640216.74210586],[3190609.325004138,3640220.384790718],[3190611.0388005124,3640223.4927939028],[3190614.176708809,3640226.380409982],[3190614.797150614,3640232.3119816175],[3190615.526852916,3640241.801876064],[3190614.077237669,3640244.7382516274],[3190611.881475479,3640249.8803513153],[3190608.538746995,3640252.993847116],[3190604.795028355,3640255.9662302877],[3190604.9438499087,3640260.044972875],[3190608.2376986844,3640264.588216637],[3190611.6214610646,3640269.8236746187],[3190613.999250997,3640272.176374186],[3190618.6543078944,3640280.319995367],[3190620.5297755953,3640285.4972709427],[3190621.471960123,3640286.1477377806],[3190628.164837742,3640287.955333293],[3190632.1552802688,3640289.994033934],[3190634.8498167647,3640291.113942297],[3190644.3148817113,3640284.959291468],[3190647.9045651034,3640278.7742698574],[3190651.0232403157,3640275.3021611916],[3190653.649902234,3640273.026289128],[3190653.379409974,3640269.877548096],[3190652.25706828,3640267.5544829],[3190651.3825808037,3640264.823081319],[3190652.316417645,3640263.2503606332],[3190655.002115071,3640260.867380437],[3190658.3271076875,3640259.222704993],[3190662.405789137,3640258.817900531],[3190674.701967817,3640264.4371907325],[3190681.7859305693,3640267.103340892],[3190680.0980907017,3640272.7285394412],[3190680.2707519494,3640276.5360712297],[3190683.5521928463,3640279.2837876175],[3190686.011030162,3640281.616096128],[3190691.3133183923,3640285.6534519787],[3190697.246237168,3640286.2228470854],[3190700.08402567,3640292.4952055374],[3190694.426762646,3640299.2932282705],[3190692.69406123,3640303.67295379],[3190691.029209758,3640308.6582106994],[3190691.5008333987,3640310.5110421022],[3190690.3993435176,3640313.1982782898],[3190687.3882502657,3640317.0929333586],[3190688.643906608,3640318.609907504],[3190697.9310506815,3640329.149518874],[3190711.595409181,3640339.83177761],[3190723.281627274,3640344.3595300615],[3190733.3327384163,3640352.2162615755],[3190745.220235327,3640357.5350425243],[3190749.8724076264,3640364.468793107],[3190752.8035715465,3640368.0311518274],[3190757.9443458077,3640374.2768633263],[3190761.389125663,3640382.1258331877],[3190763.0405144286,3640390.2305251514],[3190761.4731687093,3640397.059049343],[3190757.438288495,3640404.7281903853],[3190764.2340791156,3640412.782305464],[3190772.1448869235,3640419.506338171],[3190771.6828933433,3640432.294157909],[3190770.630415447,3640443.5703997333],[3190774.076929106,3640452.2606200855],[3190780.338048393,3640458.9966371832],[3190785.0866896035,3640466.3096410767],[3190780.213176631,3640471.492003082],[3190780.3975867694,3640478.709443162],[3190784.332097821,3640478.7560840845],[3190792.8710792265,3640476.605226234],[3190797.5686267763,3640482.0747779883],[3190800.0011266493,3640491.631505115],[3190795.048192039,3640500.5695758555],[3190792.0011026068,3640511.3105351175],[3190788.2066257494,3640519.1151345507],[3190784.2205509935,3640527.80969304],[3190788.641111253,3640535.424398562],[3190791.7211540053,3640541.2667801334],[3190792.2600375265,3640552.1191229047],[3190792.254034978,3640571.756216559],[3190789.4935633414,3640579.9460589346],[3190789.773385464,3640585.686694175],[3190794.979463135,3640595.1097481013],[3190798.646662887,3640602.3723057797],[3190799.279403435,3640605.6142726797],[3190798.394201843,3640607.716638781],[3190796.4093961157,3640611.052978905],[3190796.66606077,3640625.020341028],[3190805.5895324824,3640646.5704964716],[3190812.6695924564,3640653.7343558203],[3190819.1045456585,3640665.5343565564],[3190821.048962743,3640673.173221105],[3190821.163792396,3640684.7319453685],[3190820.988757007,3640695.960137017],[3190825.8031352432,3640706.1390673206],[3190829.892574396,3640714.2522555087],[3190827.222412686,3640721.231763293],[3190822.8671078086,3640725.5803035493],[3190820.650176973,3640735.9046574906],[3190816.2127559166,3640742.303178114],[3190816.655027438,3640753.583427015],[3190812.1854297533,3640761.419787762],[3190814.0718255485,3640767.2399964994],[3190820.1650689207,3640776.8892302704],[3190822.7932886137,3640788.0223937193],[3190823.622295961,3640799.2052279133],[3190828.9592827577,3640801.1123090694],[3190834.887869668,3640799.007817331],[3190837.8878738466,3640799.9470364945],[3190839.712894846,3640802.0585121834],[3190838.9800708955,3640807.131833439],[3190835.854591498,3640812.0353496247],[3190834.5569790737,3640817.262473548],[3190833.137521373,3640819.5340167326],[3190830.9247136097,3640820.7486332343],[3190828.6591795455,3640820.8696506703],[3190821.2216418097,3640820.748480996],[3190818.233648191,3640822.5158064654],[3190817.4743564003,3640830.639736379],[3190819.0471472363,3640839.1908504595],[3190817.4132584566,3640844.6871790653],[3190816.9785575466,3640852.5218069814],[3190822.751567619,3640855.333672998],[3190828.6176283252,3640858.537185552],[3190831.849665831,3640866.4627895807],[3190832.5478476817,3640872.386301837],[3190837.884769634,3640874.2933869837],[3190845.9369427618,3640876.5426760605],[3190853.6724524694,3640882.319218981],[3190858.0613588197,3640884.4651254634],[3190863.725575953,3640886.093777845],[3190875.4269900126,3640886.801257157],[3190890.449909595,3640885.4614568953],[3190902.3471284416,3640886.9383090455],[3190910.9059467493,3640887.215278642],[3190915.505024072,3640892.5597435464],[3190921.2163686664,3640893.5654965937],[3190926.6778029697,3640900.7335581644],[3190931.4398951065,3640909.899509576],[3190938.36028088,3640922.799443455],[3190943.400029807,3640931.4919117237],[3190945.85598754,3640945.1819878803],[3190846.1516807955,3640962.248955067],[3190770.7151015326,3640978.0817691837],[3190741.8183755605,3640981.337628851],[3190693.0791755053,3640972.9201793494],[3190626.5548257483,3640958.618562303],[3190597.562349978,3640958.163623831],[3190533.264080596,3640989.411794238],[3190490.2870926317,3641003.054657998],[3190456.3056294657,3641012.459445065],[3190343.1309927884,3641033.9470698326],[3190327.3798014754,3641037.6400400265],[3190328.7545366716,3641046.425662057],[3190325.0224827086,3641047.8505219426],[3190298.9846742423,3641078.776705359],[3190277.345200615,3641104.143812317],[3190259.7908250447,3641119.257063004],[3190216.914289482,3641154.4743316662],[3190174.309563798,3641189.4276567367],[3190156.289797621,3641204.4051371124],[3190159.922109863,3641206.210732581],[3190163.142682238,3641215.7533578626],[3190172.8678312115,3641222.849202431],[3190177.434378625,3641239.213025043],[3190188.350505612,3641252.235172224],[3190186.8710536873,3641260.1836823337],[3190190.5833796374,3641271.8392803213],[3190191.982550418,3641278.1397224204],[3190195.1897572237,3641282.3931890703],[3190199.265287753,3641284.271561055],[3190204.8503546026,3641286.761052875],[3190214.0416973396,3641294.10679313],[3190215.8464338086,3641299.3940892727],[3190223.6432535043,3641325.1827889127],[3190233.4501810083,3641356.622117036],[3190234.6519430825,3641358.7867278936],[3190243.85308982,3641365.910929685],[3190245.409062128,3641368.5281922854],[3190246.1983306436,3641370.3240279206],[3190246.2900647176,3641372.7684416226],[3190243.3314317283,3641376.2123662066],[3190241.068397285,3641378.8698359206],[3190238.6299349423,3641381.698363722],[3190236.9866179265,3641384.626255588],[3190238.6543391338,3641391.147266882],[3190243.502339732,3641396.970400002],[3190252.377711676,3641404.9262015754],[3190259.8136602705,3641409.393641184],[3190267.123356912,3641413.339446515],[3190263.8757452625,3641421.0417927373],[3190262.5309393583,3641432.957442064],[3190271.065321631,3641449.266607455],[3190273.1104213567,3641457.295239202],[3190274.96289461,3641476.3956282176],[3190279.804761532,3641488.942623544],[3190276.1402848987,3641501.442993727],[3190282.004561037,3641512.636867874],[3190288.3891625223,3641523.711116685],[3190310.9970485726,3641566.2216272606],[3190322.586450146,3641586.9956029337],[3190338.717350809,3641601.94344849],[3190360.6364805987,3641625.6253290637],[3190387.0937913293,3641654.228434375],[3190421.7946836194,3641681.84921732],[3190443.6437337585,3641693.4304204616],[3190455.3178387657,3641705.915812519],[3190458.7549566682,3641721.5726748803],[3190461.8034978523,3641747.5319426856],[3190466.045019654,3641778.148635166],[3190470.7189661018,3641816.9236955997],[3190481.1305951835,3641835.238840801],[3190497.746564989,3641855.299475274],[3190512.822881072,3641877.9389769435],[3190527.119123648,3641898.584315583],[3190535.778724747,3641923.959555039],[3190545.5277932864,3641961.1671871054],[3190555.3050584123,3642002.7838788913],[3190556.624353254,3642029.4557054667],[3190559.1217056913,3642082.269989885],[3190567.7103564213,3642152.562785143],[3190574.4592745765,3642215.6054154932],[3190580.0097006466,3642283.6315395846],[3190576.30291483,3642300.258861071],[3190569.5449998314,3642333.9248126834],[3190562.497095722,3642363.2477242276],[3190557.544320738,3642386.8077150057],[3190554.7555802325,3642404.8756518443],[3190561.590043532,3642439.231988828],[3190571.5158791756,3642462.07415935],[3190580.0686009494,3642481.687978395],[3190591.332101494,3642501.1604446257],[3190598.2054854073,3642508.7907122984],[3190605.788802963,3642517.0722357193],[3190604.615459131,3642525.3586495193],[3190603.6314982986,3642533.320596706],[3190603.8153071404,3642542.637060642],[3190601.2595626013,3642546.590536546],[3190590.3270408306,3642560.634659119],[3190590.6371567454,3642570.4727628357],[3190599.1322431522,3642579.0778980027],[3190601.111241036,3642586.8464606507],[3190596.5967517626,3642597.070492984],[3190584.5940810414,3642604.777418297],[3190583.9161199694,3642610.7366568213],[3190585.7217772473,3642621.0279870396],[3190586.379177447,3642634.36456826],[3190585.0170318605,3642644.0707525383],[3190575.599041038,3642653.3285545926],[3190567.2759893946,3642662.587109413],[3190570.4224641016,3642670.6148465285],[3190567.3249570937,3642681.0352394497],[3190566.4336559335,3642694.750713951],[3190565.844286613,3642703.1667208713],[3190563.125166779,3642711.8428706108],[3190554.8995989277,3642716.118757912],[3190547.340000478,3642722.9825977823],[3190546.0345156244,3642730.748942541],[3190538.1660724077,3642740.7232198534],[3190527.4575717635,3642749.2111323546],[3190514.247316977,3642759.701914302],[3190500.336581454,3642770.6460799053],[3190491.49336423,3642778.9290797412],[3190487.380192062,3642791.8195586717],[3190487.006239633,3642795.742017255],[3190486.412802146,3642801.9798219483],[3190487.8249322884,3642812.9123435244],[3190489.4044937785,3642828.7723765043],[3190487.4591435287,3642838.3489907975],[3190490.6030637226,3642846.36581929],[3190494.327609243,3642855.619948647],[3190490.8099020002,3642860.0928371274],[3190475.466818651,3642868.642470252],[3190466.1159205204,3642878.1605384094],[3190457.3894516537,3642884.765366757],[3190448.9181564525,3642890.2104659257],[3190444.165859306,3642892.1811821978],[3190440.6263298113,3642893.1312322477],[3190435.4900287203,3642895.521635952],[3190434.7170234937,3642895.7165296883],[3190429.8489678204,3642900.2532106484],[3190416.162271088,3642906.7365940656],[3190407.602232947,3642907.511152861],[3190400.585181979,3642909.003641648],[3190392.5859852294,3642906.6157629774],[3190381.0436130622,3642905.397999881],[3190372.3912386396,3642901.514409755],[3190366.950922857,3642897.3744186154],[3190358.8526559565,3642889.2346443483],[3190350.8793975934,3642886.402110709],[3190340.702690588,3642883.410267084],[3190336.7316366727,3642877.0433730995],[3190329.017319129,3642869.2911099275],[3190319.341564557,3642850.248946393],[3190316.57239494,3642838.4708599797],[3190314.250429809,3642829.3589349664],[3190308.2252857257,3642815.63444319],[3190298.7144672563,3642806.2481030887],[3190294.270990051,3642794.2003432983],[3190288.3616914246,3642781.8418731214],[3190281.9179491587,3642770.0678661363],[3190261.536787975,3642739.6344591104],[3190216.4979948336,3642669.226180149],[3190183.1929666945,3642618.7248731963],[3190148.780344217,3642563.879063064],[3190131.856805359,3642543.4244736107],[3190107.763679273,3642525.4812711016],[3190077.955717299,3642500.4233780983],[3190058.792904906,3642484.696271359],[3190043.643730639,3642481.125336031],[3190003.77242818,3642471.543296079],[3189979.372735435,3642465.0012349524],[3189949.176760318,3642447.4330797843],[3189905.8925411804,3642419.0751807867],[3189853.67659994,3642396.2105321395],[3189814.5604751,3642376.972297971],[3189787.0901112426,3642363.802581992],[3189764.576138842,3642361.6172660575],[3189741.679421589,3642366.078264434],[3189715.006863131,3642377.3842547904],[3189694.287262209,3642387.8344915765],[3189676.22662796,3642394.6851730123],[3189657.9151385045,3642373.820632032],[3189639.326892484,3642356.9465394346],[3189616.519726092,3642341.1713952813],[3189582.6422355743,3642322.9424189813],[3189547.1977068307,3642310.3326028753],[3189467.726877653,3642304.1606001165],[3189418.5104279257,3642307.653135504],[3189347.3639640436,3642319.2973966496],[3189296.9736599596,3642330.444500109],[3189245.1596391397,3642350.3463869947],[3189224.3358877087,3642358.749543277],[3189180.8711549845,3642339.782842983],[3189166.84337111,3642333.8787617707],[3189141.2289215447,3642321.443077425],[3189118.007876888,3642299.996952674],[3189051.4436877826,3642257.9860508856],[3188967.103323669,3642219.9437038084],[3188867.4443073105,3642187.337662887],[3188794.11350651,3642163.850693618],[3188745.8016868317,3642154.517289656],[3188720.5987275764,3642149.84409375],[3188668.5240288675,3642127.819239502],[3188644.399572298,3642119.2069722423],[3188611.780171114,3642105.912773663],[3188593.676207008,3642098.3983688597],[3188560.0422376622,3642099.5448255213],[3188530.3272605063,3642099.6904405644],[3188516.873336897,3642108.3461453323],[3188488.8919481216,3642111.2025135416],[3188455.048540664,3642099.2792608566],[3188410.545689447,3642083.0365414647],[3188313.1475587403,3642048.462372305],[3188282.7465449804,3642037.758038821],[3188278.483380763,3642023.0819106754],[3188271.987692047,3642005.821358912],[3188261.7114071427,3641992.1333915605],[3188244.818359269,3641981.1774912095],[3188238.939581964,3641964.2800840884],[3188235.511219191,3641946.763806363],[3188229.232380767,3641924.1898654476],[3188214.6802358925,3641895.8290019175],[3188200.995007974,3641866.7302543703],[3188173.202859644,3641802.8501689686],[3188158.62920809,3641770.297081562],[3188161.4933720455,3641756.969121874],[3188165.612447026,3641728.0903468602],[3188156.8387920605,3641699.849976558],[3188143.7443040465,3641648.541155327],[3188133.185713187,3641629.6658884045],[3188116.2432489195,3641630.796640955],[3188075.468902249,3641630.589181269],[3188043.9747360535,3641626.250592187],[3188028.3910983102,3641624.0977467513],[3187994.546903385,3641612.1651886366],[3187954.982272624,3641590.122520077],[3187930.9676767336,3641579.9051104495],[3187911.312000596,3641578.573616309],[3187896.4855262646,3641583.8872854887],[3187891.8321628496,3641594.7037323513],[3187891.6604745914,3641635.974908268],[3187890.2415589094,3641657.875610178],[3187887.8563499954,3641693.3863297654],[3187884.450719199,3641703.161106942],[3187878.522367467,3641727.677171015],[3187888.003936452,3641770.5922587393],[3187890.6683286363,3641794.056250469],[3187901.347318154,3641806.950134825],[3187899.7865398224,3641821.0909124725],[3187891.3378243106,3641831.390141049],[3187883.7672722572,3641842.217146892],[3187870.379097343,3641853.3952637715],[3187856.560243746,3641851.316275486],[3187840.728615142,3641847.1510543018],[3187817.0838079127,3641842.722552583],[3187801.7120499117,3641856.2702953946],[3187778.4910338675,3641850.616275265],[3187733.704089435,3641840.020523865],[3187678.263676057,3641820.976645467],[3187611.9286911204,3641808.399666297],[3187551.117600848,3641804.4609133885],[3187513.766033131,3641830.2415358042],[3187477.7356932727,3641858.2835107637],[3187439.8413770767,3641866.0036576022],[3187393.8774977084,3641875.3946064617],[3187364.724822361,3641879.7873816052],[3187351.2069623424,3641879.305977466],[3187336.41586046,3641878.77738264],[3187308.2481761524,3641874.0067704893],[3187254.5042912154,3641848.599239826],[3187220.4031246603,3641839.3895148803],[3187185.907707963,3641835.8615306555],[3187154.903111701,3641835.8914601076],[3187136.3778712824,3641835.2463863357],[3187138.1101740384,3641858.4507716],[3187145.2406483414,3641862.380022],[3187148.586675333,3641870.333706193],[3187152.887418568,3641882.0248677055],[3187161.9675471475,3641885.0114850476],[3187168.7255280553,3641894.316951162],[3187165.0214715013,3641910.661169765],[3187172.406916562,3641922.44902915],[3187173.1063564373,3641935.477298768],[3187171.68495284,3641953.8970338847],[3187169.6271147835,3641969.825116261],[3187165.1030068076,3641986.3882149644],[3187164.4144201283,3642007.701995287],[3187173.7886550883,3642023.8193241484],[3187187.1812162744,3642040.258635316],[3187200.865402856,3642054.409936251],[3187186.818179154,3642079.1122939717],[3187179.938190851,3642089.8817973365],[3187172.495378,3642101.8776964056],[3187158.1471011154,3642120.2556059766],[3187133.4787238883,3642141.9115990894],[3187112.883477428,3642157.2443980663],[3187088.290542472,3642175.790854208],[3187082.319704123,3642191.83197497],[3187076.7454943913,3642233.871911626],[3187064.9036837723,3642252.1586883133],[3187071.1063595116,3642271.2920777667],[3187080.369567139,3642286.999060411],[3187094.171051945,3642303.3231418235],[3187109.029759894,3642323.785524618],[3187120.882300839,3642356.4602035643],[3187122.4027162325,3642384.7005776456],[3187119.934597471,3642400.732641889],[3187109.405757531,3642428.052238977],[3187111.1550799543,3642458.875833447],[3187124.210387028,3642518.5449457183],[3187126.515561794,3642543.334657201],[3187121.312959773,3642557.7285290197],[3187118.432447696,3642562.481877159],[3187118.8250760306,3642568.5642871168],[3187118.258449033,3642571.5677416706],[3187115.6443604855,3642574.55837983],[3187114.1927827206,3642576.5400323276],[3187113.257867276,3642581.6087546544],[3187112.3955997596,3642584.156447105],[3187110.5009019133,3642585.442835728],[3187107.1357579306,3642586.5589807853],[3187104.442465495,3642590.642227301],[3187102.2841448653,3642593.7021647543],[3187099.366900309,3642595.869898766],[3187088.719133935,3642600.615137238],[3187069.053521818,3642600.7439196147],[3187057.362987509,3642597.9796447796],[3187056.55335153,3642594.6552614896],[3187052.480161072,3642593.493951896],[3187050.7555170488,3642590.2510132687],[3187046.60817313,3642586.202129279],[3187043.9237430086,3642581.95631993],[3186990.211386611,3642573.1299608955],[3186878.164250989,3642552.5882337443],[3186789.704472562,3642535.321176833],[3186724.19233224,3642515.3421810465],[3186663.459717259,3642486.6698502395],[3186627.398086611,3642467.165955618],[3186590.230391443,3642467.3295990606],[3186558.646416614,3642485.8838225007],[3186541.9401912107,3642497.595197562],[3186523.0253530303,3642502.3802119214],[3186491.4116272796,3642486.5960220434],[3186443.7752599833,3642476.6302214414],[3186360.2084306725,3642466.5057151373],[3186276.3436624995,3642443.2520253295],[3186157.9857541067,3642420.354718001],[3186143.995921738,3642422.130300446],[3186129.4831257407,3642423.5999901677],[3186116.5638256003,3642431.275262877],[3186093.48174516,3642443.725418487],[3186084.080554395,3642454.904819852],[3186090.3803241025,3642472.6871279837],[3186098.821263893,3642502.2686218214],[3186104.4129827884,3642522.4215231864],[3186107.6467687385,3642543.632506439],[3186108.672636022,3642573.3143874975],[3186096.351846126,3642593.6062238743],[3186071.306430134,3642649.712937189],[3186064.0864249226,3642693.373211716],[3186057.2906664787,3642738.6908620736],[3186051.3888414735,3642778.9381457167],[3186038.0566111966,3642817.5368454363],[3186009.503920992,3642902.709576484],[3186007.735835328,3642914.610230395],[3185998.4888844714,3642933.2366598463],[3185994.992165187,3642948.654441957],[3185984.272010248,3642961.4947629846],[3185972.8719635895,3642980.2395747993],[3185961.587098972,3643001.146730911],[3185957.7720088605,3643015.318801252],[3185954.418555394,3643036.4327811473],[3185963.5679406133,3643049.9642891507],[3185971.9481276786,3643070.73773618],[3185972.655194129,3643083.7766111046],[3185959.4838758307,3643085.3461440033],[3185936.5239026346,3643099.970321412],[3185925.2150739953,3643101.945056065],[3185908.219706595,3643100.5266736127],[3185890.1429673284,3643106.8676590053],[3185877.284025218,3643107.920072909],[3185866.839385461,3643116.7234468404],[3185854.4884073474,3643130.4500763654],[3185853.905361982,3643132.166311275],[3185851.9384333286,3643133.1948454077],[3185850.2762890584,3643134.688316185],[3185850.3221076694,3643136.0607973346],[3185850.0225400086,3643140.3119512303],[3185852.057933405,3643146.866994344],[3185852.126104203,3643150.609822963],[3185851.52243452,3643154.165189239],[3185849.9032853507,3643156.1898763427],[3185848.3208302725,3643158.020730233],[3185847.5369485086,3643159.8339510537],[3185847.7428589882,3643162.3769735745],[3185849.781472452,3643165.805482779],[3185850.372594249,3643169.8542079628],[3185850.21058804,3643170.621866831],[3185849.1015414954,3643176.71579439],[3185848.0679051434,3643181.7295017634],[3185848.1776647456,3643185.634814499],[3185847.365504273,3643188.712405544],[3185846.7126396205,3643191.7381332126],[3185846.729445232,3643193.87920689],[3185846.2595811766,3643198.6579116676],[3185845.204214748,3643200.447597915],[3185843.291422695,3643202.3620936894],[3185834.1358973095,3643201.7273685625],[3185828.534500231,3643205.567682484],[3185827.3786574192,3643214.280170841],[3185824.8487087786,3643222.913803146],[3185825.6554408967,3643228.7649259763],[3185826.398897296,3643239.2456884086],[3185828.3513328843,3643246.61758327],[3185830.3262213813,3643249.796934033],[3185833.0414365083,3643252.419756893],[3185836.9773187693,3643258.412888453],[3185838.1659823833,3643260.2572712265],[3185838.4841229348,3643262.771883405],[3185838.483152206,3643267.074327919],[3185837.5925677447,3643275.0852907803],[3185837.6759135914,3643277.486338984],[3185838.751224094,3643281.6892979927],[3185843.994828116,3643288.954566952],[3185845.2202482913,3643291.33174347],[3185847.7145250533,3643294.102777678],[3185851.2269199193,3643297.0658704033],[3185852.320863047,3643300.6412734236],[3185851.3267150223,3643304.7453449788],[3185851.646848855,3643306.359797042],[3185852.1942694397,3643309.1739148055],[3185852.4985376466,3643311.426756248],[3185853.3125704853,3643313.9080892922],[3185855.361787142,3643319.479237865],[3185856.643425581,3643323.0878579295],[3185862.61144198,3643323.456910723],[3185874.826227327,3643327.723081585],[3185888.642720853,3643337.1085602585],[3185894.9498886475,3643342.8243063074],[3185891.7057211874,3643355.8255821383],[3185891.187710165,3643363.269304159],[3185899.2686253563,3643390.8081780733],[3185903.137739097,3643408.6290705744],[3185899.061733337,3643419.753307267],[3185895.7036747327,3643428.262102222],[3185890.971044058,3643438.168520026],[3185893.301671965,3643445.9290929884],[3185894.205501615,3643458.9298082134],[3185886.172196899,3643462.705357629],[3185880.9267806793,3643469.2583520976],[3185885.7077291766,3643477.1021134397],[3185889.1163357417,3643487.727019758],[3185884.109154363,3643493.86214672],[3185877.785840612,3643497.550804631],[3185872.8124323543,3643507.864268534],[3185865.8135236898,3643519.728656478],[3185860.8289324697,3643528.6493585845],[3185854.1928424602,3643533.812887342],[3185851.0176368007,3643545.7587766275],[3185845.6977565046,3643553.3687837003],[3185835.8778532143,3643556.9048042567],[3185831.6557807,3643570.1538703544],[3185830.39545546,3643576.0439685322],[3185831.0116339223,3643594.6885596216],[3185828.427674136,3643608.9184981645],[3185826.8370599076,3643614.89223757],[3185827.0655034008,3643623.8771492047],[3185820.445961252,3643631.8278534967],[3185810.8259361736,3643641.564876947],[3185813.586630013,3643652.3538365383],[3185818.660703744,3643655.947952803],[3185817.4972091187,3643664.9393087295],[3185810.3823101567,3643670.92780484],[3185810.1142093455,3643679.3464173684],[3185813.3540409687,3643689.3104689973],[3185806.2391983615,3643695.2989717945],[3185795.3190019825,3643693.185233205],[3185785.994924651,3643698.6835917677],[3185784.5136859324,3643707.755444224],[3185787.9702161294,3643725.3348472044],[3185783.534809705,3643730.9794036224],[3185778.546674095,3643727.7211332372],[3185776.6790597565,3643728.54008989],[3185776.051405509,3643743.67040459],[3185773.018187971,3643752.097207182],[3185768.4363896023,3643759.866553456],[3185758.819616318,3643769.614521505],[3185755.3928735857,3643780.5747258505],[3185745.796078819,3643793.0974316],[3185740.2699181074,3643805.2929093014],[3185739.880676572,3643820.0053492566],[3185730.270426306,3643830.063210476],[3185719.7272893135,3643843.1140417033],[3185710.036266625,3643853.9190877043],[3185710.505221631,3643861.5859493474],[3185708.1914086817,3643871.4224047204],[3185708.263749277,3643876.502229009],[3185711.5511415424,3643876.719306982],[3185718.492972988,3643873.7386485725],[3185721.772818149,3643874.3152071936],[3185722.425252827,3643878.2907758155],[3185716.9285177905,3643883.858227934],[3185708.528814489,3643892.9406353496],[3185699.0025183484,3643892.2274284777],[3185695.3369017895,3643891.414093249],[3185688.039909493,3643884.5537290624],[3185678.1125730257,3643883.59609626],[3185668.284500302,3643887.123252395],[3185652.5815200424,3643898.75903808],[3185637.4008397395,3643904.345510111],[3185634.3719814047,3643901.97529613],[3185624.52158449,3643901.344325251],[3185620.22156551,3643903.471497184],[3185614.119973185,3643903.978788246],[3185601.748739398,3643902.936707275],[3185593.9294201797,3643902.1258670157],[3185585.699384598,3643901.0845695096],[3185576.431189648,3643902.728450425],[3185575.134883892,3643903.056784351],[3185565.293086488,3643903.8078804924],[3185556.151176783,3643900.5523107173],[3185552.508330815,3643902.5246322057],[3185549.558898755,3643911.2765554497],[3185544.3864478394,3643916.762141379],[3185534.3151871003,3643919.313126456],[3185527.6802811753,3643913.6924428693],[3185526.8629988628,3643913.195858746],[3185518.088032649,3643915.4185319915],[3185503.0966836307,3643924.4409316834],[3185494.4943375858,3643927.31199852],[3185486.106574958,3643927.0028975103],[3185485.998114637,3643922.508873935],[3185486.6813189643,3643915.7150515155],[3185476.2544714874,3643914.180773419],[3185464.163203606,3643919.6773675876],[3185448.512346946,3643927.471364472],[3185434.640593498,3643921.942281995],[3185433.874935033,3643917.6031908942],[3185433.625377885,3643916.6283059847],[3185427.3178653335,3643910.913257696],[3185420.1695100097,3643912.724072837],[3185412.9466441325,3643915.591878791],[3185414.882486405,3643924.502090146],[3185409.6384364897,3643931.055648823],[3185400.1575324987,3643937.286848338],[3185396.0119820167,3643949.4793529436],[3185387.5927764284,3643955.7876724065],[3185386.2648807475,3643951.9485766347],[3185381.896529352,3643944.3466590354],[3185364.6421843003,3643955.3385664397],[3185357.7086304696,3643964.7540140403],[3185353.299415664,3643974.5680751284],[3185348.480495858,3643982.755761153],[3185341.5402468005,3643985.3791057784],[3185338.992988677,3643982.1949652988],[3185339.4589112755,3643979.297101354],[3185337.4598759683,3643972.836675854],[3185333.016910865,3643971.0094256727],[3185332.848643353,3643971.052055147],[3185326.1191370687,3643974.498654998],[3185320.256354147,3643979.2828513575],[3185316.554016497,3643985.79202288],[3185313.7786250813,3643995.8958363775],[3185315.823657724,3644003.209700432],[3185319.254684017,3644004.4282097216],[3185325.534969201,3644006.666586655],[3185332.4835801264,3644011.515480969],[3185333.1031745505,3644017.9793457156],[3185328.1073913835,3644020.110105248],[3185321.1532360055,3644019.957192612],[3185313.665147288,3644019.766543904],[3185306.1398174465,3644020.1043979498],[3185299.966364458,3644027.770258694],[3185296.140049032,3644038.4864025684],[3185291.515963531,3644046.786324882],[3185287.124256986,3644047.206924345],[3185284.232003005,3644039.1503387913],[3185283.911908623,3644034.0639376994],[3185280.703851925,3644028.221264166],[3185272.8254829478,3644028.994659205],[3185256.4944375404,3644038.7958353916],[3185247.631033863,3644038.5731127555],[3185232.8338883286,3644037.154732941],[3185220.4596851775,3644037.5793664744],[3185205.277864977,3644030.848782985],[3185194.5332303517,3644025.1970681064],[3185186.93057248,3644024.1705487035],[3185177.598400556,3644030.722229045],[3185163.156185942,3644030.6905582873],[3185150.788168124,3644031.11380206],[3185137.248929154,3644028.880972598],[3185122.6098156692,3644026.1886584936],[3185108.7685761554,3644021.8177613597],[3185099.1732491953,3644015.8865264393],[3185093.3244758146,3644010.228607551],[3185086.7674867976,3644011.394160129],[3185079.6442433214,3644013.1992070465],[3185074.2749342285,3644010.3726999136],[3185068.2617431013,3644005.9906834024],[3185055.922126226,3644002.7158388724],[3185050.5260171327,3644004.5792535744],[3185049.1670629876,3644007.8765232535],[3185054.335557783,3644014.6872467995],[3185057.7030942794,3644018.2747640605],[3185057.761343835,3644018.5022329595],[3185054.622191814,3644022.4928496373],[3185050.8208250743,3644021.97970456],[3185046.0735862097,3644017.772902906],[3185045.4348903876,3644017.1965307714],[3185038.14427715,3644011.6618093504],[3185029.2571992306,3644007.512116706],[3185025.4312371165,3644004.05231835],[3185018.9009804307,3644000.528072099],[3185005.493974098,3644000.730508768],[3184999.0572818406,3644001.381237333],[3184998.776705551,3644010.807058341],[3184999.471538772,3644019.247464303],[3184996.3948047524,3644031.1005834662],[3184995.2747950302,3644043.934284767],[3184992.989741643,3644054.110332132],[3184993.91695448,3644063.483847559],[3184992.990812616,3644070.3626064667],[3184989.2556960643,3644071.0669546593],[3184984.5718738036,3644068.066827846],[3184980.290958612,3644064.7223645183],[3184979.191089513,3644064.262874971],[3184972.668820503,3644061.7286727177],[3184968.1004832867,3644065.8393470356],[3184965.915375862,3644074.513643528],[3184968.2181680375,3644082.5465587354],[3184965.6496098684,3644093.532727669],[3184960.927196172,3644109.5056814356],[3184956.507083686,3644118.9886639486],[3184946.2824313845,3644121.09552747],[3184932.959551831,3644117.816488179],[3184926.9594911677,3644115.403777164],[3184925.386249068,3644112.1113491757],[3184929.7353671873,3644109.0366297755],[3184930.283149843,3644105.448874037],[3184922.565872396,3644096.3312984547],[3184915.961668195,3644089.642319465],[3184908.9067322556,3644085.0285096667],[3184901.6112951366,3644087.1197509067],[3184895.1851573642,3644089.7289140057],[3184894.1577718966,3644090.4853048227],[3184890.7299677003,3644094.3070147517],[3184895.379275511,3644101.0069717164],[3184901.335346481,3644104.1805688767],[3184903.7883510827,3644109.949181346],[3184898.3692940967,3644116.490269782],[3184890.71695256,3644124.83163534],[3184878.5530898003,3644129.887090831],[3184868.2674263176,3644131.755834436],[3184856.704333962,3644132.4719115505],[3184852.4285779484,3644130.1067104503],[3184854.973769299,3644123.7979560085],[3184857.402450258,3644117.0342698693],[3184853.692899422,3644114.029552532],[3184841.3912293594,3644115.6710906248],[3184832.1073892806,3644120.4926928156],[3184822.1670594537,3644130.394604357],[3184806.894058531,3644134.115909233],[3184797.1546289204,3644137.2882320466],[3184793.086469454,3644143.014142225],[3184794.982004626,3644151.76164275],[3184797.1854981985,3644158.3432539986],[3184801.489923187,3644162.9965986023],[3184805.00972371,3644165.934023861],[3184803.9802913945,3644170.024567752],[3184797.4477727283,3644172.8915790524],[3184796.7996639144,3644173.055859967],[3184786.738455558,3644171.603524206],[3184779.3708072016,3644171.210222759],[3184768.8700621645,3644176.8249357226],[3184761.694526181,3644185.264913918],[3184756.7175031067,3644194.877865386],[3184748.67504075,3644203.3530759905],[3184741.534430607,3644205.8667933834],[3184736.9220346063,3644203.3794003525],[3184735.30488993,3644199.786683349],[3184733.7655342994,3644195.1245605955],[3184735.0473888693,3644192.0196800097],[3184737.666082932,3644188.0453116684],[3184735.6715884665,3644182.979486965],[3184731.596231161,3644176.52633191],[3184726.1575427568,3644172.160560842],[3184720.1349371243,3644172.3030523136],[3184708.6576175205,3644177.473373985],[3184703.340468011,3644185.0847879485],[3184695.591576569,3644188.6178997355],[3184676.6717191963,3644188.3617944447],[3184640.0738069476,3644191.376176332],[3184627.507060239,3644192.993267837],[3184621.141194463,3644195.137741637],[3184615.9218654316,3644205.8505162043],[3184614.252462537,3644216.8975785207],[3184610.277582246,3644229.048217139],[3184607.0153910946,3644233.8779450054],[3184598.6945328983,3644237.198680081],[3184592.0166270575,3644236.8038515924],[3184587.4457723517,3644234.4790826896],[3184582.854993713,3644235.4699519547],[3184575.458241132,3644242.3976470227],[3184576.4075096063,3644249.470257311],[3184567.0393551253,3644259.50473566],[3184550.611267158,3644272.3673754646],[3184537.735879006,3644286.947822035],[3184527.499763824,3644300.3285323563],[3184525.3907663827,3644312.3523116442],[3184517.9571191343,3644319.808603299],[3184511.3235744545,3644324.974174724],[3184504.6511770785,3644331.360808389],[3184500.8777770344,3644338.235134217],[3184488.6290526167,3644349.1732945647],[3184478.4513091836,3644354.0264006187],[3184468.984815359,3644356.2421815014],[3184468.019974795,3644357.190479526],[3184452.281229322,3644363.9612784376],[3184440.4028710593,3644370.2838826887],[3184439.754793387,3644370.4482162255],[3184437.37274726,3644378.7116517643],[3184441.8006717935,3644388.558894707],[3184446.891255484,3644406.405075466],[3184447.9925479665,3644435.021668777],[3184450.2129545417,3644443.6868510195],[3184453.478640139,3644450.3451524596],[3184453.844305667,3644450.4254586427],[3184458.721776241,3644449.880783122],[3184462.805478044,3644451.625272448],[3184465.5535271196,3644454.9427196123],[3184469.965767241,3644457.2960212547],[3184478.432902833,3644457.9405522905],[3184486.5642069103,3644462.6614498105],[3184490.9122474114,3644466.7844026643],[3184491.7903401144,3644470.910537261],[3184490.427258866,3644472.997990945],[3184485.2240643147,3644474.317348359],[3184479.321095501,3644473.55324256],[3184475.801156753,3644470.6160838953],[3184471.7209286513,3644468.8591729025],[3184466.911514962,3644473.7353788135],[3184469.310247929,3644484.443225522],[3184475.3802281856,3644502.744710805],[3184475.085436856,3644512.3937342623],[3184472.330598682,3644519.8750256784],[3184466.97000134,3644525.940726931],[3184458.9232208747,3644533.0221160585],[3184450.3987916033,3644541.6319543533],[3184445.8500673575,3644548.1724047316],[3184439.7194125676,3644555.2985791243],[3184437.39551129,3644560.421256787],[3184441.7317416216,3644563.1513816295],[3184447.0996586243,3644563.174408146],[3184454.952922915,3644563.4438877706],[3184464.3656130983,3644565.0597721348],[3184469.5444718823,3644566.365039694],[3184469.7481175554,3644566.4864291],[3184472.4011540855,3644573.473109022],[3184468.8166558025,3644584.4754332667],[3184466.5125646912,3644591.669423577],[3184461.6155536594,3644595.529719715],[3184456.7309317766,3644595.3725973405],[3184451.223542735,3644593.458542659],[3184450.5754981907,3644593.6228757524],[3184447.2142675063,3644596.044030089],[3184445.131300578,3644606.1465443806],[3184445.9353675004,3644615.34392316],[3184448.1531214835,3644623.9982467084],[3184452.8932991987,3644632.370515045],[3184456.9572308417,3644637.4306069016],[3184461.481914768,3644644.2887216643],[3184458.96067945,3644649.2884141384],[3184451.758080181,3644661.0352624445],[3184440.2999857385,3644674.380376084],[3184428.2461255696,3644683.354769182],[3184417.0629964853,3644690.3665549275],[3184407.423861968,3644694.599002029],[3184401.6768197916,3644720.7767344774],[3184394.705228661,3644769.1822750303],[3184394.562427441,3644805.0819990635],[3184376.6394673884,3644858.0069679194],[3184367.9801972024,3644886.307773848],[3184367.1661084797,3644908.7891524127],[3184366.173843762,3644940.024985835],[3184357.648648355,3644964.808204256],[3184346.0851575555,3644985.8401847407],[3184331.111475558,3644996.259384936],[3184308.3525449894,3645010.0375746787],[3184295.8677134383,3645027.473695119],[3184279.8728504106,3645054.1519197766],[3184275.0880330577,3645078.6904363832],[3184258.3383958926,3645102.422627128],[3184238.7338168314,3645113.6709154733],[3184224.6467070226,3645123.508164074],[3184216.279588056,3645136.762487273],[3184190.941429932,3645153.987462791],[3184161.947380274,3645171.782475037],[3184131.080520724,3645190.3989230683],[3184103.4068656936,3645210.6510885027],[3184086.9280693405,3645227.3595862994],[3184075.925687978,3645246.5086077866],[3184072.6007523704,3645259.1878181524],[3184078.7187347077,3645261.4654711466],[3184093.727051238,3645255.2236937727],[3184109.761954339,3645255.677544382],[3184126.3777341302,3645269.21549703],[3184134.4425709555,3645292.570998789],[3184131.2463004496,3645311.135303853],[3184117.69268055,3645327.11320771],[3184104.6332114786,3645343.646416686],[3184094.2912967135,3645364.0237476258],[3184093.646478369,3645387.154966236],[3184092.0980319646,3645408.0814241166],[3184098.6958401753,3645420.3310694024],[3184108.533614752,3645430.36286375],[3184125.816682781,3645434.341310161],[3184143.146840889,3645434.4664764768],[3184151.60052473,3645433.7175384797],[3184158.9841457875,3645453.069943393],[3184159.8228002526,3645456.340950654],[3184160.2892725132,3645475.706387935],[3184163.188469831,3645504.5599009227],[3184168.5949699385,3645520.237991049],[3184176.297764049,3645531.803572325],[3184146.8993598064,3645546.2759661437],[3184121.296001902,3645538.1562056667],[3184104.4092815644,3645520.868887141],[3184098.3744751997,3645497.3328818493],[3184097.5382143855,3645472.48943147],[3184092.784146268,3645445.848366217],[3184079.0430592876,3645413.839296602],[3184060.9571286347,3645389.184989257],[3184036.4133777665,3645377.878023417],[3184014.701262802,3645374.250718197],[3184003.327562212,3645370.8842189573],[3183984.764442388,3645359.0174366287],[3183976.453613446,3645351.759152913],[3183938.97072229,3645342.5245105773],[3183919.6976266657,3645340.9319184306],[3183905.942726708,3645342.253534328],[3183896.660999837,3645340.5251383362],[3183891.5392790744,3645331.7309410656],[3183889.394391421,3645307.5308182007],[3183892.8998490185,3645272.760512066],[3183906.1419994673,3645255.4650102397],[3183917.7557970183,3645246.750124125],[3183935.238357637,3645218.042701775],[3183933.9144358137,3645206.358331653],[3183927.941510004,3645196.1073879693],[3183913.4431700734,3645185.7586850454],[3183886.3864586554,3645188.1021821992],[3183864.5756539525,3645197.6281189513],[3183827.904149799,3645221.942026972],[3183810.9886852764,3645233.2715025377],[3183792.405984056,3645241.747968075],[3183777.7650469756,3645241.945029071],[3183760.952602306,3645238.2288185833],[3183744.8831736594,3645230.1134770536],[3183725.9796827314,3645210.9738297616],[3183694.5905215973,3645186.800905538],[3183680.4069539364,3645174.215642725],[3183669.3525511473,3645155.668114281],[3183650.518800812,3645112.377644027],[3183644.353220825,3645098.1958418116],[3183631.911835609,3645077.889259857],[3183584.624347454,3645025.370137799],[3183539.555767402,3644983.3164847605],[3183499.713410075,3644950.7227409156],[3183483.190663183,3644941.7770137726],[3183465.676892037,3644938.9547369303],[3183455.1635739375,3644934.3440537965],[3183431.378799865,3644914.3444367014],[3183406.5089499336,3644889.2098869816],[3183395.480638592,3644874.416732488],[3183383.327582852,3644844.346876522],[3183366.925124266,3644818.9780373736],[3183351.504956671,3644801.319792562],[3183336.145990217,3644790.290846783],[3183295.6002910696,3644772.377532241],[3183239.578456282,3644759.719986029],[3183182.9835024737,3644743.563066329],[3183148.6685267445,3644729.3755694535],[3183113.2887804913,3644717.4543757336],[3183094.1680611977,3644702.0628367774],[3183066.96953098,3644675.778567152],[3183047.230475354,3644670.8345209328],[3183004.2249060012,3644656.20103454],[3182992.058202298,3644647.350213553],[3182981.445910873,3644629.1409746],[3182964.3014451014,3644608.5987987397],[3182948.8856764166,3644590.9401698452],[3182928.788171864,3644579.4540824112],[3182907.897185039,3644576.4642068557],[3182877.0645003887,3644582.2978421077],[3182843.4134115227,3644593.8311592517],[3182814.0035798084,3644612.916961082],[3182802.0684752334,3644634.5331964185],[3182795.454176029,3644652.4678575224],[3182781.6015191004,3644666.6110115475],[3182764.3717345786,3644675.301442248],[3182748.7541578347,3644672.2997760805],[3182736.3531741025,3644663.8320007767],[3182719.782805289,3644657.092290814],[3182696.584629912,3644656.67365883],[3182663.3121104646,3644667.1202463526],[3182636.863640599,3644678.475700643],[3182601.5732696382,3644688.766212019],[3182589.836402736,3644695.7391369515],[3182580.6961383615,3644707.6824204437],[3182592.4190694015,3644749.501478655],[3182600.667160047,3644772.637025558],[3182595.96695082,3644786.4404997393],[3182578.7460496463,3644796.456306144],[3182552.2903656117,3644806.487637834],[3182521.2925471775,3644810.3817919907],[3182495.632100925,3644801.6373409075],[3182473.4206272443,3644788.359670612],[3182459.470491319,3644788.9848022447],[3182415.2596153803,3644806.8732835893],[3182378.9673705297,3644817.524247581],[3182357.102142978,3644832.897324542],[3182340.6102962247,3644841.5637413417],[3182332.6974950866,3644848.719627537],[3182323.2121092416,3644853.783132892],[3182306.433716474,3644860.376656558],[3182289.891722842,3644867.890823264],[3182273.9611388342,3644873.9345023977],[3182261.4312399337,3644858.532299022],[3182263.9001491657,3644837.3346636947],[3182255.4262516173,3644824.8820914137],[3182230.412960627,3644819.954745286],[3182184.116240524,3644811.8061139304],[3182156.908415873,3644824.026930717],[3182128.7008495866,3644847.7851884244],[3182104.0713761738,3644872.630309648],[3182082.403146347,3644898.7189928116],[3182066.6396356006,3644906.705388978],[3182047.539223375,3644904.256654012],[3182029.070130879,3644898.347935057],[3181936.7739292365,3644904.5347773335],[3181881.8830130957,3644888.616960515],[3181860.358733504,3644874.174870123],[3181856.893369632,3644847.8394665504],[3181848.0191094247,3644823.5480762757],[3181830.366638582,3644808.7794945478],[3181810.1611087103,3644784.0456755976],[3181784.3650955427,3644778.661811338],[3181767.6875748597,3644788.208328521],[3181740.5529446458,3644790.456520482],[3181713.8172544856,3644783.973571103],[3181683.2360670897,3644762.5468695536],[3181647.147101208,3644750.481249576],[3181588.1470977133,3644744.240631378],[3181556.4741470865,3644741.6672698497],[3181532.313263217,3644727.227386188],[3181505.477787268,3644728.0855173673],[3181472.373649236,3644740.48295971],[3181461.362156807,3644741.286812911],[3181457.888544325,3644732.8823848255],[3181456.661303469,3644715.2652304135],[3181452.1787335873,3644697.8181596957],[3181439.3658200055,3644686.4696331536],[3181420.1452468964,3644688.703219075],[3181399.998752785,3644695.7296342105],[3181379.820064055,3644710.794441062],[3181352.117512038,3644745.067362519],[3181336.7339785527,3644778.792296475],[3181322.0696166987,3644818.95704108],[3181326.9498100374,3644847.067569325],[3181328.32743076,3644864.7504592985],[3181318.19378201,3644885.476114761],[3181317.4024803666,3644887.407986543],[3181301.1346379756,3644899.321399793],[3181298.512043112,3644912.5181949735],[3181298.7430918575,3644928.450556966],[3181297.7984397393,3644937.586292271],[3181296.0275086593,3644954.639292579],[3181292.8633948313,3644975.750191372],[3181297.62742888,3644990.956640779],[3181312.3381875916,3644999.745284858],[3181328.023934746,3645003.95940605],[3181338.7026111623,3645000.3899099054],[3181348.035680162,3644993.262937291],[3181355.3002706394,3644979.7394707613],[3181369.130976288,3644953.331742205],[3181383.860267948,3644952.1705127927],[3181385.3834525873,3644953.0869147396],[3181399.769960018,3644958.9354292518],[3181401.7983047273,3644960.138727298],[3181429.7895046594,3644987.1603672695],[3181439.22342181,3645030.5654054703],[3181438.5828348715,3645064.8563225376],[3181441.7266106065,3645078.744168611],[3181444.27194361,3645093.661047501],[3181446.58711125,3645106.028972687],[3181477.334288086,3645112.0322343674],[3181509.5948508712,3645105.559552578],[3181527.6437066514,3645088.8788682874],[3181540.9829359194,3645077.27239609],[3181556.702155497,3645073.2754989923],[3181568.4868509285,3645082.3818469658],[3181575.9853540305,3645098.185229578],[3181586.1255132416,3645129.30783657],[3181597.733214764,3645179.4978983332],[3181606.86483646,3645248.465958182],[3181610.2702099252,3645270.063512963],[3181607.8874594816,3645287.525600224],[3181607.1929454957,3645289.8596993657],[3181596.278684011,3645314.233027429],[3181595.2787582264,3645315.352592814],[3181586.3015755704,3645328.8727744482],[3181584.8967061494,3645330.0953116],[3181566.231969103,3645344.3482682817],[3181529.4354038415,3645364.931158469],[3181495.8901170874,3645374.7653265987],[3181477.904977302,3645386.67688292],[3181454.6316647404,3645418.09355089],[3181429.418188816,3645446.969466819],[3181418.48675297,3645469.617365667],[3181406.2133754403,3645500.3945363536],[3181399.2475295193,3645525.0684076305],[3181383.098114374,3645539.1096836273],[3181347.3271457353,3645573.6944812676],[3181315.4178457996,3645598.2288195384],[3181292.501801772,3645624.3641509563],[3181294.6391295413,3645651.0380702456],[3181293.4481270425,3645666.467027414],[3181307.3708801623,3645727.2947693737],[3181318.648264485,3645761.1509096785],[3181336.4430917837,3645801.9794929763],[3181353.3402446886,3645819.280174068],[3181368.944704094,3645838.2134581828],[3181416.381207676,3645874.098577355],[3181446.240294382,3645883.349046462],[3181459.300677711,3645887.376738946],[3181479.026840876,3645892.293536914],[3181502.5253745103,3645901.869809104],[3181517.7733449107,3645914.40985791],[3181534.7234813347,3645938.6084849243],[3181556.2969117314,3645972.4305439694],[3181582.1405486446,3646009.4932337566],[3181595.5680095796,3646035.014717957],[3181600.912702424,3646059.1420736834],[3181605.9465861255,3646109.042788996],[3181608.360060243,3646131.5504133366],[3181604.692874919,3646165.746107042],[3181593.574471017,3646189.3070175075],[3181563.0557084456,3646210.891171708],[3181539.1649521356,3646214.8100662017],[3181513.4586427025,3646220.0562104103],[3181509.9164623534,3646231.318054128],[3181512.418934651,3646241.053962609],[3181521.548988619,3646243.5544810006],[3181545.0487211356,3646256.083840503],[3181555.922793446,3646264.9826854793],[3181556.5388906705,3646279.0750524513],[3181555.1344376495,3646280.29759801],[3181551.4704039143,3646289.4328479622],[3181538.1765383477,3646317.874079421],[3181536.577589511,3646345.059857182],[3181543.7063055546,3646377.8021554872],[3181553.6764688105,3646399.887725304],[3181564.880319418,3646425.120824704],[3181578.638824233,3646453.5808211835],[3181590.160588898,3646480.0252916235],[3181599.767334533,3646507.3837483553],[3181608.650321115,3646545.298711011],[3181608.1987347533,3646576.9461929537],[3181617.352602193,3646597.5087358356],[3181622.4833166227,3646620.8252427913],[3181622.662516401,3646643.2320971237],[3181635.9823109014,3646688.752611002],[3181633.763849466,3646743.209700487],[3181647.4693062683,3646814.8805096685],[3181647.419871622,3646871.47427393],[3181648.5378268785,3646897.530636688],[3181649.37628916,3646914.162511544],[3181646.582732033,3646927.299290843],[3181625.341205514,3646937.5599372652],[3181597.6983966585,3646951.9296991],[3181540.6262318757,3646972.0671258783],[3181483.95644526,3646992.0914774695],[3181429.4783847043,3647020.639392787],[3181363.200210994,3647063.4170334064],[3181323.986269895,3647094.5556458607],[3181302.1290269783,3647113.074577445],[3181293.721835334,3647133.7901662686],[3181280.039934331,3647164.0516144703],[3181269.3927344196,3647171.076237729],[3181255.730103776,3647166.3493904914],[3181247.2725000363,3647156.8365932023],[3181231.0583665455,3647148.8707429827],[3181226.611494519,3647148.2716527977],[3181192.282330227,3647146.6465492365],[3181179.6843574983,3647149.4141201093],[3181176.160627427,3647162.414404354],[3181173.590785453,3647194.163773681],[3181171.5844057975,3647233.1080582826],[3181167.8866379773,3647262.121540576],[3181158.6302340375,3647286.6767928875],[3181136.387464813,3647298.2221833994],[3181115.1142717246,3647300.613421023],[3181092.993789486,3647286.3745623427],[3181086.589848684,3647281.5199810327],[3181071.9836640563,3647284.8106318912],[3181055.14343964,3647299.458244481],[3181044.461339861,3647326.361393416],[3181027.041728745,3647355.4180081394],[3181014.545659039,3647370.26397792],[3180999.876650508,3647378.313196379],[3180971.3168073865,3647379.0984813655],[3180939.54723692,3647382.443295804],[3180924.4438954378,3647387.1533803814],[3180911.234870444,3647400.87740007],[3180900.2420002036,3647426.5680363905],[3180882.3304736875,3647445.3777735643],[3180865.3517077174,3647454.4540203623],[3180845.40118065,3647447.00229596],[3180831.0085151913,3647439.4395259144],[3180810.5522805927,3647443.3551436104],[3180805.739812501,3647459.695779431],[3180804.9088780656,3647471.8612085185],[3180804.2091359375,3647482.112465744],[3180795.1121841692,3647505.163210977],[3180779.1957312133,3647533.4002946084],[3180769.2694379203,3647553.200769216],[3180750.446471505,3647571.816471251],[3180738.1449731523,3647585.737171619],[3180721.4755654996,3647607.69323927],[3180697.505979303,3647632.3736459394],[3180657.8379478175,3647661.8709228253],[3180629.2390781445,3647669.153439825],[3180606.7771139713,3647693.012177059],[3180594.1032723347,3647716.2592695104],[3180577.868432192,3647732.9131334266],[3180546.6331988396,3647756.5026907586],[3180528.1257628463,3647781.2357850964],[3180512.666294204,3647803.323473396],[3180498.7056096215,3647811.875327194],[3180468.1880721543,3647816.520808604],[3180451.068859561,3647815.2500448553],[3180415.9073477183,3647823.5826220396],[3180389.840438582,3647835.8530503614],[3180368.5253208904,3647856.9175090664],[3180355.0782698276,3647874.7317445055],[3180345.3068570816,3647877.855393512],[3180333.021495535,3647870.3113016956],[3180293.0820316286,3647839.2334467894],[3180263.522617617,3647818.608289613],[3180238.0349285947,3647813.6198085197],[3180206.833680144,3647823.033731503],[3180191.1173970727,3647848.9385586097],[3180177.4063759428,3647870.570912034],[3180158.560648123,3647889.1382082747],[3180144.2906742245,3647913.4171295613],[3180138.6639127396,3647939.878907192],[3180120.460518031,3647965.7832555654],[3180063.29711523,3647999.745095914],[3180027.4820797164,3648034.5223537907],[3180019.265603156,3648048.5013246364],[3179989.090353922,3648059.31750009],[3179978.24435972,3648072.7204086687],[3179954.708930321,3648100.6884764694],[3179916.2803082084,3648109.7774333926],[3179869.51497393,3648111.6906593577],[3179821.4456833126,3648115.8060503826],[3179797.743494419,3648113.088461274],[3179770.3192313407,3648103.1843731524],[3179735.9368752073,3648100.0619533756],[3179721.3494687043,3648103.779971243],[3179703.1697752625,3648115.2911484665],[3179680.910117805,3648094.0664601875],[3179660.081967499,3648068.7150898864],[3179649.1475617844,3648055.243122799],[3179632.894767142,3648052.4968329794],[3179619.819065469,3648062.084197464],[3179620.0355393086,3648087.0581160123],[3179613.2015451873,3648108.8211088157],[3179616.9840422375,3648123.504461034],[3179622.104931727,3648140.962308859],[3179618.6724516386,3648149.3494689413],[3179606.648474362,3648146.1485340255],[3179600.6004838604,3648139.566423041],[3179579.403801536,3648122.44460789],[3179561.4418347618,3648125.1424553357],[3179540.8499451284,3648144.1584102865],[3179524.5909691732,3648158.3080298714],[3179527.2346132356,3648167.7196566826],[3179526.6582158273,3648173.774846895],[3179522.0593350097,3648193.214355947],[3179522.0932050645,3648202.3335133586],[3179525.087427241,3648209.8094374565],[3179524.8136073127,3648221.880387185],[3179520.4152694773,3648235.891366111],[3179515.322160566,3648251.32575696],[3179510.94284047,3648262.6547370316],[3179507.042701974,3648276.5387512455],[3179500.2201759424,3648281.1399115976],[3179490.8740785886,3648284.2380899037],[3179475.2641818253,3648293.4105992443],[3179464.0703426283,3648300.3841112],[3179453.5460671317,3648316.857164226],[3179441.1567600057,3648330.9324007244],[3179407.6067530164,3648358.3076069066],[3179367.801790417,3648387.231893971],[3179364.1963750683,3648392.524751509],[3179351.3146660863,3648424.589427987],[3179338.847437984,3648453.421249729],[3179333.9306442486,3648461.7603907147],[3179330.0488566393,3648467.550752511],[3179321.9230385125,3648475.9234941136],[3179316.0750257648,3648487.0850373916],[3179317.907668723,3648495.5610388657],[3179322.778530352,3648502.0275485776],[3179327.406771867,3648510.3330510436],[3179330.1280989354,3648520.1980079557],[3179329.043069737,3648525.6675812257],[3179327.718513176,3648541.226295041],[3179323.3386039445,3648547.7091613207],[3179318.0964510897,3648550.8461167924],[3179302.931808912,3648560.171464],[3179296.1938285986,3648572.8986561783],[3179293.4606371564,3648589.889844244],[3179295.3545272914,3648615.9022827595],[3179294.717189747,3648629.3125144914],[3179301.634655842,3648649.9241798427],[3179304.994352323,3648670.55455166],[3179299.6717696423,3648689.879377328],[3179276.7707934147,3648762.6506309807],[3179269.166352264,3648795.874524951],[3179247.728989821,3648801.9648664882],[3179230.5707945973,3648795.7010323214],[3179206.373679211,3648803.1301109833],[3179185.175335218,3648819.799623466],[3179166.961616304,3648843.209004256],[3179141.1868248926,3648871.051225981],[3179106.760992776,3648915.4907050263],[3179090.9974918575,3648935.1483038776],[3179077.7203701665,3648946.359164916],[3179057.8118957737,3648959.5616894625],[3179041.4458437776,3648976.880619417],[3179035.0232521156,3649011.050446601],[3179048.3229467985,3649027.668262003],[3179055.6153432103,3649042.702687972],[3179055.0130180446,3649057.2468079994],[3179038.282954977,3649116.5608230033],[3179010.696758123,3649162.119131828],[3179007.253587437,3649178.276658989],[3179007.2250049077,3649191.4166252594],[3179010.855079246,3649197.0568826892],[3179023.927572134,3649195.9145635115],[3179042.099880942,3649192.83658011],[3179049.2675020383,3649194.135454107],[3179057.4536952022,3649201.752356048],[3179073.8160181763,3649201.3288424853],[3179082.6993524423,3649205.6290296754],[3179085.2255839715,3649210.616156749],[3179091.9480316774,3649227.042294171],[3179098.2361291847,3649244.2023980785],[3179102.925946235,3649262.393382528],[3179101.0299361744,3649279.1485717674],[3179099.764708125,3649293.538700776],[3179093.0193706667,3649315.5930946805],[3179091.53007742,3649337.5530151217],[3179089.282332476,3649348.1317010815],[3179076.7349845427,3649375.41685574],[3179063.0910368916,3649394.8460585596],[3179047.8835708695,3649402.1646961374],[3179035.212103261,3649407.278486028],[3179019.9798760246,3649420.546746314],[3179008.439222156,3649428.8111074828],[3178992.987767009,3649433.9995923303],[3178980.1240520473,3649433.5310008223],[3178970.040938615,3649425.786623696],[3178967.7198989494,3649419.1777147558],[3178963.562081245,3649411.491048641],[3178956.814265307,3649401.014666965],[3178946.3480516328,3649398.9881458553],[3178938.1365267383,3649404.522239817],[3178897.6562787243,3649463.5506302626],[3178891.1091829017,3649485.081990154],[3178880.718032687,3649528.747607435],[3178865.9857381326,3649572.863270989],[3178864.6249528024,3649621.91067489],[3178866.7308094967,3649639.9532470116],[3178856.786531094,3649653.0155811976],[3178846.752635202,3649666.1931468155],[3178833.2982766707,3649668.345488294],[3178827.637230969,3649688.3700961643],[3178824.2251793225,3649776.3706959845],[3178821.929357538,3649804.50350176],[3178823.8568084473,3649819.3834364233],[3178810.316014215,3649837.195296612],[3178812.58795679,3649849.3214915516],[3178823.4024093333,3649860.6986460947],[3178828.973361613,3649871.059701724],[3178832.522710909,3649879.0861880803],[3178831.063603729,3649887.779185699],[3178824.4693583716,3649891.7355009275],[3178825.4107607286,3649919.0191512792],[3178820.537516538,3649945.9518116205],[3178850.444486063,3650065.6564935204],[3178846.3287257366,3650347.1517611546],[3178847.2157342685,3650397.795904774],[3178827.7633560123,3650414.7398394593],[3178804.7731079645,3650433.394747779],[3178775.689413739,3650459.202348179],[3178769.376041473,3650483.9873225926],[3178767.036935088,3650514.947668888],[3178781.1544004106,3650548.1008852217],[3178798.8271176843,3650582.7470569825],[3178844.793336695,3650628.5554909566],[3178986.8797490075,3650732.923093536],[3179110.6516165202,3650815.597288343],[3179187.142887121,3650850.421101509],[3179236.2937821043,3650856.2511101165],[3179268.8899785643,3650868.7061340655],[3179299.612502971,3650901.615660066],[3179339.3624210935,3650941.811855845],[3179367.657949931,3650974.5445694346],[3179425.1528604096,3651015.799009782],[3179462.8223955603,3651032.557515102],[3179540.2932678694,3651052.7448489745],[3179600.048048878,3651075.0523404437],[3179636.199890718,3651088.99094176],[3179658.557440886,3651148.0044157095],[3179666.842105118,3651177.049263073],[3179683.5685432306,3651189.5617097607],[3179717.9561836286,3651193.5761599527],[3179758.2483388996,3651211.259866824],[3179801.052650878,3651238.689059808],[3179849.2360101277,3651262.346199953],[3179899.021227,3651276.813242028],[3179951.34213473,3651304.204950543],[3180000.7084860737,3651313.99062369],[3180008.7926870305,3651320.710757772],[3180009.8247083426,3651344.185088632],[3180009.868349854,3651364.287971732],[3180013.5034727147,3651380.6014857707],[3180004.869316076,3651391.4237806834],[3180010.4675814305,3651402.0552171473],[3180024.737386613,3651406.45925094],[3180033.3947779685,3651413.4486359893],[3180037.960373616,3651428.9478557175],[3180040.6389397117,3651442.5280299173],[3180041.724244044,3651447.4326499496],[3180045.714246428,3651449.8193443506],[3180050.0464097904,3651452.11878018],[3180053.1581590124,3651449.7096145023],[3180053.630430013,3651446.0118126743],[3180051.898441027,3651441.710630894],[3180051.2475149995,3651439.5455811988],[3180052.4343453604,3651438.619754119],[3180053.594559366,3651439.6740327952],[3180056.552741426,3651441.504547771],[3180059.2431041636,3651442.964849966],[3180062.958769415,3651446.679365282],[3180065.739310453,3651451.601710324],[3180067.708541684,3651456.823278752],[3180067.6954629086,3651465.054536233],[3180066.4984159437,3651469.38722668],[3180065.886161102,3651473.570780929],[3180067.584222893,3651478.769185226],[3180070.4419222,3651485.3797517032],[3180072.9164878083,3651488.060614504],[3180077.489866462,3651487.875175719],[3180079.944375213,3651486.002911154],[3180081.676691931,3651483.7724511065],[3180082.1647835877,3651481.8592984458],[3180082.4559086985,3651478.7962320074],[3180082.0446848543,3651475.889201186],[3180083.3952545635,3651472.1520580305],[3180084.6572594377,3651469.614567039],[3180087.531501459,3651469.216228972],[3180090.3016064633,3651470.4715684894],[3180093.45252815,3651474.9532692106],[3180095.62336664,3651480.031106858],[3180097.270489651,3651485.9579730546],[3180099.4155389587,3651491.861716653],[3180104.307528737,3651497.05339666],[3180107.9756901665,3651500.5838650884],[3180111.3142769225,3651512.172413024],[3180111.3673799047,3651517.8826328893],[3180111.899230595,3651522.1321414234],[3180112.215331297,3651526.702086945],[3180110.5429413407,3651531.2483045603],[3180108.0080991006,3651537.618506642],[3180106.464968987,3651540.6085043997],[3180105.9811240006,3651545.2901372467],[3180107.4362597903,3651549.2118708175],[3180108.122541471,3651553.237360372],[3180107.0884124003,3651556.81302461],[3180103.37981286,3651560.713006842],[3180101.0468887,3651563.108176786],[3180095.963200696,3651568.155100657],[3180094.7554668095,3651571.4173100926],[3180095.7129374063,3651575.465960253],[3180099.8289980018,3651582.817279429],[3180102.6123010134,3651587.7504591895],[3180103.5756982034,3651590.458973477],[3180106.550191309,3651598.5514774704],[3180109.9599694842,3651607.6638794374],[3180112.7844444034,3651615.4830657397],[3180114.3921843874,3651622.6201220206],[3180117.1255563227,3651636.56712996],[3180113.377579329,3651645.277753605],[3180107.2447632165,3651650.292214959],[3180107.943051113,3651660.742356509],[3180113.94494538,3651664.0930675194],[3180116.2072770153,3651669.5514625586],[3180109.650242349,3651679.5554878493],[3180099.054099638,3651688.2931995513],[3180091.999806387,3651695.2621572986],[3180087.513055365,3651704.4497492374],[3180087.6764604235,3651715.036323861],[3180088.4267857694,3651724.607720487],[3180086.9906822504,3651736.756225848],[3180085.719917099,3651745.0197784035],[3180078.784207372,3651752.9625225565],[3180075.7852517245,3651754.085121],[3180072.11646723,3651757.4442034247],[3180068.230228669,3651763.662953013],[3180066.852295053,3651767.730245321],[3180067.9181666262,3651772.5590476175],[3180068.2635347284,3651775.956021385],[3180070.9704429978,3651777.1466443394],[3180072.561060952,3651779.510547121],[3180072.690376629,3651782.789524807],[3180072.6361776255,3651785.6652500676],[3180071.4379146406,3651787.5749121187],[3180069.3562189015,3651788.475118665],[3180064.9007450333,3651788.088203047],[3180063.070753869,3651789.270414192],[3180061.35321292,3651795.697697533],[3180059.567203871,3651808.6740532364],[3180059.418431432,3651815.7859827206],[3180061.586815469,3651820.0566316107],[3180065.392004435,3651822.7558194622],[3180068.418357088,3651822.4340077504],[3180071.6830925476,3651822.3168174904],[3180075.8446512045,3651827.78702378],[3180077.2305521304,3651830.7455141786],[3180079.86912381,3651834.0884502213],[3180082.7272989503,3651835.5059087723],[3180087.9787693787,3651838.2862962736],[3180090.2777763,3651843.4237489486],[3180091.2525564246,3651846.8448326527],[3180090.5576337734,3651848.983857429],[3180085.2637016,3651852.9305408886],[3180083.6565952385,3651855.671496071],[3180084.882704427,3651864.5676478986],[3180088.026616441,3651870.2050835527],[3180093.5738721425,3651873.798602164],[3180096.0866023498,3651878.3507078565],[3180099.9775206326,3651883.4398869276],[3180103.229562687,3651885.0223127427],[3180106.348388493,3651884.9308073684],[3180118.5030247667,3651885.55824351],[3180122.759300653,3651888.361667781],[3180126.981196373,3651890.9546045368],[3180132.402403865,3651906.1202109964],[3180136.1943860613,3651921.343598281],[3180135.5825426565,3651926.196387388],[3180136.253991183,3651927.952306087],[3180137.39104392,3651930.9742662823],[3180138.947194416,3651934.593274202],[3180138.8615860716,3651937.0384894395],[3180138.2432568017,3651939.9888477367],[3180138.1575293895,3651944.4651187155],[3180136.6078734323,3651946.914450541],[3180136.238833721,3651949.108836052],[3180135.9687897847,3651952.535824727],[3180134.9760350944,3651955.062383495],[3180133.3104393147,3651957.9105654857],[3180129.9155143704,3651962.6653745174],[3180128.2855783757,3651965.677564392],[3180127.6737759477,3651967.2645525676],[3180127.579149992,3651968.800416964],[3180126.909936144,3651970.6790063237],[3180125.4418923454,3651973.419110439],[3180125.019278795,3651975.7656429852],[3180123.292749143,3651977.6830999474],[3180120.489361492,3651979.5636298317],[3180119.6605772665,3651981.5175397415],[3180119.0681451606,3651982.5110537936],[3180117.3683257923,3651984.017804315],[3180115.333522409,3651984.225200453],[3180112.3941829465,3651983.8555033216],[3180110.5428683395,3651983.5660449876],[3180107.452989988,3651984.181021161],[3180104.1294654906,3651985.4325888245],[3180101.691785463,3651988.7315926277],[3180099.3745130803,3651991.469050685],[3180097.7515631104,3651992.425367541],[3180092.5536728366,3651995.3551661656],[3180083.746533575,3651999.482495449],[3180079.270432513,3652001.4319581073],[3180071.0000339095,3652001.7527055135],[3180069.973540634,3652000.7797460025],[3180066.1127440985,3651997.6331725083],[3180065.106842888,3651995.120144273],[3180063.628527264,3651993.1661298955],[3180059.9815374212,3651992.134541281],[3180056.088614662,3651991.5118828984],[3180053.0784822693,3651991.921917974],[3180048.76933325,3651991.04768987],[3180043.779814492,3651989.6430646684],[3180039.400230556,3651988.521389618],[3180037.2310990933,3651986.3050641585],[3180034.5409146072,3651984.844802652],[3180031.0452051014,3651984.0400659116],[3180025.029601068,3651982.43557851],[3180018.674501839,3651982.6256140242],[3180014.5298563126,3651981.7209926536],[3180010.4517667117,3651981.768758997],[3180006.8746420625,3651981.3425454516],[3180004.9651286667,3651980.1332295192],[3180001.1370870173,3651977.705358612],[3179996.7602688894,3651976.594551341],[3179990.1948443283,3651973.5262839883],[3179987.1176934345,3651973.6764930873],[3179982.340602807,3651974.098761559],[3179980.401838017,3651974.8587200483],[3179979.417541636,3651974.4866316505],[3179974.950834552,3651973.387230879],[3179971.5892075184,3651973.43691376],[3179966.4466221305,3651971.0789585174],[3179944.9357296173,3651964.298972309],[3179924.471384707,3651964.6377468244],[3179913.3750034305,3651962.586894539],[3179570.2656972543,3651929.4719162295],[3179490.745549121,3652033.6392495814],[3179462.1765012234,3652095.2392112077],[3179456.6477242745,3652166.1467128946],[3179463.0537314443,3652277.1466811677],[3179467.7893387843,3652347.8236747542],[3179467.3074692646,3652398.2747086543],[3179450.0274940357,3652448.2122927886],[3179395.9143156866,3652534.8333648625],[3179323.8596153874,3652614.598896443],[3179258.455425662,3652647.2212720476],[3179243.5135049587,3652643.522773976],[3179226.363842202,3652655.3908661897],[3179201.8832584834,3652687.8381682457],[3179190.6605493743,3652690.3571416712],[3179180.7372950073,3652705.643145003],[3179174.4725497374,3652722.6725930646],[3179167.9120974373,3652763.0091520683],[3179158.296965669,3652803.606365412],[3179139.266069404,3652822.5913239424],[3179112.2836845494,3652828.3612325634],[3179090.8681399315,3652801.815043667],[3179084.3269805983,3652788.05512101],[3179077.656907913,3652787.023049473],[3179048.8947416777,3652793.963255187],[3179015.610285733,3652796.7380783223],[3178949.8713601828,3652788.63130722],[3178917.3672980675,3652860.5572411898],[3178998.6555418065,3652997.1363937818],[3179108.1829563375,3653200.008911007],[3179286.0775618847,3653557.7069881004],[3179326.3099282924,3653506.891279321],[3179341.5043006693,3653496.502732795],[3179460.6846707426,3653396.4035175503],[3179668.470116201,3653259.555658429],[3179742.117218826,3653284.485879116],[3179769.5664198464,3653299.4995925413],[3179821.3390922286,3653257.3203131375],[3179859.7728290786,3653279.305979256],[3179880.3054240355,3653332.795285843],[3179887.1072015,3653385.2647621837],[3179923.1242065215,3653448.6279676696],[3179949.9454030576,3653463.5256108507],[3179989.828492176,3653478.7023774097],[3180052.664202205,3653426.5936777643],[3180083.1517012883,3653353.3121096063],[3180114.783144814,3653304.7353611053],[3180130.8771973257,3653259.823043898],[3180140.4798487825,3653254.499618325],[3180156.186710188,3653245.7839958677],[3180166.7235931125,3653239.9453330133],[3180217.8045071387,3653242.1583455265],[3180278.371460978,3653241.9635699643],[3180335.437849515,3653249.9904314717],[3180367.674608821,3653224.826730657],[3180381.811515972,3653181.6962612174],[3180409.2812401685,3653156.548837526],[3180418.5917501464,3653148.034837507],[3180429.6791969156,3653144.6645307383],[3180452.9380977303,3653137.5782935536],[3180476.8275198936,3653108.336288462],[3180511.8335118815,3653083.0333204046],[3180533.308412176,3653046.479703023],[3180539.5300412267,3653035.880402236],[3180569.012125835,3652997.8621047083],[3180571.947962233,3652995.8555844305],[3180616.2306489944,3652965.4994058567],[3180650.6197207724,3652944.301963068],[3180676.4813816785,3652944.481350042],[3180714.6356171975,3652977.1034807106],[3180762.427538099,3653025.3396046376],[3180779.2448367514,3653047.027531279],[3180780.9796132366,3653049.4124397626],[3180800.192165,3653104.358656485],[3180815.1149202865,3653136.130678131],[3180835.475850248,3653125.8503515045],[3180861.1254002927,3653116.4950812487],[3180883.3227837393,3653119.871312401],[3180893.7597213397,3653128.0692016524],[3180909.3589819586,3653140.3284468004],[3180934.3038417757,3653156.5519084916],[3180941.197353137,3653159.4103060854],[3180966.353309312,3653169.8448890885],[3180990.051635476,3653179.047169688],[3181036.4078557114,3653182.023465031],[3181043.120754294,3653182.4585646437],[3181073.506015049,3653171.8857013313],[3181114.9145776127,3653153.9912653756],[3181150.2765866695,3653154.012979156],[3181183.7318361523,3653138.250372884],[3181194.5753098764,3653139.721515203],[3181260.0073664067,3653148.6273266375],[3181314.3423393685,3653146.0764251733],[3181366.420408384,3653141.274191598],[3181426.2642655084,3653126.0237884526],[3181438.565152237,3653122.889180326],[3181500.3579445723,3653081.733921988],[3181526.9019922465,3653038.8296763715],[3181538.6816573273,3653003.6455508927],[3181540.545279458,3652998.0934869614],[3181567.305454893,3652979.978418654],[3181580.9446460186,3652969.533722724],[3181598.2429029234,3652956.28749697],[3181636.744429251,3652938.008618501],[3181651.3915408636,3652934.127002024],[3181664.3277628915,3652930.7043863125],[3181673.1966875307,3652933.79903521],[3181674.8934167037,3652935.7553545274],[3181688.446411454,3652951.376610333],[3181700.2468816955,3652973.213859966],[3181719.1041968563,3652987.6107714716],[3181720.633143369,3652991.6176286815],[3181729.494721119,3653014.8843948888],[3181756.800003091,3653029.3793491805],[3181788.3153759465,3653042.8019254254],[3181811.3452684963,3653066.8673613537],[3181829.639608941,3653092.127624954],[3181851.613308084,3653101.207718474],[3181871.1806923863,3653111.777803551],[3181883.2187030343,3653118.277166788],[3181900.932079373,3653153.378232677],[3181924.537417108,3653198.390478391],[3181960.6634922735,3653258.3410919486],[3182009.593789291,3653292.875762771],[3182063.255107225,3653348.360329927],[3182091.2189982273,3653371.4466482764],[3182112.7589270407,3653395.499938599],[3182331.695830575,3653608.2722676336],[3182364.9801745946,3653640.170161076],[3182635.516222655,3653899.453482693],[3183038.1305821035,3654305.0531867025],[3183862.8196309693,3655147.2929709875],[3183867.456193124,3655152.032330167],[3183932.698451301,3655188.2086945185],[3183965.604927563,3655206.4552785717],[3184053.260131249,3655229.385461857],[3184151.1696830457,3655286.733428406],[3184208.8312044092,3655296.619447291],[3184270.3821168095,3655294.798391768],[3184344.0294833016,3655289.774911431],[3184369.9164622175,3655303.682353384],[3184439.20104538,3655351.5158117255],[3184447.6483508637,3655357.3516912227],[3184456.8707331363,3655366.7171153845],[3184458.965722155,3655373.9376138747],[3184458.3748288522,3655384.7485834416],[3184462.7565517384,3655394.29504379],[3184472.53896554,3655400.6105969655],[3184478.5492924536,3655414.5079298993],[3184474.185669317,3655420.9479211154],[3184479.4445080906,3655433.9056698973],[3184477.8332174905,3655452.002495317],[3184477.634324088,3655469.024834101],[3184489.3657565964,3655473.494856867],[3184497.748290279,3655476.9935662136],[3184502.92841803,3655494.332528912],[3184512.0394069143,3655503.368635935],[3184546.4557832917,3655520.6572172795],[3184560.5675622616,3655527.4064601664],[3184569.8614217765,3655513.8979775645],[3184586.0987580167,3655510.5768322153],[3184613.27266178,3655511.339717668],[3184623.7196336607,3655514.4982835846],[3184627.5316181034,3655523.9935143217],[3184652.3200252075,3655528.3052002797],[3184677.0127779893,3655540.9252059325],[3184689.3079465884,3655556.939709256],[3184700.7729471913,3655560.324136749],[3184710.813834627,3655561.1055499176],[3184728.5580735765,3655578.4575161412],[3184751.3826115,3655585.4610254546],[3184771.2156779356,3655594.5058202334],[3184779.881548769,3655604.543795284],[3184798.2680288097,3655620.4289086573],[3184821.0427354565,3655624.226414212],[3184839.3251136397,3655621.805252842],[3184866.0796623016,3655627.1755518187],[3184888.422991615,3655637.2554807095],[3184901.2463488085,3655657.9816729464],[3184915.2375958962,3655664.7046713047],[3184927.7718238984,3655649.8656992917],[3184947.667054067,3655634.5285421545],[3184971.3292112667,3655628.5136657357],[3184982.890073723,3655632.428087743],[3184977.830867153,3655640.567230884],[3184969.2537625674,3655649.6006237995],[3184956.365848488,3655660.4105506763],[3184964.520814716,3655668.282681095],[3184972.7279469296,3655673.7302708705],[3184985.2663758765,3655678.769106897],[3185006.595930795,3655682.2540326566],[3185017.2281593652,3655699.7646603095],[3185024.0427262234,3655730.2444245955],[3185032.1753916433,3655745.990673717],[3185053.2517780857,3655757.766104349],[3185067.5790401036,3655767.138322646],[3185081.9101245645,3655785.7739728414],[3185089.5694558527,3655802.3327970332],[3185089.733681541,3655802.971749147],[3185094.1342600444,3655812.132858406],[3185104.247177899,3655805.1090151905],[3185115.6599635365,3655800.489123146],[3185125.0806190995,3655806.666770908],[3185137.108942248,3655819.023182443],[3185151.6446254426,3655823.9007787616],[3185165.860518061,3655828.8481534487],[3185174.9693328235,3655836.4665102414],[3185183.855147668,3655825.982091174],[3185191.0629935935,3655815.5895943246],[3185204.716038022,3655810.4120912636],[3185214.0165727595,3655812.1555412514],[3185210.6861311328,3655825.6812792346],[3185214.00593307,3655830.6637844522],[3185227.5478662415,3655831.6753966752],[3185233.3586013094,3655838.724520146],[3185234.4362414833,3655842.454014669],[3185237.407086646,3655849.3250033744],[3185243.8753655525,3655858.572123107],[3185249.651177479,3655868.8605178455],[3185253.323942933,3655871.9189292006],[3185258.6210182304,3655876.1451113587],[3185265.507955204,3655880.451798422],[3185268.451520118,3655880.672821316],[3185274.952132665,3655883.012561416],[3185276.8124594623,3655885.5624886537],[3185277.7782064397,3655889.32042001],[3185278.3580966825,3655898.6103832666],[3185278.180980237,3655904.9546476863],[3185280.462150828,3655906.7976905745],[3185283.3244421086,3655907.166280951],[3185285.824429296,3655904.708067146],[3185287.3525130725,3655900.812442728],[3185286.986884376,3655894.2369302292],[3185290.411428863,3655890.7130840374],[3185295.756975135,3655890.4390521627],[3185300.946739088,3655893.423459828],[3185387.0196822714,3655860.3936326643],[3185480.4291923437,3655824.1171211028],[3185486.547640138,3655818.6053037182],[3185509.8900203113,3655802.925582678],[3185533.1436536023,3655797.259517736],[3185561.6003536107,3655801.4854568494],[3185595.237889657,3655798.5345570073],[3185614.5229710992,3655781.209761806],[3185637.5509861205,3655746.367332917],[3185662.574528897,3655720.2706786264],[3185686.5457810825,3655697.6026419853],[3185713.953554687,3655684.548710199],[3185741.5968940444,3655664.8592183427],[3185780.2825048747,3655651.3752065348],[3185819.2739355587,3655647.5623673676],[3185865.2911187774,3655640.0156703372],[3185886.2450945466,3655638.5929064658],[3185891.579769699,3655643.3292834135],[3185899.0177336065,3655647.77372339],[3185913.8956494774,3655649.1171948677],[3185926.444453107,3655658.35491391],[3185944.612762756,3655672.5105305417],[3185959.6310585905,3655678.1908213],[3185984.473571754,3655678.7111397255],[3185998.991654182,3655677.7004847745],[3186011.007071321,3655669.780576585],[3186029.9607485738,3655653.995865672],[3186060.252676091,3655630.46351495],[3186095.9858848276,3655603.600033726],[3186119.4538003877,3655581.801150656],[3186138.7736964524,3655560.81348353],[3186153.1586261373,3655543.2709643506],[3186166.414968525,3655518.470302646],[3186176.9178333543,3655499.964013455],[3186194.404659642,3655485.0373457177],[3186213.155162382,3655478.822876178],[3186231.2839106005,3655480.553377646],[3186245.2158713248,3655484.814610504],[3186260.823393369,3655477.679435396],[3186267.8558032312,3655466.388045325],[3186269.3267421452,3655450.429054963],[3186267.2593260203,3655426.335510027],[3186265.1525028558,3655403.9708817066],[3186271.9974267865,3655383.4635185925],[3186286.571369209,3655367.5811396637],[3186311.4448363874,3655357.8515845127],[3186328.993888825,3655343.1637259917],[3186354.4866944896,3655333.0349718966],[3186374.903703062,3655328.590206257],[3186385.657043548,3655327.071691955],[3186392.8453663792,3655321.105411811],[3186393.6430289056,3655306.286589765],[3186393.575500155,3655289.9800506225],[3186391.187849965,3655275.9582979586],[3186383.468722715,3655257.2103886562],[3186381.3173952033,3655244.1092192894],[3186389.2550801616,3655224.063215368],[3186400.2889906326,3655192.5026758076],[3186403.712767902,3655170.914666988],[3186402.1100746794,3655140.1393253524],[3186405.373225959,3655105.6716667465],[3186403.5173375467,3655086.162198188],[3186394.3249452836,3655054.140995991],[3186379.8526151916,3655031.7314360617],[3186357.6485305126,3654981.0829260536],[3186343.6212230125,3654942.4790569325],[3186336.2279147888,3654907.0709986095],[3186326.0014296975,3654881.3918310106],[3186317.4595209165,3654859.4380591363],[3186302.6920262054,3654827.3669579322],[3186302.185927562,3654798.97810402],[3186318.268850696,3654764.4287669137],[3186332.4575074622,3654742.3117883746],[3186352.133021958,3654730.2459946335],[3186375.1624552608,3654724.642891377],[3186391.7472797995,3654725.07088173],[3186412.0484585343,3654712.6043455065],[3186428.6420645076,3654699.8561101155],[3186436.212300584,3654684.0453950805],[3186449.2803171067,3654642.4638224305],[3186461.6127436003,3654600.8268144336],[3186476.3230343764,3654550.545905593],[3186488.9935022444,3654508.338879294],[3186507.612004772,3654469.4906957196],[3186519.607759092,3654435.980208534],[3186526.117766086,3654410.1489585894],[3186522.840922639,3654373.99644382],[3186523.172663933,3654335.647744053],[3186522.2912602276,3654301.9905470763],[3186514.673129923,3654274.184230054],[3186503.977290559,3654254.2303947727],[3186488.881298391,3654238.807767644],[3186471.9415031653,3654221.9034883087],[3186458.99659271,3654213.0065451274],[3186455.0154597843,3654198.42028813],[3186460.102489277,3654178.6027375916],[3186471.6334027806,3654158.3728150236],[3186478.56621828,3654148.561517315],[3186483.230801372,3654147.873891261],[3186491.0918478137,3654147.332629655],[3186498.1960564745,3654152.3591396413],[3186511.337940639,3654164.8630883847],[3186522.3897171197,3654172.060281605],[3186528.121431112,3654168.8985663503],[3186534.628469112,3654163.106064633],[3186538.607935922,3654155.024832287],[3186540.020061047,3654145.403246166],[3186541.468608924,3654134.0651202295],[3186545.0666278154,3654119.747533867],[3186552.642589693,3654104.9051092556],[3186553.700181662,3654086.3640440227],[3186554.301150752,3654067.927312904],[3186555.0026277592,3654063.76947379],[3186557.0830053873,3654051.382814799],[3186569.5417222823,3654033.8365267967],[3186592.2631221022,3654016.6165008587],[3186615.389698774,3654001.001126556],[3186636.155308597,3653989.39948964],[3186651.6619521654,3653982.7774922526],[3186666.742577146,3653980.1742433254],[3186686.715235506,3653976.8144404828],[3186702.341428984,3653970.658346642],[3186715.868180242,3653951.6189528923],[3186721.9844641564,3653931.0565585624],[3186726.134390178,3653907.578480823],[3186726.643581497,3653884.055028413],[3186722.1256431593,3653858.8768310375],[3186713.55057835,3653840.5764267044],[3186704.920069146,3653821.0788477706],[3186698.7486670786,3653808.2248865515],[3186661.343550846,3653801.1258771303],[3186647.3026115433,3653803.8343466963],[3186622.537216828,3653796.620544581],[3186605.4763428867,3653770.4139398644],[3186594.5500942213,3653740.0323657],[3186588.180359139,3653707.894931484],[3186590.3333772575,3653691.6832297286],[3186600.060020564,3653682.0173079767],[3186615.266174324,3653690.4335111664],[3186621.7805198254,3653708.1607843703],[3186631.2404644713,3653708.402516723],[3186648.785907291,3653694.826686738],[3186667.9349224353,3653690.62637488],[3186684.872772039,3653686.24879804],[3186694.393793701,3653673.405318667],[3186702.1519904216,3653662.9585773326],[3186717.19434202,3653638.124889672],[3186719.9424724244,3653626.503570505],[3186727.9518664367,3653593.17582481],[3186742.0700288275,3653555.956881317],[3186751.6961319856,3653524.5147839016],[3186764.705969803,3653489.2729188222],[3186774.103452646,3653473.000503123],[3186788.1670660805,3653463.5848501837],[3186799.412040108,3653459.2676607063],[3186814.6661409177,3653456.3791689985],[3186833.564868238,3653461.0910540856],[3186849.3840476894,3653466.088038048],[3186862.7153094276,3653473.677091567],[3186876.448379675,3653480.9220186663],[3186904.5613877038,3653483.78168454],[3186923.379532706,3653477.7979079452],[3186930.644023733,3653476.3477536207],[3186941.3607564555,3653474.2066604304],[3186954.467944731,3653481.8527492825],[3186974.041264712,3653493.949717199],[3186983.9579372713,3653493.880340431],[3186993.3381689386,3653490.7632633904],[3187007.1840948467,3653482.384075833],[3187016.545742801,3653469.7666437197],[3187017.422703175,3653457.1206901213],[3187008.4444469837,3653445.7396424753],[3186993.999776326,3653433.8069063537],[3186978.1747418083,3653421.2437445847],[3186975.079621827,3653411.058525912],[3186978.9904036256,3653399.834905361],[3186988.778679,3653390.765978515],[3187013.152646346,3653380.9283120604],[3187036.1522705047,3653378.025969937],[3187062.786990338,3653380.777096807],[3187083.7989310427,3653387.1458313107],[3187103.2892884943,3653395.1232030243],[3187114.795126995,3653409.7508584238],[3187121.1620778805,3653417.018579038],[3187123.362132249,3653419.529104474],[3187136.4107180005,3653426.948264282],[3187163.4438425195,3653430.3255594857],[3187179.639728801,3653432.0673997095],[3187191.234430397,3653428.158604142],[3187204.1149401623,3653420.740115856],[3187226.500687871,3653419.217043696],[3187263.6253119735,3653423.2084850506],[3187280.670739126,3653424.493041389],[3187305.8811537605,3653434.919788036],[3187327.815179976,3653449.591658708],[3187335.5559642534,3653456.4074509665],[3187338.7653225064,3653459.2389183817],[3187352.169517582,3653460.477855613],[3187368.60423953,3653464.1091719763],[3187387.217143261,3653461.097830274],[3187404.7256284924,3653463.2343397294],[3187431.809831535,3653465.884923202],[3187448.5547907553,3653465.0429989304],[3187462.640384785,3653458.5540615935],[3187477.50187904,3653456.9785099765],[3187489.2656114292,3653452.773875236],[3187499.462187364,3653444.340985075],[3187504.4905883456,3653430.8854364646],[3187506.0069919974,3653419.773522093],[3187515.65520131,3653406.358168586],[3187528.8980191024,3653392.781499382],[3187537.144368341,3653384.3355423193],[3187557.385354969,3653362.144978298],[3187573.7424301943,3653347.513872023],[3187591.2306136345,3653339.1826067497],[3187609.531564647,3653332.110362388],[3187627.690981781,3653329.2150986157],[3187657.2387803704,3653333.907316693],[3187690.484619901,3653344.5026655933],[3187721.028607319,3653353.0837712986],[3187743.24252055,3653351.849049844],[3187768.957405502,3653345.33248835],[3187794.5166692985,3653334.4607768245],[3187820.4549879814,3653311.8084914205],[3187848.6991541283,3653278.329319114],[3187870.108305364,3653252.188186232],[3187884.48337334,3653230.7477876027],[3187893.310052177,3653206.572356655],[3187891.467038281,3653188.030199205],[3187894.505347821,3653150.6954979757],[3187896.711342908,3653132.834583365],[3187902.6201047357,3653114.277745903],[3187911.668152706,3653105.156771545],[3187929.159242221,3653104.3816578994],[3187952.8334787507,3653107.8881174396],[3187978.129627947,3653114.882463574],[3188000.6357869776,3653114.7863826808],[3188015.113024787,3653106.977759926],[3188039.9442657223,3653080.95145129],[3188064.220337477,3653057.4882514947],[3188111.3564051483,3653019.2259951564],[3188148.1733172117,3652995.516465576],[3188185.2120432155,3652979.317729024],[3188218.2423595386,3652952.1734737586],[3188242.0449374444,3652925.9249531124],[3188255.9162939526,3652896.8169400794],[3188276.283419621,3652843.8833608404],[3188290.946364022,3652806.5357344165],[3188315.0500773527,3652757.766007955],[3188324.92246792,3652719.6826223466],[3188325.817799119,3652676.8022055337],[3188324.0036788182,3652635.5999143277],[3188323.8064123876,3652620.4477385553],[3188322.4141895603,3652593.2565419385],[3188322.549814405,3652572.3683014885],[3188313.537247426,3652545.8611736707],[3188303.345072505,3652525.119994773],[3188302.1718811817,3652520.538109904],[3188296.5984950466,3652498.7195534813],[3188289.450988044,3652469.6408925634],[3188312.7416995643,3652455.4497738685],[3188342.9632738205,3652440.5187586574],[3188356.157480249,3652432.448681796],[3188369.2642937535,3652391.9321121876],[3188375.6496856655,3652358.0426839557],[3188372.9855579026,3652333.12299449],[3188363.970821942,3652313.952102889],[3188353.4317382323,3652300.288359862],[3188333.826432026,3652294.0299605634],[3188302.9482987095,3652296.958417287],[3188279.96104287,3652294.255609338],[3188253.9462419655,3652291.085419055],[3188233.6638247175,3652283.7877566265],[3188218.8979935898,3652266.81154979],[3188207.4235954713,3652245.668437382],[3188205.24915817,3652241.6515337774],[3188201.9165578764,3652235.517268131],[3188189.4796466236,3652209.658186573],[3188187.805672207,3652198.386379323],[3188191.7276424337,3652180.5647086045],[3188203.003353495,3652163.083849803],[3188224.972354538,3652142.8951656297],[3188239.5935231773,3652130.899575345],[3188266.3604935026,3652119.980786572],[3188298.8340050946,3652109.566491618],[3188328.658585785,3652095.4286786513],[3188360.032358955,3652067.49623253],[3188389.0630288105,3652045.5207014326],[3188414.521333644,3652026.641354214],[3188425.28879409,3652010.0167390006],[3188431.814907652,3651989.11418083],[3188433.3016328504,3651965.577450773],[3188442.658135784,3651942.4820285053],[3188459.4358833395,3651920.9219344174],[3188486.475720935,3651907.259954361],[3188504.0438925084,3651901.1054761717],[3188536.051576456,3651905.9208140797],[3188556.6865609125,3651914.595609302],[3188578.1722418554,3651921.8325359696],[3188612.4633589396,3651918.5156092625],[3188658.841605681,3651899.9481774983],[3188701.3235998163,3651869.934016076],[3188772.1556267603,3651818.12048772],[3188839.984028606,3651768.7756166086],[3188895.0151465964,3651731.9320426667],[3188933.1778407777,3651710.5799674615],[3188977.3260526247,3651690.8739831396],[3189017.5671316423,3651673.864071534],[3189059.0039252536,3651661.061667034],[3189108.0098512936,3651629.5288884398],[3189148.2632609727,3651589.8540492607],[3189163.593281226,3651555.9888870833],[3189170.730603987,3651541.265864049],[3189196.6076107314,3651515.458872347],[3189223.2954818164,3651484.326181629],[3189249.7522582,3651468.372429824],[3189280.261387822,3651454.0695791184],[3189317.2726048212,3651448.1217168085],[3189346.851777154,3651447.225611072],[3189371.170820632,3651452.284949158],[3189395.8940644823,3651466.5148913264],[3189427.3036350906,3651492.6976433955],[3189456.899501903,3651510.8046462615],[3189473.9099670444,3651514.7949137017],[3189504.328252918,3651511.4846187276],[3189553.563097353,3651501.224694629],[3189582.84263503,3651492.42482852],[3189599.468462015,3651487.424714269],[3189631.964278238,3651471.4110249756],[3189644.9651659112,3651454.9527642257],[3189649.6029709065,3651440.8630031296],[3189643.802602222,3651426.7254763525],[3189628.0915227747,3651412.660544858],[3189599.776354842,3651397.6424625926],[3189567.0429694573,3651378.609536982],[3189552.0468504634,3651381.5136961723],[3189552.220761775,3651386.0022310023],[3189533.689568556,3651381.6349611287],[3189528.4077419983,3651377.0656981207],[3189504.4581895387,3651374.4608846824],[3189494.546899513,3651378.5474183913],[3189465.1650249274,3651389.126576379],[3189457.939817748,3651389.96199267],[3189448.160455792,3651386.9223690056],[3189435.445716382,3651377.739822299],[3189424.0609959317,3651361.531666366],[3189399.3012456126,3651328.2232369524],[3189388.92027962,3651303.687999066],[3189393.9165423233,3651301.051931626],[3189397.5420864252,3651299.1431358485],[3189401.470074496,3651294.60901512],[3189401.9498049617,3651284.2577380976],[3189402.315460079,3651277.268408215],[3189406.064396506,3651265.8942668005],[3189413.6839678297,3651256.6782618007],[3189425.170158989,3651246.495939146],[3189435.2213192955,3651242.177896864],[3189443.539046662,3651241.0546849864],[3189452.9656123137,3651246.547896476],[3189461.866607086,3651255.3225840554],[3189463.832289695,3651260.730449705],[3189461.272169765,3651276.728515272],[3189458.0139955217,3651298.4159787316],[3189453.4820589037,3651309.0077574905],[3189451.3891919986,3651319.1903048637],[3189453.821027942,3651331.7577096145],[3189459.2957830415,3651337.8581745382],[3189467.977350722,3651342.743985296],[3189499.9198370636,3651349.8204820994],[3189510.190024995,3651350.971528322],[3189532.3875006055,3651345.946289883],[3189538.176764883,3651341.541341859],[3189534.520635431,3651323.459336676],[3189537.69333735,3651303.6389237796],[3189547.921834623,3651289.5999953095],[3189570.4435163913,3651274.3900738773],[3189594.0852398737,3651255.010446768],[3189607.575816265,3651232.7426682594],[3189608.221878403,3651231.6681954493],[3189619.5845956327,3651215.4051998346],[3189631.012820057,3651202.274209628],[3189650.1635532565,3651193.775999649],[3189684.7452152884,3651182.10291135],[3189724.8646630296,3651171.2328071785],[3189748.9968505492,3651157.5775096915],[3189759.757291836,3651147.533644534],[3189762.116554353,3651133.0515498896],[3189756.3484386355,3651114.2695671893],[3189751.71552468,3651095.212118746],[3189757.397306704,3651074.757907587],[3189775.203053551,3651060.995482413],[3189786.657053629,3651059.08011092],[3189812.1563372537,3651054.813503511],[3189871.1000025584,3651046.498148227],[3189931.6873134123,3651036.0612639654],[3190018.0745400516,3651017.1436041207],[3190022.7169558397,3651029.244371301],[3190029.024107931,3651037.983534629],[3190036.607624187,3651044.1742886757],[3190045.588005961,3651043.1039103027],[3190053.3435132885,3651045.9759286926],[3190064.5105128977,3651052.1144230952],[3190074.603391249,3651054.0497329654],[3190084.964981834,3651055.040664855],[3190090.8973047733,3651055.444226668],[3190095.690873799,3651061.475223308],[3190100.7143222066,3651071.7498053596],[3190105.935197154,3651080.7750948067],[3190109.6267809593,3651084.489759541],[3190113.572258706,3651083.158150824],[3190117.33247733,3651079.105531021],[3190120.148974937,3651078.047728531],[3190122.9677825654,3651083.7128775986],[3190126.885771215,3651091.6835411405],[3190132.3964904235,3651095.8034108626],[3190136.565607475,3651098.7169744847],[3190140.013099121,3651108.190466921],[3190142.4236486577,3651118.272005625],[3190145.8061319087,3651124.8211043556],[3190153.490492012,3651128.7376192324],[3190158.970278259,3651128.0446806317],[3190161.6852921117,3651130.6337895575],[3190161.1626559105,3651136.6244506496],[3190159.2177135237,3651147.8067440214],[3190161.795892789,3651159.2183007407],[3190170.9365785616,3651170.182252376],[3190176.8295386555,3651177.146359213],[3190182.6053308845,3651185.6739199143],[3190189.259388347,3651192.272694815],[3190196.9186057393,3651192.747343548],[3190207.038168502,3651192.0927876164],[3190215.3589499034,3651195.1565673123],[3190220.4214088954,3651198.8708062796],[3190222.053987542,3651208.6299796444],[3190224.449598281,3651217.3313754415],[3190229.448153726,3651222.791656388],[3190235.3426647913,3651225.096236566],[3190247.8449242325,3651225.730946852],[3190265.753951188,3651227.4096503784],[3190278.8656812906,3651229.781761096],[3190280.3905216623,3651234.401557461],[3190281.2239889745,3651239.0115477256],[3190279.247281663,3651244.6776681524],[3190280.6184498714,3651257.4321639873],[3190285.2375907977,3651272.814108791],[3190288.8717801487,3651280.3490936616],[3190293.224696421,3651286.6529871356],[3190300.0316817034,3651291.8292888952],[3190306.3490385134,3651296.4373745606],[3190317.5131877935,3651308.6084707994],[3190328.957775349,3651319.855303113],[3190339.524904597,3651333.734185526],[3190346.0912983324,3651339.317297144],[3190352.9891379643,3651340.157512291],[3190364.032749572,3651339.7771296264],[3190369.9227599986,3651341.3910056585],[3190374.5351880956,3651349.359234413],[3190373.8236573427,3651357.980843328],[3190371.1175678847,3651369.5283016013],[3190368.6955925403,3651374.799468795],[3190368.386364553,3651382.973449838],[3190367.9968770165,3651390.8332702033],[3190371.652228944,3651409.5725497473],[3190372.333514604,3651416.827346063],[3190379.0841335775,3651424.2206519498],[3190385.0940250866,3651427.418778357],[3190386.9905702183,3651434.193492409],[3190389.8312716037,3651440.049202272],[3190393.0426425124,3651449.3517333404],[3190398.05205572,3651455.166851377],[3190402.5058931243,3651462.1256927093],[3190403.7209918955,3651466.881424007],[3190399.2251093406,3651472.2268867088],[3190393.6776140966,3651480.0408119857],[3190388.5442597,3651490.771623614],[3190387.0203667763,3651498.572138778],[3190387.0605483586,3651504.6396377673],[3190389.335380758,3651508.9545862917],[3190394.439487239,3651511.87415691],[3190405.4434862193,3651512.2995090503],[3190421.644933737,3651515.828478411],[3190434.5456967372,3651527.099527932],[3190443.435178703,3651534.7250712495],[3190457.6032716674,3651543.957571132],[3190467.2132514864,3651549.4520873236],[3190470.998316556,3651555.7380664097],[3190472.994360531,3651565.520685492],[3190482.859072149,3651572.634594703],[3190487.429252846,3651578.0533072506],[3190488.91093277,3651587.7929084217],[3190492.987586466,3651596.542360792],[3190525.0705078216,3651655.2087073186],[3190541.9023320405,3651690.3967416137],[3190558.7127086734,3651722.960800566],[3190573.7057287665,3651735.6062024683],[3190590.051775883,3651743.3083103285],[3190606.2916007424,3651758.2681424543],[3190612.3773933724,3651771.849494208],[3190626.244550805,3651777.548617992],[3190640.2605339447,3651781.238125309],[3190653.2842147574,3651798.982689457],[3190656.6334743304,3651817.199558409],[3190661.3660693155,3651835.7242614604],[3190681.5523563297,3651843.1136255437],[3190708.000148412,3651844.319651324],[3190735.042484378,3651842.746230447],[3190759.5876779417,3651859.552141796],[3190773.654733728,3651871.11717176],[3190794.4866719837,3651883.6025553755],[3190810.1219788166,3651901.3333552517],[3190827.0466753314,3651903.6310983566],[3190841.63544505,3651901.9176175767],[3190853.8945483407,3651896.1913203252],[3190863.8240188574,3651886.4521879386],[3190883.078341404,3651892.763010744],[3190905.9452694915,3651910.65075928],[3190913.886700618,3651926.392828612],[3190928.1961732004,3651928.6941852085],[3190938.650053913,3651928.6828290895],[3190949.5006108815,3651943.03272497],[3190961.847091614,3651950.4313834007],[3190967.7457938874,3651947.961131844],[3190970.4523230013,3651938.0747480174],[3190976.821430925,3651937.4461684027],[3190982.590790593,3651949.792919036],[3190986.2538271016,3651961.7491412438],[3190998.284654652,3651974.9129802138],[3191005.563892791,3651984.744891198],[3191014.9050754877,3652002.105456972],[3191020.1915559242,3652024.099791942],[3191018.250879821,3652044.63297856],[3191019.226585054,3652065.0983820697],[3191024.625834208,3652079.833534607],[3191030.084086248,3652092.2588724564],[3191028.6050388636,3652100.520509624],[3191025.829071329,3652111.404659954],[3191027.915692185,3652124.6816581273],[3191037.3178558275,3652150.110892213],[3191032.345654925,3652166.4740770245],[3191028.3137970865,3652183.92595738],[3191028.3651546948,3652191.801034976],[3191048.2278412897,3652197.958462855],[3191294.9343192885,3652225.033299486],[3191485.185656231,3652245.99792807],[3191601.0003006477,3652259.4700600435],[3191883.9420877947,3652379.9417399736],[3192072.6348661417,3652460.7428343217],[3192180.2854243,3652509.521334401],[3192476.7145273364,3652654.8566399906],[3192553.315241945,3652691.376468776],[3192601.5791256214,3652725.636509261],[3192649.783671302,3652759.6927342084],[3192772.179409334,3652822.115739063],[3192929.7095932923,3652750.844471572],[3192987.1728843227,3652725.1785757244],[3193034.858844362,3652707.248861165],[3193066.547202592,3652688.0842742263],[3193093.4573957557,3652665.5240524258],[3193118.1197098857,3652652.0867871144],[3193133.1751756184,3652652.22243948],[3193166.5702774134,3652660.2331860554],[3193208.873539667,3652667.300993691],[3193254.286355382,3652655.8508081194],[3193285.71805666,3652643.3368168566],[3193316.8602352142,3652634.8280505445],[3193336.7498960253,3652620.612127565],[3193359.473636901,3652617.5123224193],[3193379.349522685,3652600.6711213375],[3193387.702718195,3652584.7746394677],[3193394.0608324297,3652568.7123607756],[3193403.9578999546,3652553.7297121724],[3193431.9410452014,3652530.255953225],[3193441.9001748115,3652525.7737171524],[3193461.0715769613,3652518.9693191103],[3193482.221558297,3652509.6945478655],[3193497.957572031,3652494.554903844],[3193522.3348665787,3652459.5032695816],[3193542.119526403,3652426.923936312],[3193554.249538687,3652400.2059944426],[3193569.60932145,3652376.133247021],[3193583.3373147026,3652355.4236740544],[3193595.265816476,3652320.2242426877],[3193617.2811031872,3652352.783870682],[3193637.99235003,3652372.5390172782],[3193651.007113582,3652390.2789605483],[3193658.9215463586,3652429.02134597],[3193661.168720858,3652471.1637316085],[3193666.2364181317,3652496.164408503],[3193671.0169094517,3652525.180881383],[3193664.770295788,3652559.6054580724],[3193655.673403888,3652580.3007868244],[3193638.5208085976,3652589.881767469],[3193632.0018839003,3652605.3152564657],[3193652.22385705,3652620.5813442944],[3193678.9784673923,3652623.0395565764],[3193701.1476972564,3652630.5969614703],[3193739.780938544,3652641.223212699],[3193762.9005291862,3652652.484743394],[3193783.101907204,3652665.1274804994],[3193867.163334374,3652692.5557845877],[3193941.39127241,3652719.8457543105],[3194004.1102851927,3652742.2651115973],[3194122.3520160085,3652784.537399333],[3194159.1229433706,3652797.688011304],[3194270.30705436,3652839.3199744313],[3194303.4020406026,3652848.9584173453],[3194309.242931333,3652851.983788562],[3194368.066469552,3652871.837031095],[3194485.758366095,3652860.225757012],[3194526.693590111,3652856.1880489937],[3194671.522294985,3652845.333792364],[3195037.9439305593,3652810.182470719],[3195061.8820183026,3652860.040026457],[3195091.539515508,3652914.9720168132],[3195123.666677436,3652971.9110883586],[3195164.854503696,3653028.540962759],[3195213.887127869,3653059.54935777],[3195269.201964919,3653087.0052934303],[3195337.239616091,3653110.6022982486],[3195386.8109536543,3653128.344418842],[3195421.595608839,3653139.2935910095],[3195441.3833590234,3653160.5889244583],[3195461.954213513,3653184.961541332],[3195501.1761224056,3653221.0696880016],[3195508.687748658,3653225.439721317],[3195529.53926002,3653237.578455268],[3195560.653973858,3653252.0805709767],[3195591.830284506,3653277.0704787835],[3195615.423740222,3653292.808353442],[3195641.2712338334,3653299.4359617634],[3195691.1640174165,3653321.0309765222],[3195747.9006764702,3653356.676256117],[3195764.061512922,3653369.292666834],[3195826.6854356355,3653402.0737946667],[3195904.499926701,3653430.687924287],[3195956.2274039853,3653449.7021032646],[3195974.608142702,3653456.4571847324],[3195999.5467211492,3653465.632338382],[3196064.935569953,3653490.4916055426],[3196181.5802976466,3653542.4873820595],[3196222.6600068035,3653564.9429560225],[3196246.6870497065,3653578.083734392],[3196259.5051091844,3653585.0858898624],[3196340.065839189,3653635.634379013],[3196382.4636910222,3653661.068163685],[3196414.487959213,3653680.2915014722],[3196454.0148384348,3653702.297380919],[3196529.1279371986,3653710.9969559833],[3196584.7111150743,3653719.5242424584],[3196647.379286401,3653736.738664627],[3196740.041589885,3653762.6563957985],[3196767.9237068635,3653769.2962304945],[3196808.660288592,3653793.3405536464],[3196834.30084465,3653809.536449639],[3196908.428100561,3653831.2396195596],[3196965.174390212,3653843.732356061],[3197020.602121326,3653860.7995533133],[3197057.6515264255,3653882.55585605],[3197121.3621880235,3653920.264355594],[3197182.6711979797,3653956.4673733017],[3197223.523787493,3653978.617524662],[3197457.16516383,3654105.3227061993],[3197616.3786013173,3654162.6038014656],[3197801.6700270693,3654251.518487374],[3198014.8491717437,3654345.077010961],[3198138.6630644603,3654399.4240224385],[3198182.338932068,3654351.278723768],[3198317.5577530446,3654197.2527583824],[3198407.9814401334,3654090.6757098734],[3198452.0586410053,3654032.912385703],[3198462.5796802063,3654020.057857028],[3198479.541310493,3653999.3271631445],[3198551.554970811,3653954.5638072058],[3198578.4487453164,3653937.334712726],[3198631.875174269,3653830.530713451],[3198661.9921661727,3653788.655181744],[3198786.3264646344,3653681.210900433],[3198905.550239547,3653575.9992225026],[3198994.942608812,3653480.189992242],[3199058.397775295,3653354.050676435],[3199081.0856456645,3653278.5643458194],[3199097.5245021945,3653250.8222176037],[3199108.5067368676,3653232.287186468],[3199147.5363560654,3653216.6643626345],[3199182.6171726733,3653205.997595415],[3199232.8287828825,3653204.5150776743],[3199273.0425798623,3653229.4929897934],[3199396.300880578,3653233.4943293445],[3199479.3869040757,3653235.2390441434],[3199488.848352221,3653233.811636721],[3199496.175391689,3653231.167447328],[3199616.4102282445,3653181.5510267997],[3199623.1564897094,3653178.33806131],[3199629.966687291,3653174.8554973053],[3199721.5164234047,3653138.843287286],[3199753.289902567,3653131.5692763245],[3199790.127860357,3653131.1980263386],[3199827.5414672187,3653130.175605974],[3199870.0274724495,3653130.844223955],[3199913.527274819,3653139.37352884],[3199962.646008845,3653154.620735668],[3200004.010109856,3653163.0521375425],[3200053.7006259467,3653177.061846016],[3200163.6468850863,3653205.8234861083],[3200208.0497006243,3653243.8889483865],[3200264.595069253,3653215.691971993],[3200340.64332332,3653177.952605172],[3200466.966396431,3653112.3472924023],[3200552.6633293857,3653067.700030341],[3200599.6020879396,3653042.721667194],[3200626.614752193,3653020.9948149095],[3200660.074915426,3652986.519453956],[3200680.138628726,3652957.8318454497],[3200716.2112463955,3652923.717062307],[3200751.986456397,3652895.6589651243],[3200759.778838097,3652891.194766303],[3200794.5120078344,3652866.9595106],[3200845.0566044142,3652834.1662735795],[3200872.9249252235,3652821.1364518395],[3200884.4377780445,3652813.758469984],[3200897.216151959,3652808.530059971],[3200907.773325014,3652805.44841838],[3200908.967256927,3652820.190105494],[3200918.7555081127,3652918.3213150413],[3200940.836123404,3652961.256349152],[3200973.749287635,3653013.7418249077],[3201008.350202402,3653080.465044631],[3201058.8694461156,3653179.5879271077],[3201135.0523608066,3653323.999088439],[3201196.127606648,3653444.832152139],[3201209.880882037,3653444.166089905],[3201232.652827478,3653443.777514865],[3201355.7990881098,3653437.5059694555],[3201438.082306318,3653435.035941013],[3201488.5242319307,3653438.117609536],[3201512.8636008827,3653433.108310605],[3201519.9590274272,3653427.8285678243],[3201533.0135843093,3653416.908152918],[3201548.850682332,3653405.902128505],[3201561.096713231,3653402.836861897],[3201581.399937606,3653401.581224106],[3201615.046827899,3653400.812142065],[3201649.4860708434,3653396.825433432],[3201678.0687897154,3653391.884500909],[3201686.5795348836,3653386.73490806],[3201712.292763828,3653381.5097023947],[3201738.316839328,3653372.7839498986],[3201747.818193359,3653369.1959997877],[3201763.246217598,3653361.301269022],[3201779.368512906,3653352.2301933067],[3201790.6976055624,3653345.568801935],[3201801.516356567,3653339.2426071023],[3201807.766121109,3653335.45432264],[3201817.1775344005,3653321.217017317],[3201825.8520783065,3653310.3911083303],[3201832.0220755967,3653298.371031075],[3201835.0667268876,3653283.514240537],[3201837.5982965464,3653268.9817745127],[3201837.1059826636,3653252.7972999723],[3201841.7702347487,3653241.9608034454],[3201845.9801302063,3653234.868338624],[3201847.634111779,3653224.7851217417],[3201846.1634814525,3653211.0582386763],[3201848.6213985067,3653202.5832607285],[3201853.439333363,3653193.921118654],[3201857.620943903,3653190.6620069672],[3201861.3883254444,3653175.8895312706],[3201869.188108471,3653146.554902997],[3201866.762148547,3653130.646875222],[3201855.5557675976,3653111.6920906003],[3201845.6130793775,3653100.8918489153],[3201840.090144476,3653094.5406568293],[3201834.5336862244,3653088.762572143],[3201829.1147061135,3653078.4323597094],[3201821.809172132,3653066.972260067],[3201808.862495915,3653060.1391544873],[3201725.709958837,3652974.9757064325],[3201665.3567421483,3652903.619084764],[3201639.60583325,3652878.5541893505],[3201634.143479785,3652867.923727429],[3201625.2301423317,3652858.9982121238],[3201609.414296454,3652838.1430712016],[3201597.1621366786,3652810.5414392],[3201582.261892964,3652776.895008627],[3201577.6938371495,3652759.9210135667],[3201574.885432371,3652745.560756257],[3201564.9242926873,3652720.451412939],[3201563.9557975912,3652706.748618735],[3201554.3168770266,3652680.7173166242],[3201546.0274833087,3652665.504420199],[3201539.65649232,3652656.772487698],[3201531.4775059796,3652651.846790779],[3201526.1591470903,3652643.980875758],[3201521.8809496965,3652634.7367273928],[3201515.1496760887,3652632.2377722333],[3201514.067022362,3652624.694806219],[3201502.15350527,3652600.627289753],[3201485.825225195,3652537.22357951],[3201481.4972973187,3652501.496017744],[3201475.8236897727,3652472.5246329317],[3201476.736883941,3652456.4031953835],[3201482.77178597,3652449.591417281],[3201494.620948593,3652448.5276645967],[3201518.4125540145,3652451.263471442],[3201536.5062975483,3652454.8259763005],[3201629.877696016,3652466.60013211],[3201721.225383895,3652478.041031639],[3201782.656231966,3652483.0351346475],[3201854.875506355,3652492.2918477096],[3201931.598818384,3652502.9352014773],[3202023.2691407846,3652513.4710184545],[3202080.312476094,3652526.884330824],[3202113.509465943,3652527.143570061],[3202146.899208056,3652521.027886132],[3202202.6352188135,3652507.917560977],[3202278.3889463935,3652489.536757136],[3202319.6794261183,3652468.608460604],[3202354.169569833,3652461.377977474],[3202374.3846750865,3652456.8876229944],[3202391.4885319,3652458.74158976],[3202404.6729093078,3652459.3515047245],[3202414.9050794886,3652455.9516522465],[3202430.7942881025,3652448.636527867],[3202451.2838162733,3652448.526282979],[3202466.2564062118,3652455.1082526324],[3202480.428476467,3652458.5253392933],[3202487.866039068,3652457.2303706766],[3202497.366123694,3652466.287064475],[3202517.445817667,3652477.71157849],[3202540.4220226174,3652495.280376704],[3202600.4452446904,3652528.260103771],[3202684.2061970434,3652516.2852913584],[3202690.190146081,3652514.316853602],[3202808.13459019,3652504.262752764],[3202873.7441994413,3652488.957899725],[3202897.833454008,3652473.6600818634],[3202924.2131675603,3652441.679513852],[3202956.3854627917,3652402.524115334],[3203000.4579352895,3652353.5614425456],[3203016.2048618533,3652281.6585323415],[3203054.19158093,3652274.078614374],[3203070.8860516297,3652214.500430577],[3203074.498272895,3652199.45811308],[3203078.7288207537,3652182.54425796],[3203087.2398075694,3652137.3993331827],[3203088.871975044,3652107.0643206923],[3203090.2182930387,3652100.562705985],[3203092.837258471,3652094.987654468],[3203096.944904195,3652091.691083482],[3203107.458795067,3652077.5747979423],[3203118.5876847357,3652060.6313877963],[3203130.2175758905,3652044.6230303696],[3203152.4037888413,3652008.3574376707],[3203158.9121085433,3651993.0987971732],[3203159.0979619445,3651992.787316662],[3203165.3996201577,3651973.57010173],[3203171.3804435506,3651952.036156216],[3203183.091635201,3651939.4879141347],[3203208.9035732206,3651918.6114520486],[3203239.525874122,3651896.798475582],[3203249.6410332555,3651885.3406495983],[3203260.1841773717,3651869.189558092],[3203273.791368169,3651843.6995298145],[3203278.46511487,3651846.254056805],[3203328.850576071,3651873.8036621963],[3203341.085055655,3651880.2082283944],[3203351.5788533413,3651886.425374642],[3203388.189213734,3651899.3822137164],[3203545.249138638,3651978.3016031906],[3203583.1193284295,3651981.2768359575],[3203641.360183414,3651984.799771597],[3203695.647397867,3651989.2992214942],[3203708.696682628,3652046.76816237],[3203723.7869468536,3652093.5177639476],[3203771.3136517648,3652130.772756014],[3203912.2841278585,3652250.66190727],[3204131.9695083164,3652389.1575310356],[3204155.2370046293,3652403.3065725947],[3204240.816576791,3652357.3404715457],[3204299.480749434,3652331.6689117607],[3204328.0043581864,3652328.582020795],[3204351.5177554553,3652326.526953131],[3204346.0477342145,3652336.5805816385],[3204338.351985707,3652353.4813027987],[3204321.571607164,3652374.919733441],[3204319.6603227975,3652394.0639822343],[3204316.2691397215,3652444.090426695],[3204310.7716169255,3652472.3918895],[3204277.6134210234,3652563.9919163417],[3204253.801812294,3652646.691177831],[3204243.3752923612,3652661.9118977566],[3204241.0185454697,3652665.3579823],[3204232.622982793,3652716.4269827306],[3204230.122670096,3652747.8178096237],[3204225.6497878092,3652777.9957272853],[3204220.2673687125,3652807.8707005065],[3204218.356117292,3652818.4997255886],[3204216.093334726,3652822.003061375],[3204206.5785002,3652836.7198795807],[3204212.476792091,3652855.41268319],[3204217.2392885387,3652860.837887564],[3204216.54154185,3652873.9410230415],[3204209.5204114625,3652880.3608718123],[3204202.0183935743,3652890.714957165],[3204193.4419279303,3652893.490080443],[3204188.0819085464,3652893.134465594],[3204180.6248753923,3652901.9908892866],[3204168.98186995,3652920.1661310936],[3204165.4792764084,3652925.488618981],[3204163.1833123993,3652929.3575153775],[3204157.7863607127,3652938.4371146914],[3204153.028966428,3652956.2529231324],[3204142.8834295357,3652989.6222285503],[3204131.9285223903,3653008.870381405],[3204130.025476777,3653012.2263719966],[3204129.241123294,3653013.5975920097],[3204123.3616250074,3653017.2320748316],[3204121.8474672567,3653018.174801165],[3204112.770093724,3653020.2225166396],[3204110.9382047807,3653027.8128188225],[3204113.373553951,3653036.642210832],[3204112.8730400554,3653046.204706646],[3204110.2917760806,3653051.6659724787],[3204102.1005572355,3653052.2479411666],[3204093.3589620898,3653050.651190146],[3204087.569048485,3653051.682165369],[3204079.013008171,3653059.902999688],[3204072.571243655,3653069.0593402735],[3204072.510111768,3653079.5492416234],[3204068.6997240996,3653084.280393781],[3204059.781196881,3653086.0926933493],[3204049.9996424858,3653082.865918965],[3204041.5151832327,3653083.936076929],[3204031.2218801845,3653088.6038254593],[3204024.327957796,3653096.179266992],[3204004.9617472105,3653111.7323094876],[3204002.985605887,3653121.2370497645],[3204005.962814763,3653129.723703373],[3204004.342445988,3653142.2854625033],[3203995.9487054665,3653155.2827637293],[3203984.4298858326,3653159.2081153607],[3203976.724029542,3653166.421818295],[3203974.653781101,3653168.3562242747],[3203964.744823807,3653181.9509877674],[3203961.669966194,3653199.4854097418],[3203955.622342639,3653210.2260244363],[3203950.285246608,3653213.022450388],[3203937.706541503,3653221.8335554632],[3203918.451380236,3653229.7886103876],[3203901.1465853197,3653234.733000014],[3203899.5234111072,3653237.5468070363],[3203884.0399656687,3653264.380269871],[3203828.7250016863,3653345.067497186],[3203819.3424914405,3653362.20732311],[3203795.646656921,3653405.520242123],[3203779.9740751283,3653426.3403214756],[3203779.3076389683,3653450.521839217],[3203798.1543597532,3653515.7846642514],[3203802.4990766332,3653537.320013616],[3203807.499890933,3653562.079384125],[3203812.11907738,3653590.8751400327],[3203803.239495922,3653609.3991767904],[3203797.61881041,3653626.821042726],[3203806.3125613644,3653687.095365379],[3203811.3235108275,3653738.26423596],[3203824.9359364174,3653782.2369745574],[3203840.6672581257,3653810.630597305],[3203884.9731656127,3653877.715059217],[3203949.82990157,3653975.9189532134],[3203974.7069984605,3654013.5861398675],[3204042.5405401946,3654120.33476816],[3204053.1726836525,3654180.562599306],[3204074.032295839,3654234.9053890146],[3204069.5897693047,3654271.7379309717],[3204082.125950315,3654307.636522833],[3204084.5706002256,3654355.24017639],[3204084.4417691547,3654359.6743365363],[3204083.7064723885,3654384.80640558],[3204091.179294626,3654414.3758254815],[3204095.499109269,3654449.883881959],[3204110.477350778,3654471.5631677853],[3204105.4243244785,3654487.8751262613],[3204118.331500128,3654508.6313248407],[3204123.626607376,3654532.8792734123],[3204114.8947869735,3654557.704218946],[3204104.3660734966,3654575.41865815],[3204101.396030527,3654593.3537187823],[3204110.3894050876,3654610.8123376877],[3204125.6819377984,3654631.721641909],[3204140.9709102605,3654652.643377099],[3204149.38096808,3654695.8069063923],[3204165.546346029,3654715.2536588633],[3204180.2551235193,3654737.150051439],[3204176.999716657,3654758.9245381528],[3204187.905754626,3654787.2214859845],[3204205.6793244407,3654791.5855887206],[3204229.060788871,3654799.988012653],[3204239.0213889675,3654813.0105319335],[3204216.844994625,3654837.4140863875],[3204208.0653819833,3654848.8375782995],[3204204.276563706,3654858.5880064755],[3204210.576813111,3654865.3917802586],[3204220.8635783,3654886.295522853],[3204221.0331071788,3654905.117171838],[3204220.468921641,3654935.864583481],[3204232.947232248,3654965.43967711],[3204234.71126269,3654990.5697149634],[3204232.022107104,3655029.384376135],[3204240.6071534785,3655068.321163392],[3204241.282083662,3655087.6503891298],[3204241.9365153313,3655106.558369549],[3204240.8467725273,3655110.379852614],[3204231.0718032457,3655144.718978547],[3204228.7461942253,3655185.1254010666],[3204228.614465728,3655187.4284529286],[3204227.081933107,3655220.930066935],[3204212.0421914053,3655263.6716805813],[3204213.4406557963,3655295.58838537],[3204217.1152457953,3655305.7330202605],[3204236.847684347,3655360.1613400765],[3204242.346661929,3655373.5492660026],[3204253.093174635,3655399.6965212175],[3204274.7859941423,3655427.810726806],[3204277.323517345,3655432.0973614235],[3204292.959443732,3655458.4751088205],[3204299.650083949,3655488.2399614225],[3204301.203789453,3655498.361316498],[3204302.86646463,3655509.2275288664],[3204328.7373779947,3655550.5526725114],[3204347.817382896,3655572.071375959],[3204352.9266415844,3655574.8973814687],[3204399.0455217254,3655600.424502577],[3204459.038361014,3655659.223175533],[3204472.1009744545,3655696.2117562466],[3204484.906453613,3655711.47363077],[3204503.9086958845,3655721.131340263],[3204519.1298247892,3655733.5312501257],[3204536.595287028,3655753.0336901294],[3204543.855616465,3655778.2311658626],[3204573.9326249016,3655797.0379784903],[3204588.6387465447,3655804.8650789736],[3204585.636475561,3655812.022021107],[3204583.6933773113,3655818.0616718796],[3204578.2906155316,3655834.887184336],[3204585.371007938,3655858.562415211],[3204603.940306788,3655881.937655372],[3204604.199495135,3655883.4861980677],[3204607.9630108313,3655906.0655059554],[3204609.1487114155,3655918.83693477],[3204622.8197624367,3655931.0940619037],[3204637.9356674934,3655939.21063173],[3204648.7032270962,3655949.3928325246],[3204659.417807201,3655966.974795815],[3204681.2560359025,3655984.486403754],[3204698.809162031,3655990.899629288],[3204717.8558388185,3655990.959233065],[3204708.0127126593,3656019.2646736833],[3204704.662601644,3656052.0558353504],[3204705.316010204,3656082.9597638734],[3204715.6842889423,3656122.234652559],[3204691.783332267,3656179.967794588],[3204682.6511516618,3656218.5592613737],[3204677.99817851,3656238.2166718096],[3204718.514109986,3656246.856676218],[3204757.1401295587,3656260.5438257083],[3204779.7218861207,3656282.2832363704],[3204790.9833015963,3656301.952677802],[3204793.537061275,3656321.6536446125],[3204789.255102783,3656346.622691855],[3204775.081140438,3656429.2136806967],[3204759.494045173,3656561.60517972],[3204771.5091474773,3656581.7200318365],[3204791.305557438,3656614.8717352375],[3204808.7623937447,3656647.1328458344],[3204815.8860279843,3656666.429885305],[3204817.4519716655,3656674.220394607],[3204825.542313926,3656714.3869471843],[3204826.0508479793,3656716.921843092],[3204825.524958996,3656777.5283718836],[3204813.2790160663,3656817.485502472],[3204775.893420428,3656939.4899540246],[3204771.5174910687,3656949.675189469],[3204760.818805039,3656957.429755848],[3204705.3532259613,3656963.3349930644],[3204692.297121101,3656958.000185763],[3204688.8187993634,3656963.0061546015],[3204659.0355682825,3657012.0128171626],[3204648.6195758237,3657025.5626471313],[3204639.596028262,3657043.3395135114],[3204637.6468706187,3657073.131186491],[3204607.913525196,3657142.580720481],[3204643.856839101,3657164.4373780545],[3204671.8033788893,3657196.1628751326],[3204706.6218653535,3657244.540220847],[3204787.2705707224,3657323.551843042],[3204843.2031930625,3657398.9322425933],[3204890.967451263,3657447.5445761112],[3204904.128489667,3657463.178417603],[3204906.8991733734,3657472.3619478196],[3204908.6500467667,3657475.969321517],[3204911.747395742,3657479.885644291],[3204911.9338186057,3657482.7660568235],[3204912.886727617,3657483.9223561212],[3204915.1738481843,3657490.0692329607],[3204916.7839670344,3657506.134165954],[3204933.9296294,3657534.8659158302],[3204960.345582701,3657562.560977489],[3204965.724521684,3657572.2107252874],[3204988.2747732727,3657581.765533651],[3205044.152850453,3657613.0946179177],[3205186.5745108593,3657701.697130109],[3205270.4953702968,3657765.8487762413],[3205295.5890797824,3657814.905237551],[3205296.300878222,3657824.0729087396],[3205300.304855006,3657875.43506616],[3205293.556129257,3657932.4443207346],[3205310.245734589,3658011.9126641774],[3205335.082969035,3658048.403488283],[3205366.981765189,3658086.518580438],[3205404.522915059,3658122.106841779],[3205453.851408636,3658150.395696213],[3205531.714110595,3658211.441268468],[3205577.612208033,3658235.9898455115],[3205754.615470729,3658291.7910705414],[3205779.9804354208,3658297.372979409],[3205806.722566114,3658303.256467816],[3205837.8393567745,3658309.960738858],[3205844.66788695,3658312.0239770142],[3205887.029373081,3658309.5950665185],[3205926.941098937,3658300.057684363],[3205948.1936869146,3658283.6901776707],[3205974.7416509255,3658269.8265709877],[3206010.744971904,3658254.881974269],[3206050.261010748,3658247.150003969],[3206152.310877098,3658234.0197464568],[3206217.1503281128,3658231.030948215],[3206271.8169296337,3658237.1612484474],[3206295.191770476,3658243.4729190506],[3206325.8444554107,3658262.625430776],[3206338.765075732,3658281.962634006],[3206343.529471986,3658304.176349261],[3206343.812720933,3658327.0819791914],[3206338.214709414,3658348.482415788],[3206321.1061731186,3658381.2591687157],[3206299.3046707143,3658410.5405336143],[3206272.8137349207,3658466.5154407616],[3206263.2593044685,3658495.7020399203],[3206262.775938444,3658525.6091692867],[3206274.114491645,3658573.8484696136],[3206292.8031301275,3658617.695281],[3206311.4916697955,3658661.542124856],[3206326.8615060346,3658695.5701617654],[3206339.9066354474,3658715.7403104124],[3206356.7143089278,3658741.735331915],[3206377.437485421,3658770.186977409],[3206395.852192767,3658792.819624845],[3206424.2932605934,3658808.271861591],[3206454.0754758967,3658808.92847981],[3206507.4234761335,3658799.014838837],[3206596.181216553,3658775.173279095],[3206665.3915241915,3658745.990196081],[3206727.5188572723,3658713.885806256],[3206793.1053434466,3658698.802436821],[3206855.1284626788,3658691.4187591258],[3206915.0804481506,3658690.924461835],[3206993.1384736355,3658683.3683695113],[3207071.5268772505,3658683.81988253],[3207107.0256522177,3658695.3838825785],[3207135.653425743,3658706.5415814244],[3207167.8915269813,3658727.0077444483],[3207200.806184059,3658749.344765164],[3207228.910931951,3658772.639441769],[3207269.228425633,3658823.422492581],[3207299.5860773455,3658846.4897281006],[3207336.5295315743,3658873.8602790716],[3207451.3201575484,3658946.5053042653],[3207531.0463102506,3658989.1573935803],[3207590.304724541,3659017.1875811797],[3207665.5105403294,3659052.637887491],[3207723.048179686,3659072.7564249244],[3207779.739023597,3659081.172989199],[3207832.559775372,3659092.6748522874],[3207886.410743988,3659113.2876792913],[3207910.4695619186,3659131.532940397],[3207916.568607463,3659136.68390067],[3207963.5313611473,3659165.143807613],[3207983.80698518,3659184.908296131],[3208063.4280169914,3659240.1172711547],[3208078.648730332,3659249.2398450207],[3208087.2092713346,3659254.676189017],[3208137.2050190037,3659283.7063679313],[3208160.0112097096,3659296.1811505654],[3208181.94136176,3659310.130174914],[3208225.562148726,3659339.1480999035],[3208245.3237019256,3659353.2690143064],[3208270.775637842,3659372.3895753976],[3208318.4141042577,3659407.5272625717],[3208337.9196633585,3659420.295053462],[3208364.899574302,3659434.5878939196],[3208384.3621016955,3659446.1913399715],[3208416.289935449,3659458.6409369595],[3208439.7450552154,3659466.6804926977],[3208468.037625223,3659475.657921898],[3208493.06534149,3659481.5315896915],[3208527.59320526,3659486.4672542335],[3208554.687806948,3659486.480352253],[3208586.57612975,3659487.258046438],[3208626.5915182694,3659489.3756737383],[3208645.8605496995,3659490.2672118754],[3208704.475202512,3659493.5015352545],[3208737.311562119,3659494.5855766274],[3208764.1894881222,3659499.9996972065],[3208793.804893897,3659506.5063995156],[3208821.0140076075,3659517.5298060304],[3208874.4656870486,3659537.5249881255],[3208928.0296006403,3659559.9582286575],[3208980.5304529686,3659581.4239128185],[3209032.2945828107,3659605.5735898437],[3209084.13605354,3659627.2043582723],[3209140.2322249124,3659651.6817685207],[3209187.727245409,3659671.549988811],[3209213.595022995,3659680.0634401864],[3209239.97083339,3659690.5934180724],[3209291.4721977264,3659712.299103958],[3209318.678190904,3659721.908434431],[3209344.073953747,3659738.3741950686],[3209367.975076081,3659757.343513401],[3209488.451604249,3659813.147320717],[3209545.277723589,3659837.112554925],[3209565.7242739396,3659846.619831179],[3209591.529110896,3659861.9132560478],[3209608.5708851274,3659871.9225380737],[3209617.0913157314,3659881.483766],[3209623.3733304413,3659888.5261202212],[3209642.384755697,3659917.6189568006],[3209677.969929034,3659995.628021521],[3209707.128526064,3660043.9118480915],[3209748.793552147,3660092.6428431054],[3209768.451349005,3660114.4551647315],[3209802.575751263,3660154.3719539912],[3209817.400077472,3660176.6730612465],[3209848.1234644605,3660219.9364203895],[3209860.777753759,3660250.8881892934],[3209868.096546243,3660267.707126514],[3209884.027049006,3660327.382482971],[3209899.0308733233,3660376.3323256634],[3209911.716670801,3660406.4928534185],[3209924.150240956,3660464.100748941],[3209944.905815376,3660519.7987786033],[3209957.251762895,3660575.8271101005],[3209989.913095339,3660628.2049586466],[3210026.9579347344,3660667.0496789655],[3210082.7136704335,3660694.464051746],[3210135.2394045433,3660702.0378416837],[3210195.2851828244,3660716.9919055384],[3210246.8067583917,3660721.971118726],[3210343.1449086973,3660715.1090668654],[3210462.869004732,3660744.100273751],[3210487.1504008435,3660750.57083217],[3210573.0759064388,3660771.440925962],[3210627.1951006874,3660791.779431677],[3210674.488031945,3660822.168470836],[3210711.951474931,3660855.186973011],[3210732.5890415814,3660878.4281297307],[3210738.065852948,3660884.5886027985],[3210775.73006426,3660943.120662732],[3210806.7948083086,3661004.6881207535],[3210827.3005406195,3661076.335298555],[3210874.0147663048,3661279.751946612],[3210887.555923429,3661319.4118293063],[3210896.562913497,3661339.3594711716],[3210920.431291254,3661369.3083552355],[3210978.109601478,3661467.0196242454],[3211006.4014617866,3661518.07930095],[3211052.4548298353,3661586.759731368],[3211156.388614269,3661683.013950091],[3211245.045830001,3661764.7167570386],[3211260.9568406786,3661784.790988408],[3211284.3587464048,3661814.3151865522],[3211389.836078442,3661952.27058821],[3211486.415145774,3662082.5897660344],[3211542.5384664056,3662144.3792769555],[3211682.906739942,3662277.556685122],[3211760.9456829447,3662355.1879036976],[3211771.992297088,3662403.7738974276],[3211824.384180123,3662636.7198402174],[3211853.7781675635,3662748.1700703492],[3211893.929407819,3662771.054895175],[3212070.8183094813,3662680.8129901327],[3212120.2926125517,3662680.002130038],[3212145.7938211965,3662680.5762466877],[3212153.529349709,3662694.6775123766],[3212193.248737405,3662763.611768521],[3212198.959444752,3662815.481945689],[3212217.602891894,3662996.854868381],[3212234.868291187,3663085.0776225994],[3212281.6746078897,3663171.0964903743],[3212312.265003185,3663237.2999388026],[3212376.5098536303,3663354.7649286147],[3212463.6891238913,3663425.3602551213],[3212551.2223384026,3663496.271757879],[3212714.0910254316,3663628.3992955973],[3212844.9047258385,3663739.1193312868],[3212961.3964389567,3663852.892307618],[3213116.3148125447,3664001.02147686],[3213217.950042911,3664098.2026951932],[3213316.1190084834,3664195.3243947467],[3213454.0938031217,3664412.3347788285],[3213629.743729783,3664831.3518242026],[3213715.435288786,3665254.7039971137],[3213668.2214611666,3665477.3768813936],[3213702.411466957,3665686.4343603547],[3213701.0702734636,3665744.143961134],[3213700.3484695656,3665775.0215853867],[3213693.094354404,3665920.2015798287],[3213641.319513319,3666211.5265220506],[3213608.459331385,3666391.913852128],[3213581.1406139764,3666518.90466992],[3213528.880558148,3666752.2083317717],[3213518.1074141525,3666906.2158274003],[3213527.8629290224,3666981.455812613],[3213548.306042045,3667139.16886946],[3213571.5912543247,3667323.246586089],[3213590.221607453,3667477.0905931043],[3213657.2969777063,3667689.7753750994],[3213691.7750644432,3667749.011267677],[3213780.7435961077,3667922.826256172],[3213939.9225007268,3668114.468542884],[3213997.5145811504,3668182.9948893907],[3214130.829721771,3668347.832643113],[3214220.0979686473,3668457.620411258],[3214307.025903105,3668565.9974217056],[3214384.62800455,3668692.680274859],[3214434.0437868293,3668858.3421642305],[3214445.316994002,3668903.150675862],[3214453.806237434,3669116.3358897087],[3214461.2436361755,3669266.726573329],[3214469.503587477,3669447.381674162],[3214480.3902405174,3669660.099444773],[3214516.386466641,3669897.934831728],[3214558.771615538,3670164.4904940985],[3214598.876377237,3670339.5961905],[3214638.2603048254,3670490.724876496],[3214705.075759766,3670779.905518862],[3214733.361633571,3670934.897603794],[3214845.7499997355,3671199.162056154],[3214909.4395089783,3671356.243418915],[3214921.913867308,3671379.212376169],[3215081.1998497993,3671510.285990619],[3215163.0821754797,3671549.741090622],[3215205.0867330255,3671570.3625617307],[3215383.5785379726,3671637.394569587],[3215645.590844851,3671714.228544039],[3215897.701434248,3671792.956969669],[3216056.8610639065,3671829.273903503],[3216203.1504736952,3671857.812678636],[3216359.213337831,3671880.5897073573],[3216507.6015798845,3671900.8066541483],[3216659.7576259365,3671892.3341461406],[3216716.797186557,3671875.338242725],[3216826.192294801,3671832.812508034],[3216895.9086070894,3671808.263260059],[3216973.3649330474,3671793.46332298],[3217052.315806294,3671793.071674047],[3217122.942694176,3671784.586777198],[3217314.0898612347,3671707.554533116],[3217472.2862514937,3671642.143900233],[3217514.795766515,3671593.2986847684],[3217565.2024988635,3671544.350989909],[3217626.1493418696,3671511.8532215315],[3217730.588488442,3671482.2373847943],[3217859.5800727215,3671472.2929082382],[3217967.2985645793,3671481.3514959216],[3218081.2871296112,3671508.3460691916],[3218208.1599147255,3671550.4058913593],[3218285.677058356,3671558.061546364],[3218402.6530655213,3671573.6005547973],[3218480.751738338,3671592.1829283233],[3218604.06859312,3671642.503228207],[3218405.879052542,3671739.889810854],[3218338.372243098,3671772.7120062774],[3218335.163428222,3671777.8833355596],[3218288.2575467043,3671918.2407261366],[3218275.6877136147,3671951.1724849977],[3218257.972800648,3671978.4917349145],[3218125.7948521674,3672215.6249113474],[3218104.731166131,3672253.415159675],[3218134.193655479,3672430.702457172],[3218149.333457472,3672521.7959886873],[3218149.878356396,3672525.0931261606],[3218150.536359922,3672528.7883774573],[3218104.3381553786,3672516.7872017026],[3218100.2057765527,3672538.738293208],[3218091.791457566,3672558.882709583],[3218081.395826529,3672574.9342553015],[3218045.7833707994,3672638.1565926056],[3218027.0807930687,3672679.8317931276],[3218011.2961561875,3672708.736733103],[3217992.8504169118,3672731.8630765486],[3217980.3686753693,3672756.839908762],[3217968.8045678833,3672804.0945875337],[3217966.351526102,3672817.42944701],[3217962.912757,3672835.247085854],[3217947.8542499947,3672928.643591598],[3217954.9261139203,3672938.1548404167],[3218045.4268947765,3673021.0277289236],[3218204.9372288766,3673164.9213527003],[3218380.2429397423,3673323.458246035],[3218385.3853760604,3673346.0363333337],[3218371.381998239,3673424.6685748613],[3218362.0170891443,3673454.688537751],[3218370.1380656855,3673472.7047583763],[3218379.2217578376,3673486.8544417904],[3218386.9430592353,3673504.4053602554],[3218372.5676495573,3673512.137037193],[3218359.1720009586,3673549.098950399],[3218352.1041635433,3673562.8055514586],[3218328.335809494,3673590.3832117813],[3218306.2006758335,3673622.2899804483],[3218283.874715909,3673654.509152538],[3218258.6949015567,3673690.787451284],[3218219.893554562,3673752.118230827],[3218198.59826935,3673779.636982033],[3218162.6791293295,3673844.711636742],[3218179.0460494664,3673855.9384106747],[3218228.8059791373,3673887.820072136],[3218294.9304001555,3673926.472446762],[3218332.489763301,3673949.423694294],[3218416.531260963,3674022.012663571],[3218450.5283311866,3674052.780858637],[3218479.311931329,3674081.5126892915],[3218544.8030084637,3674125.7028976725],[3218549.8130533407,3674131.671212096],[3218560.639523044,3674137.8105795486],[3218598.6181597714,3674173.443521848],[3218601.494450249,3674179.3993034163],[3218591.0152209075,3674236.76113958],[3218566.7693434795,3674253.6189752724],[3218578.503531779,3674289.3518477543],[3218590.072172627,3674309.001419207],[3218601.93946636,3674315.516291115],[3218611.253039214,3674316.2603725996],[3218622.78403129,3674318.1365084015],[3218632.2370800744,3674324.961777182],[3218652.8018352333,3674347.3921643384],[3218662.9953308925,3674363.766129965],[3218673.972840783,3674381.0630031023],[3218684.106375049,3674399.398268786],[3218690.939675169,3674426.6134652756],[3218699.699194816,3674469.1991875432],[3218709.8866153928,3674509.772579788],[3218719.761435214,3674529.2776173595],[3218734.7891522464,3674548.277435782],[3218749.3363848655,3674565.599634842],[3218763.4572396153,3674589.891823405],[3218776.1303421212,3674609.544255688],[3218794.137684861,3674623.9935935494],[3218834.974772166,3674662.6734425356],[3218839.184563252,3674673.4700845615],[3218836.861235855,3674685.401800641],[3218819.2491517887,3674702.561548003],[3218803.307820223,3674717.890770957],[3218782.207325857,3674738.045854598],[3218761.2718459098,3674756.0294908048],[3218740.8679929585,3674771.9926802325],[3218735.3365741186,3674785.6524649854],[3218741.556507429,3674807.30705887],[3218749.8935426837,3674828.045415595],[3218766.118968155,3674839.745761871],[3218781.693109844,3674845.7106538755],[3218784.4119067574,3674853.8937567486],[3218786.5173397614,3674860.236354492],[3218787.67498313,3674881.970653048],[3218787.7169465283,3674902.4035555073],[3218785.93873473,3674927.9981252896],[3218781.523187509,3674941.911179823],[3218771.195311335,3674962.702587622],[3218758.636354087,3674985.8667086195],[3218748.1935162717,3675009.681254038],[3218738.5741853127,3675028.972742807],[3218731.6144029913,3675046.4188641706],[3218721.3434798373,3675064.685631603],[3218713.6552466783,3675083.8902498875],[3218707.6115849684,3675097.1819716133],[3218708.114961329,3675114.7365020937],[3218712.4133294607,3675141.1979019064],[3218719.2819611086,3675165.432874329],[3218720.6915812655,3675178.846870544],[3218720.194616503,3675201.7630920354],[3218722.1659680167,3675217.387433412],[3218722.582113716,3675239.3056876827],[3218723.7313565416,3675257.886465928],[3218713.374235832,3675277.5338848657],[3218691.1410787795,3675307.2196847117],[3218675.5438599503,3675329.5597028723],[3218662.6064834334,3675348.4072224363],[3218656.4299247228,3675369.149444732],[3218647.860361915,3675388.503839953],[3218646.8533816384,3675400.8008020725],[3218647.165607501,3675403.326376366],[3218652.3994477587,3675408.6170852776],[3218657.2609991683,3675415.278525076],[3218664.9765445706,3675422.2576044863],[3218675.737333214,3675436.1525486917],[3218692.4688929273,3675448.5099555477],[3218709.282769265,3675458.8659823267],[3218727.880882942,3675468.814360861],[3218745.451324391,3675476.529727301],[3218766.9133687527,3675484.8469781578],[3218794.4127203748,3675497.1272570654],[3218808.3660529265,3675500.544916358],[3218817.6754445857,3675504.1345884],[3218820.293732167,3675509.037080037],[3218818.6531356256,3675529.046398987],[3218816.479593626,3675543.740057202],[3218813.2030814188,3675561.056654629],[3218812.158300424,3675584.9033818757],[3218810.639995942,3675605.3201014767],[3218808.014988057,3675624.444753101],[3218807.128402155,3675639.602675592],[3218804.5873089144,3675654.375973858],[3218803.243094889,3675669.2557405233],[3218803.2711805673,3675681.8258873285],[3218801.374017085,3675696.0480100797],[3218795.604427857,3675708.880387191],[3218786.442953403,3675728.4389578355],[3218776.825698008,3675749.2968533756],[3218765.370679445,3675770.6103282743],[3218752.4532878455,3675794.3710323507],[3218738.1325858086,3675822.0961894244],[3218727.6992959566,3675842.189137992],[3218715.326250571,3675865.5502430242],[3218703.9190209163,3675886.16116731],[3218700.367063926,3675899.549800671],[3218705.554307092,3675916.876378784],[3218712.487683382,3675932.3879876253],[3218723.133832072,3675947.2671693414],[3218740.800831835,3675958.17154806],[3218754.9479465364,3675968.2784509645],[3218768.96427915,3675977.8649554476],[3218785.1891910555,3675984.128287202],[3218799.6598408422,3675993.3258162886],[3218811.065428688,3675999.113772737],[3218821.496443456,3676007.642628748],[3218840.061743784,3676014.431666239],[3218852.951458999,3676014.012438036],[3218864.989952103,3676013.5278125927],[3218878.5862337505,3676011.5514218407],[3218892.4501405274,3676010.6144208293],[3218909.952506813,3676008.7756546787],[3218921.6700026714,3676009.2115157587],[3218933.66476007,3676016.24730406],[3218941.3631658657,3676024.889272932],[3218952.973051674,3676033.6905144015],[3218963.9451250546,3676049.871298364],[3218968.6593764033,3676063.1457941607],[3218966.6030627266,3676074.769790907],[3218964.4276640513,3676090.3162127035],[3218964.389779615,3676100.057863717],[3218973.0011719977,3676109.0379156494],[3218987.0762879727,3676116.6638245536],[3219005.841241694,3676125.3503010706],[3219012.6627806514,3676128.6697465037],[3219026.949727564,3676132.350349402],[3219042.762702313,3676133.7063463903],[3219058.776376979,3676134.736236783],[3219074.5271102632,3676133.6200020364],[3219085.91050933,3676131.6281843632],[3219098.2074199826,3676127.7515083686],[3219107.965741392,3676128.1089119907],[3219114.947925775,3676136.099277996],[3219125.009039214,3676151.953154812],[3219132.0780050335,3676167.9841813347],[3219142.8506254666,3676183.3738131467],[3219149.1326485495,3676196.2713407595],[3219157.975275673,3676206.357544132],[3219167.8444108823,3676221.9710877333],[3219173.859591684,3676235.821584731],[3219179.053578675,3676250.8775906838],[3219184.8868633825,3676266.097659353],[3219190.524241623,3676276.6902324227],[3219196.6752392296,3676289.7469312064],[3219198.9506697254,3676304.4089949094],[3219203.1856251685,3676321.1423252206],[3219203.9326098063,3676338.3023436577],[3219207.970139617,3676356.604888572],[3219209.419682516,3676376.8502221117],[3219214.0768402987,3676398.143456246],[3219226.706485077,3676418.129039586],[3219239.2243083427,3676434.2149284654],[3219247.742679771,3676445.602349646],[3219255.924244523,3676458.5013887007],[3219258.9649517774,3676472.6513229604],[3219267.826441631,3676488.284245816],[3219274.32822365,3676500.8278860142],[3219284.6769733336,3676513.9039772605],[3219300.350088752,3676525.649185538],[3219315.5358153544,3676543.9073073543],[3219327.226723715,3676562.3288917327],[3219337.5830564746,3676578.2364100288],[3219342.453997,3676597.6338792564],[3219346.6567488927,3676617.196921788],[3219359.68391365,3676635.287405294],[3219369.3555253968,3676642.841806406],[3219383.8562853895,3676652.7469365075],[3219390.2008393304,3676663.9590211473],[3219400.2220497252,3676678.532993961],[3219411.5586113636,3676687.0915163085],[3219424.225321667,3676695.3204686195],[3219439.2069974346,3676698.714457912],[3219459.0076110475,3676695.939028241],[3219464.9815007187,3676697.038720312],[3219473.820444513,3676698.6608859147],[3219486.836592657,3676713.909516075],[3219500.5104091885,3676726.150460281],[3219518.6783343214,3676739.408633793],[3219540.8471141653,3676754.520349319],[3219561.3403212894,3676765.7859053924],[3219576.1737055792,3676774.1924012615],[3219591.00085269,3676782.6004750757],[3219602.0216603177,3676798.332099794],[3219611.2051890837,3676812.399756019],[3219626.8810534133,3676826.9896474946],[3219648.041961121,3676838.0900257947],[3219674.0316159884,3676851.541494178],[3219695.5194593505,3676861.144428455],[3219716.346713325,3676873.744288968],[3219736.331283644,3676880.1609815103],[3219755.1558855595,3676890.4123489084],[3219773.6456049173,3676899.330126593],[3219794.6370887877,3676909.758895879],[3219817.6191314245,3676916.8614668106],[3219832.4412987307,3676922.4265957437],[3219849.3582634768,3676925.0543057015],[3219868.863665146,3676927.156094953],[3219882.7762134927,3676927.291821629],[3219894.9905613232,3676930.819598185],[3219911.354737807,3676936.4291250473],[3219925.729891723,3676945.790648143],[3219940.693382815,3676956.998913727],[3219957.1089798766,3676966.2697307845],[3219961.210807615,3676973.6842033956],[3219963.892818381,3676978.47896159],[3219965.941103493,3676982.8433154766],[3219973.626692217,3677006.760760751],[3219979.1101244036,3677025.1772340173],[3219984.621443186,3677038.8878870215],[3219983.0949833766,3677050.241605982],[3219982.969512418,3677065.1871312726],[3219985.048882168,3677079.9896595962],[3219985.403586762,3677092.6856243145],[3219991.5944408113,3677106.0667283554],[3219996.786788908,3677120.4437446673],[3220001.799212515,3677135.6484774444],[3220008.8627162534,3677151.7733027153],[3220018.8518174095,3677166.804981285],[3220019.8615994947,3677168.812202366],[3220025.8670877265,3677180.6959530003],[3220036.216710978,3677193.761088491],[3220040.740251596,3677204.007938161],[3220046.9872529735,3677214.000685356],[3220052.933823838,3677224.655207215],[3220066.975292912,3677235.0208742376],[3220070.75952834,3677241.327775491],[3220068.4604097186,3677254.6809891956],[3220065.8307056986,3677269.544187725],[3220069.853135143,3677279.9151517777],[3220080.181933148,3677287.296104664],[3220086.6894244906,3677296.33754409],[3220082.37280126,3677307.4378910256],[3220076.0660884078,3677316.578036296],[3220065.488750329,3677331.1638892256],[3220057.6279599355,3677339.871289173],[3220048.6581479376,3677351.882357785],[3220038.5947064143,3677365.373617365],[3220032.4460525303,3677378.59780551],[3220026.845530077,3677386.676359541],[3220023.048354035,3677394.112464429],[3220014.41188641,3677416.5330819283],[3220009.287327775,3677429.883747772],[3220003.3379261442,3677448.402575414],[3219996.726727437,3677467.085358267],[3219990.1979945377,3677484.6305924244],[3219982.836826003,3677506.2402629796],[3219976.715266223,3677522.4754077443],[3219951.09347659,3677521.727753002],[3219929.3004531185,3677522.1509109307],[3219899.5634861235,3677519.58974554],[3219873.8156618215,3677519.2307552164],[3219846.446539227,3677517.177444734],[3219817.6254530083,3677515.6222096593],[3219794.8694673628,3677515.0637336066],[3219771.855856948,3677514.212161003],[3219746.742685388,3677512.6139961258],[3219731.615462158,3677511.4556363043],[3219706.3175839656,3677509.200891183],[3219691.6821115427,3677512.8271573773],[3219688.3679628503,3677515.7214234583],[3219676.88747957,3677527.123338515],[3219662.4173860126,3677555.40176785],[3219634.677943944,3677597.218717232],[3219606.361881784,3677638.8564029923],[3219590.1579407733,3677669.4883787613],[3219552.8872355935,3677720.9356928966],[3219523.543577538,3677769.2787957974],[3219493.2556944015,3677810.485146666],[3219464.5282748244,3677846.1568065537],[3219450.9491683505,3677870.829714636],[3219441.000914392,3677884.663186234],[3219426.384384921,3677896.808948857],[3219411.0966446823,3677903.4314956875],[3219412.1330012674,3677918.8038931997],[3219413.1788801365,3677939.8635890074],[3219410.9068763116,3677961.7341650683],[3219406.3042107793,3677985.599113062],[3219401.18952613,3678004.6269422523],[3219393.729038286,3678028.831764525],[3219385.834151364,3678052.614500951],[3219375.0741058076,3678075.034341627],[3219366.14292622,3678095.7109243358],[3219358.427286254,3678120.336227974],[3219370.5541969496,3678130.1376741105],[3219387.725929033,3678142.1323625115],[3219411.5338483844,3678163.596564702],[3219432.56452084,3678182.9504801407],[3219449.0733373137,3678198.0350815495],[3219465.082993731,3678213.9575292924],[3219480.212619599,3678228.992453518],[3219494.262781745,3678242.9474146543],[3219509.768325545,3678256.864150981],[3219531.7664911747,3678274.1356965415],[3219550.7811116055,3678293.5749642495],[3219569.7912862105,3678311.2186440155],[3219589.4376035496,3678326.2169216336],[3219609.714361069,3678342.130120915],[3219635.525328134,3678364.906738193],[3219658.094625886,3678384.455739842],[3219682.134141333,3678405.909365089],[3219708.920897728,3678428.1794730555],[3219696.5169770326,3678437.8530364376],[3219684.5679262243,3678449.337326789],[3219669.9644479016,3678464.3243505037],[3219655.0343468552,3678480.809049572],[3219638.932597029,3678495.4534905823],[3219624.830599813,3678512.4356736685],[3219649.1498251036,3678524.882146262],[3219671.95944497,3678534.1439629733],[3219692.60877828,3678543.2271910114],[3219721.5734243556,3678551.6778165465],[3219744.3779658154,3678558.096366791],[3219764.681101295,3678563.0042036194],[3219784.9773825975,3678562.235742598],[3219807.2649794426,3678560.9738902296],[3219826.4024797957,3678564.0401225085],[3219843.389240417,3678572.6148903565],[3219857.386503337,3678583.3586677965],[3219879.5356217176,3678595.6182380305],[3219893.862979299,3678604.8521389114],[3219912.0211386094,3678615.267512719],[3219928.345866182,3678624.0065458072],[3219945.168106952,3678634.753039314],[3219956.1743574603,3678644.8100031745],[3219964.517185784,3678658.3601913457],[3219977.5430526966,3678679.284296884],[3219993.06733067,3678701.708525938],[3220009.5846719285,3678725.314850883],[3220021.276077696,3678743.724884053],[3220030.2912690323,3678759.9532717043],[3220045.636315521,3678776.0414116075],[3220058.9858420575,3678795.457254883],[3220074.8473010464,3678819.2261695834],[3220091.8476453624,3678836.309341397],[3220102.3624437246,3678850.0355284074],[3220112.7096094154,3678865.9454608993],[3220115.740078782,3678880.81195999],[3220124.5841817237,3678893.535485789],[3220133.4235725766,3678903.4154335186],[3220147.287259789,3678927.679404336],[3220148.482989837,3678943.714546897],[3220154.0144953006,3678960.0920602996],[3220164.0347158965,3678977.4996380075],[3220177.7294443664,3679001.0914172926],[3220183.4363846444,3679023.8175128778],[3220189.815864537,3679049.2217280585],[3220192.364904265,3679073.444296935],[3220187.607106155,3679102.3104748945],[3220193.580858399,3679143.9623547527],[3220189.595541262,3679159.530586642],[3220189.2642970183,3679168.411817726],[3220208.6938107004,3679205.842977779],[3220231.665886811,3679250.99978902],[3220245.9101487766,3679279.6842096937],[3220257.7920079655,3679314.7586237383],[3220278.2819972876,3679390.1526851105],[3220283.8421057393,3679403.793533414],[3220319.3874637494,3679440.0190594783],[3220362.186874807,3679486.459929131],[3220405.5674438453,3679531.8701844267],[3220438.858861823,3679569.87536577],[3220456.119136825,3679597.2369001247],[3220483.4905710807,3679612.8453486436],[3220550.671202986,3679647.2007234422],[3220598.076918686,3679670.4925694754],[3220643.7449327037,3679694.7910459056],[3220678.89768362,3679713.148783254],[3220705.6180720436,3679728.83878905],[3220726.9908124385,3679756.7369568683],[3220744.8396303607,3679784.1489752512],[3220745.4648455167,3679801.5229337825],[3220743.829102453,3679815.253209209],[3220741.0232804837,3679858.457314924],[3220737.1942306524,3679905.0129845547],[3220747.1977897696,3679952.3116038432],[3220758.3730703476,3679964.5732417433],[3220847.032275189,3679996.4672052925],[3220890.763243907,3680008.175010351],[3220941.1519274805,3680023.255704094],[3220983.079029296,3680038.5320317354],[3221053.0789229437,3680059.387173903],[3221081.6243424527,3680067.658898067],[3221138.351110163,3680088.980245683],[3221191.7856910974,3680110.817854681],[3221233.767711566,3680129.226435174],[3221295.7200013427,3680157.7202157523],[3221376.902129604,3680195.8381566866],[3221432.3253878187,3680224.383391072],[3221486.3594698724,3680256.083016272],[3221564.9779946115,3680297.6594838635],[3221615.1139009534,3680325.0044468124],[3221676.4772771774,3680354.891470557],[3221710.4633075073,3680372.4607763956],[3221748.272016228,3680394.09379136],[3221762.6529768007,3680401.7976142364],[3221773.193312615,3680391.680312291],[3221820.097382836,3680416.0723900525],[3221855.6209131964,3680433.572920518],[3221897.330654243,3680464.5600146945],[3221890.5396941165,3680478.4478203612],[3221893.055748904,3680488.4777513975],[3221912.3776795194,3680508.4217006085],[3221937.33377726,3680522.2728129476],[3221961.698833511,3680543.583099134],[3221993.3169632987,3680591.5322820945],[3222018.4338095165,3680627.593235775],[3222040.6243767114,3680655.5223516724],[3222066.7611693777,3680683.3502821634],[3222076.436952425,3680699.992398561],[3222096.037072001,3680701.7874360317],[3222127.18222066,3680720.6374339415],[3222167.4557798747,3680742.5379417036],[3222197.8761682296,3680789.229351678],[3222218.0980770513,3680818.083557086],[3222238.164823936,3680846.3197626015],[3222252.371827051,3680873.126732013],[3222265.9313632664,3680886.80430237],[3222291.8069657343,3680890.8015580038],[3222308.562802086,3680896.1799419625],[3222336.485598742,3680914.4921242846],[3222374.5857291715,3680941.583903431],[3222387.033582195,3680960.384952918],[3222399.958839884,3680986.9794297894],[3222428.467063087,3681014.958757343],[3222454.898152781,3681039.237146395],[3222473.9933599983,3681059.549278201],[3222492.9536873717,3681080.5281922906],[3222506.7295546383,3681093.450144302],[3222518.4480620185,3681110.209157237],[3222536.574835894,3681120.4311379986],[3222551.763422859,3681126.3705131477],[3222577.3341138223,3681152.117342342],[3222582.613877611,3681156.9954293743],[3222592.560022979,3681166.6615002346],[3222600.8881307356,3681174.770096973],[3222613.817007047,3681188.9496744806],[3222639.7721106163,3681220.3940983196],[3222683.8436884275,3681281.997476279],[3222710.697530211,3681318.67829685],[3222729.187134981,3681345.5089910873],[3222770.6987647563,3681324.0025044526],[3222807.8872798877,3681305.2009066907],[3222864.2111122073,3681281.2759687607],[3222895.692177853,3681266.6735317195],[3222911.5661885906,3681257.600530694],[3222915.852563979,3681263.806998092],[3222936.441444328,3681293.7810840877],[3222961.2777990755,3681336.4316188265],[3222989.370178676,3681378.8758632583],[3223015.592200659,3681423.5215213825],[3223031.3144907393,3681452.1771775684],[3223046.89785463,3681464.019750838],[3223068.436152097,3681464.4288502587],[3223084.6183450054,3681464.1817055186],[3223095.434171345,3681464.6511628097],[3223101.477970282,3681465.2756664664],[3223117.064405247,3681471.6592405406],[3223135.106506367,3681475.742893506],[3223148.3255399317,3681487.5023868205],[3223156.3431023443,3681502.1025524833],[3223159.435464587,3681511.9784031846],[3223165.9430689877,3681540.4021405564],[3223186.360943546,3681562.265892092],[3223228.72046197,3681599.663233081],[3223269.025408381,3681633.814664797],[3223311.7481229613,3681670.1783585795],[3223345.2337843096,3681703.206248821],[3223373.281351432,3681729.437160433],[3223379.751807386,3681740.354941744],[3223375.8284605043,3681758.2180940197],[3223370.6060997187,3681789.5416091993],[3223386.479682198,3681810.6406300156],[3223404.331067335,3681832.195005884],[3223422.108566694,3681854.711946792],[3223438.456402296,3681872.1009640386],[3223458.1255757716,3681884.7536979667],[3223486.442942644,3681900.9112424296],[3223502.886130659,3681914.3615577477],[3223523.6495572682,3681926.4330631373],[3223548.9016437475,3681948.9796158015],[3223570.0343956403,3681962.5260595344],[3223595.9227194814,3681970.1988085825],[3223622.380435377,3681972.733262894],[3223660.297926631,3681970.719621416],[3223698.405650379,3681967.553806026],[3223737.4582160516,3681961.978408851],[3223777.7555658007,3681956.395128968],[3223824.0940030906,3681949.779926975],[3223832.3344600964,3681948.4114012965],[3223835.877907267,3681948.41089514],[3223874.9837427665,3681952.5308810463],[3223936.9678483238,3681962.006408448],[3223989.560848872,3681975.069766433],[3224034.2620389927,3681984.3720371793],[3224078.2114634514,3681993.2155773425],[3224106.2680097064,3682024.4331209534],[3224122.4024052834,3682053.5066027567],[3224139.8585044327,3682070.174277405],[3224178.450202264,3682082.8869834226],[3224223.053949154,3682097.0740608503],[3224251.6085860906,3682107.5457099862],[3224282.1468941257,3682108.0967254257],[3224337.1364678172,3682116.990091002],[3224364.51493706,3682119.3354693498],[3224352.7434995105,3682163.2477582567],[3224345.1682946086,3682200.1243311367],[3224333.765996897,3682245.638346806],[3224321.8275296204,3682285.4468576666],[3224313.3656144827,3682323.0493920683],[3224350.242141382,3682336.416845357],[3224383.2677497147,3682346.486788023],[3224386.066212854,3682347.338503706],[3224450.376800673,3682331.003765964],[3224546.060611992,3682307.8194038407],[3224621.221569278,3682288.358419038],[3224675.218488735,3682273.676191084],[3224720.6937173726,3682260.6499542827],[3224753.0964013655,3682243.6555966055],[3224794.4471717486,3682221.308557234],[3224837.799559484,3682198.018712471],[3224887.0346547537,3682169.684432872],[3224953.2370125772,3682142.999781853],[3225007.65620107,3682128.2179211667],[3225055.1251679445,3682112.45811238],[3225099.531664083,3682089.8092838787],[3225124.145732223,3682072.046459847],[3225131.9945368017,3682064.6858348288],[3225168.3193683745,3682030.5840125824],[3225200.488931927,3681994.7678201045],[3225224.0456215986,3681972.7762090787],[3225256.738716121,3681933.699588055],[3225290.388347931,3681898.417283939],[3225332.557843419,3681857.9010258233],[3225370.3054793477,3681813.9745111186],[3225401.103076985,3681772.661580654],[3225420.0128868716,3681737.4371621395],[3225433.459316517,3681714.3381332746],[3225420.451640603,3681678.4459232003],[3225456.49789986,3681622.355838566],[3225479.6185237085,3681584.2854098585],[3225498.012749714,3681557.7208738546],[3225519.363392365,3681537.6233281046],[3225547.348416614,3681515.428640821],[3225586.9026925573,3681482.297351908],[3225623.195043465,3681450.4202750563],[3225657.3916207845,3681424.4606035305],[3225669.690856294,3681409.2796171405],[3225678.1712319474,3681373.475269982],[3225697.6605966417,3681376.313128083],[3225760.110490936,3681368.554752195],[3225810.756358402,3681361.9008779475],[3225843.082511004,3681355.2753477017],[3225854.657942855,3681347.930203571],[3225869.3828178644,3681331.7142585954],[3225881.8979366133,3681313.7981867846],[3225890.6331419526,3681312.991056068],[3225901.804798314,3681316.522446513],[3225908.342978095,3681324.800294055],[3225932.485113373,3681344.4645182104],[3225955.6706984555,3681353.1389108193],[3225980.3284958317,3681364.1330243247],[3225981.290254008,3681376.9292724584],[3226004.691698632,3681393.633159705],[3226036.8322765213,3681404.140889006],[3226062.42516829,3681408.1692920714],[3226083.1674516145,3681403.503722669],[3226094.141860362,3681399.9226837135],[3226098.174648543,3681398.3641449674],[3226105.535335723,3681395.524506693],[3226112.795436396,3681396.7969872174],[3226132.462125512,3681405.7295244467],[3226143.0025680284,3681415.714904318],[3226156.370279752,3681433.362008217],[3226158.830525422,3681436.5894053653],[3226170.117151047,3681452.6311532147],[3226176.773835205,3681468.524949197],[3226187.050338934,3681520.3694493407],[3226193.6316912314,3681561.0013111453],[3226203.558029769,3681584.620443302],[3226229.4901524754,3681607.8854392134],[3226255.219506313,3681630.313969245],[3226273.783203667,3681654.4977429463],[3226303.4009462344,3681674.6091537937],[3226341.8568309317,3681688.949567625],[3226389.485589071,3681713.1639963817],[3226428.1593184015,3681735.5451586917],[3226483.8024385013,3681768.572610917],[3226527.221498994,3681795.690916966],[3226581.4681523303,3681832.298621717],[3226648.472797118,3681872.025365116],[3226771.8218310825,3681946.9008340994],[3226841.3753207875,3681977.677298969],[3226884.1653976557,3681998.6206505913],[3226988.2720281696,3682046.293272169],[3227047.624954039,3682075.509968267],[3227093.4958737483,3682097.6873656656],[3227130.630766671,3682114.9370345776],[3227171.524473975,3682135.9696327164],[3227243.806035444,3682170.0273861224],[3227298.960316503,3682199.336751374],[3227352.453940062,3682222.4473045636],[3227354.2528357576,3682218.6193925347],[3227366.0972738396,3682192.296095726],[3227367.3300797557,3682189.563208465],[3227383.160453917,3682153.01336809],[3227401.1595220203,3682106.707743016],[3227419.346202054,3682069.266982466],[3227439.515000689,3682022.3467429783],[3227454.507422623,3681990.367276546],[3227458.1813257467,3681983.303087466],[3227471.9291667584,3681956.845558463],[3227504.022707744,3681901.324779483],[3227531.245429423,3681835.698646261],[3227547.0902271355,3681792.4924380695],[3227564.962520596,3681743.479799823],[3227574.2655576156,3681713.3744443515],[3227576.635724674,3681705.7105420763],[3227586.205197667,3681659.5141810607],[3227595.2305422504,3681622.408676115],[3227604.359216474,3681583.8502548086],[3227612.50139255,3681546.9623840256],[3227622.6360379467,3681512.4045372517],[3227630.3354186276,3681479.3904321636],[3227642.128981378,3681445.851822746],[3227660.2187990835,3681409.335507949],[3227675.5351678175,3681371.142171967],[3227703.65354049,3681307.175188183],[3227721.2405743683,3681268.664987562],[3227737.0932890787,3681233.770855528],[3227747.982925634,3681197.7847122974],[3227749.9495974546,3681182.8755744426],[3227747.6140778456,3681167.7361848988],[3227748.295530548,3681161.766200808],[3227750.019643627,3681143.8084580693],[3227756.4149202476,3681116.6766903433],[3227792.1890598685,3681130.7335032066],[3227824.944374106,3681139.293994023],[3227850.827484471,3681154.151231169],[3227885.4954210557,3681171.796430118],[3227918.8402400087,3681184.1149885952],[3227954.0821802868,3681189.9458977007],[3227980.038671348,3681200.89447942],[3228036.027174252,3681229.214244586],[3228059.9180528405,3681245.978648462],[3228093.425188587,3681267.444905253],[3228117.3246023445,3681289.8713567974],[3228140.7222856586,3681311.7076002434],[3228161.454662225,3681335.5352385454],[3228186.9172961935,3681355.8158213547],[3228212.6559076332,3681369.97322539],[3228244.8657056475,3681387.9028835627],[3228288.45153257,3681414.303590469],[3228292.571766883,3681416.041074523],[3228296.05620458,3681418.0961827245],[3228355.7125124685,3681454.380244593],[3228386.0846290174,3681480.1994901383],[3228426.8303063093,3681512.4457331765],[3228460.417849835,3681546.2922393046],[3228515.190710712,3681591.0431419695],[3228593.9227195163,3681639.7310312674],[3228647.255983781,3681674.9599013575],[3228678.993409395,3681695.6669913176],[3228707.8355021775,3681738.348748228],[3228718.492432682,3681771.6324035483],[3228728.5999975293,3681812.1539781326],[3228742.5963582974,3681849.3589869635],[3228761.3492380003,3681882.6771165156],[3228780.502551046,3681913.525333261],[3228795.043328992,3681940.76538156],[3228813.160699047,3681975.586769777],[3228829.5316407895,3682004.748057555],[3228831.935035723,3682035.9983725664],[3228833.5417960933,3682065.395569094],[3228836.2420766414,3682092.3135140752],[3228845.1564230006,3682115.7458306444],[3228861.0770080825,3682133.9781079753],[3228896.351360814,3682164.487003327],[3228927.8380243103,3682197.8502053535],[3228993.052740847,3682256.554509987],[3229009.42754551,3682269.74830753],[3229025.280676504,3682278.98380685],[3229031.1617087917,3682287.022905287],[3229033.907435159,3682298.031905635],[3229040.432565345,3682333.897461288],[3229046.658236747,3682348.1832115017],[3229051.223963955,3682362.6239917735],[3229057.049522583,3682369.4680106365],[3229065.0340022054,3682376.2645105957],[3229073.424632447,3682392.446732654],[3229081.1924288096,3682407.078423822],[3229087.752949426,3682416.895881132],[3229090.670471454,3682427.6208800683],[3229093.069918932,3682437.24155653],[3229100.547622622,3682446.844939392],[3229103.0619012294,3682459.8448224147],[3229107.4647043613,3682472.633463715],[3229124.6947495732,3682489.3122906582],[3229135.886455296,3682513.807704388],[3229143.084445955,3682531.0200308277],[3229160.8873089235,3682559.72582193],[3229185.993348274,3682590.526355964],[3229207.9064520374,3682613.363403975],[3229220.4551769644,3682621.9499029284],[3229233.1709922673,3682627.3411508864],[3229242.718105998,3682630.3345277943],[3229254.333684157,3682630.919800378],[3229271.0634827605,3682630.7653720835],[3229289.5688157473,3682632.234920814],[3229303.801392542,3682637.161224779],[3229313.92362213,3682641.383167185],[3229342.189186032,3682646.9912107983],[3229363.926816305,3682651.798788732],[3229388.8815893903,3682652.361889395],[3229398.3683701186,3682653.01052116],[3229411.2579123685,3682654.2613632195],[3229419.2783201654,3682654.8677160414],[3229425.6958547262,3682660.564905148],[3229429.8451711345,3682665.0816155868],[3229435.8664928693,3682671.083446184],[3229444.879921246,3682673.252953194],[3229472.9957456873,3682684.1016786476],[3229500.0810524514,3682690.8180703274],[3229522.560763604,3682694.764642092],[3229533.370655656,3682701.4309769413],[3229540.753892466,3682711.6335243103],[3229546.8887908338,3682719.9328214712],[3229554.596761605,3682726.072590172],[3229568.260034739,3682736.872189119],[3229573.891013965,3682762.2977208216],[3229606.4744542837,3682781.5224250904],[3229623.3023493635,3682793.995964752],[3229631.847353091,3682808.517482842],[3229642.5478210617,3682821.795359754],[3229656.383996382,3682813.800606406],[3229691.273223892,3682816.8955205483],[3229719.4594745226,3682828.349634301],[3229741.84171258,3682837.6967567177],[3229780.9580841903,3682836.5759744938],[3229824.7025580476,3682813.091143277],[3229860.0407709116,3682786.3434844613],[3229890.696792315,3682762.750035302],[3229920.903609667,3682738.300356552],[3229954.74540642,3682712.174803681],[3229966.2200709605,3682702.5169660943],[3229970.438630768,3682701.3420059714],[3229995.751960392,3682696.904869148],[3230019.815647915,3682694.1102842186],[3230033.655745645,3682694.864383673],[3230045.4595190394,3682698.524777429],[3230059.9394265814,3682705.188027957],[3230075.566988657,3682712.5361981657],[3230086.5145401526,3682715.6818994395],[3230093.9259242304,3682717.267808955],[3230100.0788288717,3682714.777301535],[3230105.8988972474,3682709.951285551],[3230112.3943788316,3682705.9147144505],[3230121.2856454337,3682703.729739862],[3230137.4789473983,3682705.5864538364],[3230156.9179315306,3682709.811158913],[3230170.546278367,3682710.1111935894],[3230188.6789200874,3682710.0411348273],[3230196.8275795365,3682707.797059848],[3230205.4369502515,3682705.4282825603],[3230211.820756998,3682704.838063567],[3230216.781173938,3682703.377451779],[3230224.362579518,3682700.777848126],[3230247.738470455,3682704.2772685178],[3230263.9103715206,3682706.680673201],[3230288.3285441957,3682708.232079548],[3230308.574133048,3682709.6692367843],[3230464.9093427435,3682658.9900799324],[3230515.223476952,3682650.681893206],[3230553.83549044,3682660.0975833815],[3230594.984883864,3682685.0972963283],[3230629.8077909723,3682722.448198095],[3230749.4682649705,3682841.56732966],[3230869.433658884,3682956.5614310796],[3230909.226418191,3682973.182528048],[3230938.030581806,3682982.1429692768],[3232692.6251701466,3683395.5142369284],[3233000.0194631233,3683509.511445537],[3237886.5296339784,3685946.512771723],[3239242.6769503597,3686494.71595795],[3244103.9685375174,3688146.6570440875],[3245017.0254985895,3688527.9893005304],[3249833.7610039925,3690971.985576865],[3249918.176071207,3691044.095909522],[3250877.7794000194,3692474.956160863],[3250924.7746972484,3692508.168262875],[3251243.6135551436,3692569.012123992],[3253211.095610515,3692944.910008168],[3253401.4780009706,3692958.914340766],[3260702.8891249476,3692376.024005743],[3261130.9282624996,3692465.4329585927],[3269111.821975003,3697880.416827517],[3271128.0693880264,3712886.5508910315],[3270492.2112199254,3713385.5777152292],[3270359.7322966843,3713532.0671864036],[3270224.1522376444,3713679.302938114],[3270085.342520659,3713827.3160143592],[3269943.162372607,3713976.1404116284],[3269797.4587718844,3714125.8130819728],[3269648.078721406,3714276.371006696],[3269494.83857394,3714427.85852263],[3269337.5485772453,3714580.3214681856],[3269176.0006065844,3714733.8101170957],[3269009.95590003,3714888.382115182],[3268839.17573529,3715044.095158858],[3268663.3662257176,3715201.020193382],[3268482.221267,3715359.231162033],[3268295.4041403774,3715518.809412421],[3268102.5168540217,3715679.8510422204],[3267903.1369538386,3715842.458114237],[3267696.7562034605,3716006.75334379],[3267482.8296626955,3716172.8683835175],[3267260.695979485,3716340.962927927],[3267029.6264720615,3716511.213006218],[3266788.7393039144,3716683.831578301],[3266537.0056524407,3716859.0671258825],[3266273.194566979,3717037.216944669],[3265995.823974775,3717218.6389961764],[3265703.044267795,3717403.7799666347],[3265494.799619154,3717568.664794248],[3265308.1116486797,3717728.3906417307],[3265115.36295011,3717889.5826187218],[3264916.112909354,3718052.347495434],[3264709.8719555046,3718216.803926642],[3264496.0831854492,3718383.086887131],[3264402.344304535,3718520.5442507174],[3264437.5131864306,3718741.9786581537],[3264470.491006749,3718963.9395560105],[3264501.2781070024,3719186.42690553],[3264529.868702019,3719409.442143397],[3264556.250881549,3719632.988181599],[3264580.4249927937,3719857.06499107],[3264602.373003954,3720081.676962303],[3264622.083014382,3720306.827016886],[3264639.555378991,3720532.515135617],[3264654.772076634,3720758.7457188214],[3264667.721216401,3720985.5216981526],[3264674.5322354906,3721130.634588395],[3264701.7094325945,3721138.8212987627],[3264721.474136025,3721143.7096090447],[3264877.6876061205,3721174.7768755215],[3264688.8901856607,3721520.4691268266],[3264692.8444334883,3721669.1513817227],[3264696.586132857,3721898.14274831],[3264697.994752478,3722127.6956945444],[3264697.04617758,3722357.8161179386],[3264693.722422812,3722588.508447933],[3264687.999385191,3722819.7785900896],[3264679.8652129383,3723051.6295100013],[3264669.2958139894,3723284.0671216673],[3264656.260981087,3723517.0988156977],[3264640.7488789805,3723750.7275708746],[3264622.7293132115,3723984.9607871016],[3264602.172097305,3724219.8058692925],[3264579.0531731634,3724455.2687552404],[3264553.3423693962,3724691.3568602623],[3264525.0156424027,3724928.0761327967],[3264494.030597412,3725165.436944122],[3264460.3632075703,3725403.44525431],[3264423.971097025,3725642.111446997],[3264384.8241376067,3725881.4429673273],[3264342.873855723,3726121.451685053],[3264298.0840256102,3726362.146531946],[3264250.418431439,3726603.5364470417],[3264199.8225166993,3726845.634795688],[3264146.2539722603,3727088.4520059717],[3264118.3398340996,3727210.1339056315],[3264089.6643843795,3727331.9999875133],[3264060.215457415,3727454.0532149],[3264029.999236556,3727576.292132242],[3263998.991326278,3727698.722650478],[3263967.19791141,3727821.343315226],[3263934.6068302933,3727944.157092402],[3263901.212037938,3728067.165475354],[3263867.0013752575,3728190.371431543],[3263831.9749142467,3728313.7749822782],[3263796.114383287,3728437.3805700424],[3263759.419856256,3728561.1882175766],[3263721.885292945,3728685.199421782],[3263683.486311883,3728809.420101512],[3263644.229103934,3728933.848808049],[3263604.101518347,3729058.4885145416],[3263563.0852924692,3729183.343669076],[3263521.180505932,3729308.414299056],[3263478.375012253,3729433.7033805405],[3263434.6566665675,3729559.213890666],[3263390.0133256363,3729684.9488076773],[3263344.4328478514,3729810.9111109404],[3263297.9092056444,3729937.102306647],[3263250.4302601423,3730063.5253762873],[3263201.97776209,3730190.184777026],[3263152.539576483,3730317.083493001],[3263102.1096816435,3730444.2230349868],[3263050.6759453565,3730571.6063894387],[3262998.2140145116,3730699.239493694],[3262944.7178724897,3730827.123862477],[3262890.175392714,3730955.262486511],[3262834.5622288613,3731083.6613079854],[3262777.872369454,3731212.321845861],[3262720.081472934,3731341.2500458322],[3262661.177421324,3731470.4489052263],[3262601.14198842,3731599.9228983014],[3262539.9630603287,3731729.675025794],[3262477.6101961453,3731859.712716752],[3262414.07739665,3731990.0375003903],[3262349.334226811,3732120.656810267],[3262283.3746917844,3732251.5721794586],[3262216.1622536434,3732382.7925222013],[3262147.6787052825,3732514.3223280287],[3262077.9119506646,3732646.1646126434],[3262006.825462629,3732778.3282987466],[3261934.4010431604,3732910.817883632],[3261860.6143890657,3733043.639343587],[3261785.435092966,3733176.8001344893],[3261708.838859232,3733310.306239055],[3261630.795288491,3733444.1651199902],[3261551.2739857053,3733578.384243726],[3261470.2445602017,3733712.9710805165],[3261387.6827323847,3733847.931627378],[3261303.5398003664,3733983.2777940533],[3261217.7914942303,3734119.0155862384],[3261130.395229514,3734255.155446054],[3261041.3145337673,3734391.7063433668],[3260950.5129399123,3734528.6772531043],[3260857.941775332,3734666.080111295],[3260763.558479762,3734803.9253823347],[3260667.32049926,3734942.2235367103],[3260569.1730765253,3735080.98800792],[3260469.061462324,3735220.2322370857],[3260366.9431244703,3735359.966715872],[3260262.7572245877,3735500.2063792944],[3260156.436829366,3735640.967650299],[3260061.7521870257,3735764.2617542334],[3259980.95934098,3736229.862626367],[3259751.504206941,3739209.7233608984],[3259805.6333617372,3742197.915069999],[3260142.859040145,3745167.5107491384],[3260760.1424554144,3748091.7509651557],[3261651.921182194,3750944.2849891772],[3262810.159280304,3753699.4082466424],[3262812.425769395,3753704.1553294496],[3263438.117728256,3754847.678670299],[3263525.5570508265,3755035.13520487],[3263719.204889048,3755362.755116438],[3263811.1005644486,3755549.9466826953],[3263893.162246686,3755679.3243716387],[3264480.50832874,3756752.7662538197],[3264866.3578093825,3757303.5469257734],[3265084.995562764,3757673.445614477],[3265467.144882068,3758196.2416205574],[3265471.605732339,3758203.230007249],[3265490.8751586713,3758228.7056161854],[3265636.8445354905,3758428.397734832],[3265646.451989388,3758443.544757754],[3265649.558448326,3758447.8989543524],[3265669.17077803,3758472.621365851],[3266057.99504462,3759004.548974698],[3266474.4152384093,3759598.967797729],[3266581.3298735395,3759720.4925720855],[3266868.5322960815,3760113.3973133913],[3266956.7398788095,3760427.658282937],[3266965.838461152,3760454.0901998007],[3267970.2804396795,3763005.2625631196],[3268140.4618561254,3763346.8679862786],[3268223.2881655027,3763556.5543568544],[3268227.1876986804,3763565.165358955],[3268924.753592045,3764921.17801333],[3269192.8718656776,3765459.3722429564],[3269247.6318550347,3765548.8276943155],[3269663.787468348,3766357.801130675],[3271371.454987966,3768993.4234659383],[3271539.0870706844,3769202.9810524383],[3271592.482684737,3769319.2711269236],[3271617.2320997356,3769307.907214594],[3271629.0890587363,3769329.5851647933],[3271847.780067668,3769824.360018163],[3270417.3250970356,3771786.800720598],[3268980.573207664,3774176.7792085884],[3267760.9338723747,3776684.513854935],[3266767.975109666,3779290.331588436],[3266766.6502599744,3779294.332562931],[3265968.5095807584,3782148.3811291694],[3265442.2550103986,3785064.830664039],[3265355.3738709153,3786092.2835904127],[3265299.205670185,3786107.941502614],[3264593.4729696834,3786259.303437337],[3263552.0215874645,3786595.0009884303],[3262767.9259898,3786813.581962471],[3262228.2804139107,3787021.690777153],[3261581.7901279363,3787230.0780427638],[3260791.8646590086,3787575.6298688436],[3259943.1125211422,3787902.9424778256],[3259248.704274829,3788250.683288011],[3258682.761622652,3788498.2541343863],[3258108.599728096,3788821.6167135304],[3257235.9946260336,3789258.5936745238],[3256390.3485537632,3789789.319615129],[3255925.670829851,3790051.0217390414],[3255916.5953218816,3790056.752000422],[3255491.0552214775,3790353.7144787814],[3254671.605734605,3790867.9994899225],[3253882.2332734093,3791476.428301717],[3253537.2946547507,3791717.1431649732],[3253197.468160241,3792004.2283513066],[3252273.6594244037,3792716.277325779],[3251531.669952085,3793411.4935195874],[3251320.9459413025,3793589.5130174127],[3251077.228293166,3793837.2882406823],[3250064.3301347196,3794786.3356715436],[3249389.1203967314,3795553.50089143],[3249286.3711778135,3795657.96074837],[3249269.9379618564,3795676.284841113],[3249113.6570214243,3795866.4790802775],[3248064.0481137163,3797059.0321540455],[3247557.5715574287,3797760.2384221493],[3247542.662124155,3797778.38323437],[3247508.400668833,3797828.314495688],[3246291.3104945635,3799513.3505520467],[3244762.51024759,3802126.5951387584],[3243491.7845901777,3804874.6005551866],[3242490.8842562046,3807731.955273554],[3242488.8562504877,3807738.7803180623],[3241766.102332748,3810683.8546305243],[3241330.0343255787,3813684.8012519516],[3241184.6976677463,3816713.7801537304],[3241331.440659378,3819742.6912494777],[3241768.9019536725,3822743.4350818507],[3241772.2254086793,3822760.4459633925],[3242734.517036756,3826469.6687890054],[3244140.305144235,3830034.510853443],[3244143.8417625907,3830042.0914686574],[3245731.058524583,3833017.138428846],[3247627.3453400177,3835805.3740319624],[3249810.950626832,3838374.8154919446],[3252256.827082475,3840695.989726811],[3253626.5730274175,3841741.8068719357],[3253710.139659216,3842171.9382426436],[3253712.286764127,3842180.5601749276],[3253771.3936984306,3842374.9368714555],[3252277.486662386,3842441.314195792],[3252262.144894594,3842442.5298202476],[3251254.613176803,3842538.6818952044],[3251011.1071193693,3842565.8766759927],[3246785.431786599,3843332.5337179103],[3246777.2084113783,3843334.613642858],[3242405.8851997335,3844787.8605472227],[3242369.948738416,3844802.808221496],[3242045.521992885,3844939.8862077133],[3242031.9082972407,3844945.7282697433],[3239288.783212301,3846283.8734504892],[3236688.1170542045,3847881.3412249726],[3236678.1990094925,3847888.1166833094],[3235157.005086248,3848995.399160585],[3235132.4696349087,3849014.405640944],[3235072.412850152,3849061.0450107497],[3235058.7213890124,3849071.7041631523],[3234775.349650013,3849313.3037783992],[3234498.987562627,3849511.761544906],[3233593.8963104975,3850320.4138523205],[3232962.720928371,3850803.0147200334],[3230586.241737538,3853046.575758939],[3228455.1466772226,3855524.408143031],[3226592.3995526223,3858209.8117681034],[3225018.0725617833,3861073.8498275],[3224909.0404840093,3861299.1735257357],[3223731.9831240233,3864060.0962347346],[3222823.1728656422,3866920.5546154887],[3222190.868746011,3869854.5535476734],[3221840.81698461,3872835.4295930844],[3221776.198763071,3875836.0933062],[3221839.359665188,3876689.977239677],[3221939.111404883,3879265.081149751],[3222282.03835451,3881979.8029916147],[3222859.3855857677,3884654.496197579],[3223666.7921266197,3887268.957566439],[3223678.983941668,3887303.0971440626],[3225337.6544239386,3891127.2389088403],[3225346.94696003,3891145.286284793],[3225509.171000788,3891452.8250061003],[3225837.436046027,3892266.823957132],[3227406.517083421,3895212.856793385],[3229278.6700379336,3897976.2185303094],[3229286.53028804,3897986.5906057153],[3231429.7280198927,3900524.5320167686],[3233038.298246988,3902065.5965103633],[3233116.3422850226,3902277.798703391],[3233982.43911232,3904069.036545226],[3233963.455391912,3904078.5317306425],[3233969.72814309,3904091.0728395656],[3234117.152721323,3904347.647558049],[3234458.2022229075,3905052.9968376243],[3235541.5992159685,3906826.725081881],[3235779.9572845213,3907241.558585698],[3235866.067060402,3907357.9410476913],[3236065.0228707055,3907683.669790114],[3236085.110222298,3907713.2022597683],[3237107.2201621337,3909071.203130649],[3237115.045253637,3909083.8983673486],[3237124.851952977,3909098.200513113],[3237278.4713652567,3909298.731769122],[3237898.2591147656,3910122.197299386],[3237966.098429583,3910196.3443613662],[3238525.0780244274,3910926.023498751],[3239031.546294059,3911696.065505734],[3239610.15818857,3912425.445430626],[3239716.3388129645,3912611.335426878],[3240498.317389483,3914056.0570145324],[3240509.9522324954,3914075.158481845],[3240796.8465153156,3914502.9759581443],[3240910.2440116894,3914701.500503428],[3241258.9597283243,3915192.0803439487],[3242039.6479602945,3916356.244599488],[3242438.677110932,3916851.7289855555],[3242714.9548063367,3917240.4016529624],[3243197.720363845,3917794.251805173],[3243762.324699171,3918495.3350017583],[3244265.066737636,3919018.7591097862],[3244761.7189379153,3919588.540637159],[3245286.7370386254,3920082.459427401],[3245664.872932447,3920476.1512768855],[3245668.5060775615,3920479.6176975323],[3246089.3415848687,3920837.521902366],[3246419.850975507,3921148.4536553225],[3246409.8795136437,3921371.01397435],[3246453.5515176416,3922279.180607498],[3246451.6396246017,3922472.2577051255],[3246479.6959035164,3922822.8574879137],[3246550.203799315,3924289.080982957],[3246657.6693560146,3925046.867805819],[3246676.9789560046,3925288.1664321595],[3246763.7146595297,3925794.6397999204],[3246960.4034138606,3927181.578562575],[3246965.4861690635,3927208.3992315964],[3247091.1957699764,3927706.8910891195],[3247153.815027748,3928072.541969681],[3247750.388726172,3930320.8706007404],[3247884.7891948586,3930853.825433155],[3248119.892336422,3931466.3033500123],[3248829.378192322,3933413.001892479],[3248536.8114521573,3933711.6460157554],[3246585.151867392,3936144.913516567],[3244883.8492210335,3938759.3609095756],[3243449.6030396754,3941529.325486348],[3242296.4914958873,3944427.6180238426],[3241435.83322068,3947425.789666466],[3241425.5638636313,3947469.6515322793],[3240825.931436631,3950853.508612194],[3240676.066951856,3953114.8408558695],[3240608.319046225,3953717.140313802],[3240599.988655269,3954262.799996256],[3240598.6790040536,3954282.561559684],[3240599.423126626,3954299.843417335],[3240561.8412344907,3956761.543406808],[3240809.654812076,3959796.1996987876],[3241349.442113202,3962792.7276978614],[3241353.6147628753,3962810.825677568],[3242070.771223987,3965312.669321507],[3242193.899457364,3965747.9472590196],[3242200.2325952314,3965764.3031369243],[3242265.2800234156,3965991.225020197],[3242489.6607813835,3966546.0656243144],[3241879.509384488,3966330.4134481847],[3238765.1236095303,3965575.1800510064],[3235590.0981320394,3965140.450874671],[3232387.3278382164,3965030.7299355655],[3229189.9950647354,3965247.1539986813],[3226031.2258127807,3965787.480800144],[3222943.7465457506,3966646.112278214],[3222910.889085667,3966657.079799447],[3220752.81886093,3967493.34241351],[3219954.956519802,3967727.02282587],[3217015.978799598,3968920.3832988595],[3214211.9958807863,3970403.4136590897],[3213039.7264640005,3971183.726121668],[3212862.5351339206,3971284.165494359],[3212850.6188897,3971291.6218158295],[3212196.6356937904,3971744.92325405],[3211571.469859978,3972161.060265147],[3211438.1979999915,3972270.6262071994],[3210419.997436817,3972976.381007278],[3208158.1810494773,3974881.773567972],[3206085.127111316,3976990.9870587927],[3205186.616811529,3978095.7906766064],[3204877.797596449,3978393.1337366314],[3204870.980053885,3978400.3625772623],[3202837.500902232,3980783.713734477],[3201050.9617314227,3983357.36444698],[3201015.48815933,3983421.194269108],[3200393.5455997474,3984252.5512874383],[3198923.8629342685,3986631.214914581],[3198733.3739390816,3986972.5407331814],[3198721.377648104,3986991.410397178],[3198706.35203232,3987020.9596690703],[3198580.1499086837,3987247.0936938575],[3198588.8853561413,3987251.968820549],[3197353.8048141873,3989680.869656824],[3196249.9534658543,3992488.886531087],[3196240.29486324,3992517.3992086984],[3195363.78465657,3995619.147108217],[3194808.9968229095,3998794.2566550174],[3194581.7460376243,4002009.44984597],[3194684.41409329,4005231.028565311],[3195115.9249363625,4008425.2277711956],[3195595.025764397,4010411.368249071],[3195606.3983420916,4010467.5371020557],[3195608.0155513156,4010473.8658789294],[3195617.907358125,4010506.2252329085],[3195871.75594519,4011558.569383701],[3196380.229923682,4013000.0331106023],[3196463.407232469,4013272.1334487926],[3196554.252463297,4013493.366475],[3196943.985331151,4014598.2131652064],[3197431.2609228953,4015629.122350768],[3197574.891643088,4015978.9025053773],[3197796.6429164424,4016402.1461996296],[3198321.375166125,4017512.3009156133],[3198746.8976810225,4018215.84192709],[3198932.868178097,4018570.792945017],[3199355.9081064546,4019222.754124936],[3199989.4891660833,4020270.2903749305],[3200319.0074606505,4020707.0192007623],[3200525.607121551,4021025.41694448],[3201138.482303148,4021801.3019518647],[3201302.2109910925,4022044.3512844737],[3201583.0302886493,4022382.2985846326],[3201930.843996327,4022843.275333622],[3202135.41245124,4023063.3911643834],[3202339.350963727,4023321.5723389825],[3202527.632672,4023519.0645688586],[3203323.9020344242,4024477.3216529386],[3205579.529774494,4026695.14107452],[3208046.3236744925,4028675.4206869607],[3210699.3814775865,4030398.1695897197],[3213511.920594925,4031845.9966518907],[3216455.548475574,4033004.2860754738],[3219500.549228998,4033861.344941691],[3219526.335520118,4033867.222585191],[3222630.5829104153,4034347.514406332],[3224004.1198918847,4035024.994406494],[3227109.88536631,4036169.4155823286],[3230318.6343809497,4036981.455464894],[3233594.902968984,4037452.1391685503],[3236902.480918904,4037576.264568989],[3236910.3358578286,4037576.146114202],[3240320.0501228827,4037339.1778725246],[3243683.984145758,4036733.989301402],[3246962.492215144,4035767.7128627724],[3250116.9354090015,4034451.7366268155],[3250124.189312853,4034448.236731236],[3252829.7928185076,4032975.50198158],[3255378.522921756,4031245.41156965],[3257745.9804342743,4029274.527783356],[3257764.606961701,4029257.41113841],[3259993.975995997,4026990.7489260817],[3261983.380711895,4024510.8068396137],[3263712.534855302,4021842.8732152116],[3265163.805985698,4019014.153366596],[3265190.536474912,4018954.8578631445],[3265371.2005080828,4018465.4046305423],[3265485.558917529,4018237.524579013],[3266534.196792913,4015564.7959183613],[3266646.996100303,4015233.6219164105],[3267526.603374587,4012142.3182286303],[3267529.778408708,4012128.519002275],[3267619.749677573,4011725.40649821],[3267627.5749401483,4011689.2312283386],[3268154.8875002996,4008435.3480344065],[3268213.2686844096,4007392.2950918158],[3268296.234675165,4006762.354197888],[3268362.690904733,4004644.951871139],[3268626.1903760834,4004741.182868022],[3268808.4159762054,4004788.3041565837],[3269044.0925416825,4004869.188051902],[3269141.512999776,4004897.1903155996],[3269204.7516152915,4004915.29594739],[3269214.86168294,4004918.1791024916],[3269742.6176440697,4005029.877164638],[3271585.0734201157,4005506.313462429],[3273173.8280501976,4005756.0831791786],[3273476.455898377,4005820.1335105496],[3273509.623896004,4005824.785150249],[3273733.4013536936,4005844.0542622325],[3274604.200860396,4005980.9535303866],[3277393.7494821493,4006145.2375415633],[3277651.888288024,4007202.89906095],[3277743.385965306,4007626.335052569],[3277792.549925203,4007779.2262055418],[3277947.589323788,4008414.4627609937],[3278498.6745646726,4009975.1479843683],[3278615.4051504866,4010338.1593017983],[3276786.5011016615,4011607.4054865143],[3274643.5175042,4013395.482681085],[3272667.307351811,4015366.318084239],[3270873.4005354415,4017504.424042071],[3269275.894329714,4019792.99841827],[3269260.0590416836,4019817.9739513854],[3267793.842619541,4022390.539535225],[3266575.792201732,4025089.4721871065],[3265616.6818700167,4027890.8989042123],[3264924.9952905714,4030770.040087887],[3264506.8506729966,4033701.4287278512],[3264365.9466526117,4036659.1356668086],[3264365.941808623,4036667.763823637],[3264494.2067706846,4039524.5321601103],[3264881.1510845507,4042357.878472642],[3265523.582526533,4045144.4281440317],[3266416.20114831,4047861.192621278],[3266439.776692898,4047923.2838591617],[3267652.7619724744,4050705.73622935],[3269128.0527986186,4053358.4502092456],[3270851.9366739388,4055856.7694172827],[3272808.3904843996,4058177.4725366775],[3274979.229430573,4060298.9891523593],[3277344.2760512703,4062201.6002431405],[3278830.9128698097,4063177.7544614435],[3279314.829156881,4063524.9848463223],[3279675.9495471744,4063732.621734299],[3279881.54776852,4063867.6214655987],[3280106.735439301,4063986.167065382],[3280402.937793618,4064177.9219686612],[3280925.4432342034,4064451.055219906],[3282058.990181525,4065102.821685728],[3282851.9327880344,4065458.103787164],[3282992.9129633196,4065531.799428675],[3283267.196603292,4065644.1649216325],[3284947.7184135276,4066397.131549164],[3287951.813095541,4067394.8308838615],[3291040.907286539,4068085.8344295127],[3294183.7748265453,4068463.1571652903],[3294194.532467685,4068463.902711088],[3295925.119379488,4068536.0792596997],[3295975.823233884,4068536.797846661],[3299019.4925126093,4068432.625192364],[3301221.532495563,4068142.540020171],[3301985.5467062285,4068121.9407505495],[3302128.138395508,4068111.551542378],[3305009.1310098995,4067767.594783922],[3307846.2256245576,4067159.878696145],[3310615.3273552866,4066293.564491749],[3311876.4861559933,4065767.190612401],[3312891.4038612316,4065382.5026748534],[3313885.4223395824,4064886.525750605],[3314220.9481009888,4064741.621847009],[3314253.8310584133,4064723.0566413924],[3314879.390389437,4064467.4801175953],[3317736.0052711284,4062940.92610261],[3317764.3496543756,4062923.849141573],[3320026.0506947036,4061424.706791025],[3322150.269204459,4059736.389550149],[3324121.226977355,4057871.437850911],[3324133.8760361737,4057858.39105405],[3325791.0805287813,4055970.5624177214],[3325873.3438487174,4055999.819226035],[3327005.3792153434,4056466.7159955353],[3328162.832855291,4056814.072055285],[3328404.5099700764,4056900.024105683],[3328414.906724408,4056903.150419143],[3328645.7835180694,4056959.007310993],[3330008.5888138954,4057367.9901517965],[3331673.2158557097,4057691.4454135196],[3331762.659621714,4057713.0848805495],[3331827.5028604944,4057721.4250679766],[3333086.552564013,4057966.072211838],[3333448.3304375964,4057999.5546737593],[3333473.9927323633,4058004.222691609],[3333769.5300731547,4058029.281628756],[3336208.7419099053,4058255.030142984],[3336414.143459507,4058253.5213151798],[3336463.990028962,4058257.747860792],[3336984.9516578238,4058252.1437098337],[3337798.1361938943,4058354.7939127344],[3339203.5969115356,4058396.6694856817],[3340890.1601556162,4059078.941755346],[3341310.9511986626,4059197.3458167217],[3343729.5041157533,4060155.1267576967],[3346957.773891427,4061050.6834441815],[3347043.6091772127,4061069.6415561326],[3348293.8614810775,4061289.851467617],[3349354.3881127643,4061512.8311217315],[3349615.040869818,4061657.9955315925],[3349885.7807647227,4061774.443977379],[3350888.901203835,4062272.189129595],[3352186.293720131,4062765.557690828],[3353096.903879259,4063382.355416767],[3356284.447130783,4065046.2449713973],[3356488.1020446173,4065138.1596750664],[3357282.842372082,4065483.760394348],[3357603.5328285685,4065617.9982308024],[3357705.7168613817,4065662.0097981608],[3358284.4784352095,4065879.9769601007],[3358457.452173565,4065969.7934173658],[3359039.3747516815,4066200.065498376],[3359234.2868646774,4066375.9598052436],[3359318.8597047236,4066456.3373696385],[3359353.1034727856,4066483.1833359227],[3360077.3772382517,4067136.788850741],[3362508.461411999,4068939.266117583],[3365101.376855307,4070499.998016783],[3367832.1649873336,4071804.563360225],[3369248.8133320464,4072320.889318129],[3369322.7243442545,4072355.738041676],[3370504.085480216,4072778.39847822],[3370675.593281352,4072840.90794293],[3370687.2091418663,4072843.9153844556],[3372197.0992057817,4073384.1149679036],[3375157.5595494397,4074129.2756892275],[3378176.2713353764,4074584.2142569753],[3381224.8528477773,4074744.6533707427],[3384274.641537761,4074609.08459327],[3387296.9635066474,4074178.7825326645],[3388192.48179138,4073961.1278605326],[3388195.789773817,4073975.9771093745],[3388207.410031871,4073973.388452536],[3388699.5204474735,4073837.89270796],[3390263.4030959373,4073457.792858625],[3390952.5993281784,4073217.5388384843],[3391210.4687055163,4073146.5380992643],[3391727.165184898,4072947.524940795],[3393146.07004933,4072452.894265336],[3393825.1466358057,4072139.4568938515],[3394117.128030006,4072026.9960163482],[3394646.1872084355,4071760.4940432804],[3395917.8617349556,4071173.5347386682],[3396576.3751107384,4070788.204164703],[3396898.938316777,4070625.7200148134],[3397428.198121931,4070289.7580254283],[3398552.7179624084,4069631.7427268755],[3399180.526722966,4069177.420007072],[3399528.6718698847,4068956.4254501183],[3400046.2107415544,4068550.955480732],[3401025.865998828,4067842.014049971],[3401613.3828340075,4067323.141967323],[3401980.5894842027,4067035.450979528],[3402474.923016185,4066562.2630922957],[3403314.0534803853,4065821.1756110503],[3403852.4821114293,4065243.6305585047],[3404230.692374622,4064881.598643227],[3404690.9784043897,4064344.2181616602],[3405395.7670293776,4063588.2271909295],[3405877.3181557176,4062959.1754151047],[3406256.957070444,4062515.949834437],[3406673.200831747,4061919.511331024],[3407251.434521486,4061164.162813544],[3407608.892035713,4060589.368308733],[3409369.7141158427,4058118.834215506],[3410508.5301979017,4056110.1558800964],[3410870.169507951,4055503.202595785],[3410913.5432651956,4055421.301589084],[3411963.9724815586,4053238.7288838937],[3412843.5029627103,4050981.8613014347],[3412865.1638819636,4050919.2622309006],[3413346.7356175757,4049267.323963517],[3413687.6009073784,4048516.983624464],[3414599.735765176,4045932.828220564],[3415283.7000600426,4043279.14361352],[3415342.9176353193,4042999.5534607046],[3415828.066479748,4040002.471166391],[3415907.9266767935,4038756.5807684143],[3416026.9513520617,4038986.337333701],[3416032.878444102,4038999.781420945],[3416047.1554496167,4039025.3378522783],[3416390.4578235843,4039688.023754341],[3416778.6334401746,4041136.2447743043],[3417823.6072892495,4043938.658590814],[3419129.787805891,4046629.2693025596],[3420685.387327388,4049183.7954177],[3420698.978428864,4049203.897969222],[3422386.498841989,4051473.1472265027],[3424270.833260773,4053581.820063755],[3424341.748570171,4053654.341652108],[3426490.6406144886,4055656.0042913393],[3428816.6901459084,4057448.735145876],[3430373.2164142043,4058431.810823204],[3430411.7750063934,4058484.1503593763],[3432527.443918878,4060823.8045333787],[3432710.062239152,4061006.4650752014],[3432884.2948718052,4061171.97248424],[3432995.86880871,4061293.751328588],[3433468.4231037903,4061726.848736466],[3433887.427935039,4062124.8706393586],[3433998.0401862757,4062224.6450508516],[3434129.2118535647,4062332.4635783196],[3435020.1922627,4063149.0497562126],[3435029.4507951075,4063156.820240245],[3436138.872089872,4064046.0214495608],[3436146.676775771,4064051.992544149],[3438767.895510252,4065855.0055424585],[3439346.1040433175,4066171.9598216047],[3440825.0040011364,4067119.1526030335],[3443481.6686014384,4068484.5228646756],[3446255.768241325,4069591.985702815],[3449122.3334424705,4070431.5729213073],[3449136.931269827,4070435.1060776566],[3452368.7019671644,4071040.6532198763],[3455646.0026200204,4071305.850528324],[3458933.0891983355,4071227.805616379],[3461872.9451970574,4070848.77683524],[3461849.7441414143,4070955.1501278304],[3461810.6553927823,4071275.0243030344],[3461694.060646083,4071891.987609394],[3461595.660538665,4073034.3873944674],[3461494.1410099906,4073865.1501238486],[3461487.1441040826,4073958.238623658],[3461479.0383046693,4074388.3413539375],[3461421.676597203,4075054.2959346813],[3461441.4880023957,4076380.8021474136],[3461420.5229939227,4077493.228809479],[3461465.2197814323,4077969.8036354287],[3461469.075345938,4078227.9594916585],[3461574.1964325365,4079131.7557896315],[3461750.6711216187,4081013.3987201434],[3461752.389107834,4081024.7895992347],[3462211.2222378436,4083429.0505493283],[3462214.732602748,4083444.2166841836],[3462583.45817923,4084882.0764592523],[3462585.086702037,4084887.8570136777],[3463509.0033938354,4087665.5161691937],[3463596.2002484677,4087863.897536541],[3463595.4151514885,4087864.2050101887],[3463607.188849401,4087894.26773175],[3464635.933568622,4090236.1184668015],[3464651.818176714,4090265.531504692],[3464686.9057501736,4090345.3591639483],[3464973.63154653,4090861.42337595],[3465851.3845977704,4092486.731574008],[3465855.811196191,4092494.186968215],[3466012.3920795256,4092731.039373993],[3466108.6111341836,4092904.219503764],[3466121.2443645624,4092924.6575688217],[3466611.858431905,4093637.8234252785],[3467533.265595832,4095031.591929003],[3467781.655821763,4095338.2629620773],[3467867.375898657,4095462.8672816902],[3467876.647516352,4095475.024812808],[3467886.401826747,4095467.5859474665],[3469447.7507599774,4097395.2805197816],[3471581.3968416518,4099563.19001883],[3473914.2883410165,4101515.0851108115],[3476316.2231671973,4103158.558007869],[3477285.178413695,4104249.186141138],[3479712.4140180596,4106465.3114705314],[3482357.4584847116,4108416.3173454856],[3484213.288110718,4109506.3769727955],[3484328.4603946153,4109578.7674549553],[3484332.7500199797,4109581.174107047],[3484385.956815501,4109607.7974810936],[3485191.485782704,4110080.9414558806],[3486721.0470930054,4110776.2193204765],[3486997.1002332834,4110914.3495337013],[3487184.4125050018,4110986.8468461665],[3488183.6103221606,4111441.0425164835],[3489299.235211405,4111813.472515418],[3489313.548210281,4111819.308790975],[3489343.4137608125,4111828.2206778764],[3489451.5594134973,4111864.3230324425],[3489775.5364444237,4111989.715052021],[3490106.4602288674,4112082.949124709],[3491301.223549365,4112481.7979729823],[3492200.5081767444,4112680.7782851714],[3492244.56491104,4112693.924824455],[3492343.837718449,4112713.305192478],[3492643.1790342396,4112797.6412580824],[3493123.991276855,4112885.112875096],[3494510.349318924,4113191.865540067],[3494517.5172050395,4113193.063040684],[3495213.808673587,4113273.5904788384],[3495246.6196644176,4113279.9959497233],[3495348.0399146145,4113289.7222286416],[3495574.349581453,4113330.893544073],[3496091.927168231,4113375.1465598247],[3497668.4773301748,4113557.4775970387],[3498223.0255547594,4113565.435532125],[3498291.377661203,4113571.9905509762],[3498392.3218263453,4113571.8308901377],[3498542.800801128,4113584.6968808826],[3499140.6389365336,4113579.094402721],[3499180.7170974114,4113581.900451449],[3499241.9479847997,4113580.057377795],[3500840.1135262544,4113602.9915376618],[3501251.8894781214,4113567.307984143],[3501350.101038826,4113567.1526453956],[3501447.7752509303,4113557.4736996396],[3501521.951577043,4113556.7785762902],[3502132.2248103675,4113493.0589151355],[3502326.11811717,4113487.222650781],[3502336.226580595,4113485.90024454],[3502388.6928208126,4113484.506574551],[3502774.9648561757,4113435.321787475],[3502962.317999095,4113419.0861965623],[3503167.685703639,4113404.5200215396],[3503317.8979750713,4113388.2724566013],[3504000.2329218723,4113329.1428850912],[3504272.5162807186,4113277.558309356],[3504393.9201228637,4113265.527895418],[3504401.983417198,4113264.330956815],[3504495.059906441,4113245.8732188693],[3504499.724072581,4113245.1617780235],[3504523.6157233175,4113240.2103947876],[3504911.7484651865,4113163.240877611],[3505513.491655316,4113086.6197195374],[3506208.0903821285,4112926.367861213],[3506704.589963786,4112845.999658261],[3507056.6635842584,4112750.096557576],[3507116.7595439204,4112738.711269119],[3507246.8192364145,4112700.1795317195],[3507390.290332936,4112671.7281803214],[3507529.4107893957,4112629.8234015633],[3507534.707844418,4112628.848601238],[3507677.990423682,4112587.2451359374],[3507710.272064901,4112579.797392664],[3507765.0617668843,4112568.442597012],[3507768.4933375367,4112567.34216713],[3508038.032822023,4112514.270038869],[3508165.7261487944,4112474.7189344005],[3508582.890899046,4112378.4742626576],[3509245.2686936604,4112153.931426304],[3509906.837680363,4111973.723329325],[3510246.263362031,4111841.522560157],[3510575.042230374,4111746.0584757514],[3510763.4080943842,4111670.125674877],[3511222.9776280853,4111527.7808625237],[3512803.921402247,4110847.5674502114],[3512966.1406621756,4110782.174695389],[3512999.468535262,4110769.194032184],[3513003.469691826,4110767.126863924],[3513511.3478797106,4110562.3943689372],[3513713.110849061,4110456.381586322],[3514285.7377376985,4110210.004392985],[3514289.569346237,4110208.109407392],[3515698.222388657,4109413.3398488234],[3516313.9343215246,4109089.824906994],[3516319.2274071854,4109086.6944827884],[3516536.53269201,4108940.360705148],[3517271.058255909,4108525.937464934],[3519084.0238456847,4107224.875486629],[3519376.3532728455,4107028.0203138413],[3519467.747282025,4106949.499066899],[3520052.2884045267,4106530.0072499933],[3522600.378650984,4104243.915681748],[3524885.204154665,4101694.690116951],[3524896.2259042463,4101680.9586987724],[3526752.870819566,4099113.116998818],[3528341.9961326886,4096371.6535070306],[3529647.504553622,4093484.33830074],[3530656.1717334343,4090480.4188847137],[3531357.780222333,4087390.323924051],[3531429.639626098,4086807.0233129105],[3531903.9020997994,4087711.049293853],[3531922.690684917,4087762.1081755674],[3533094.375018813,4090250.9157960624],[3534478.831565657,4092627.949161423],[3536065.491573885,4094875.062324667],[3536089.0801081457,4094905.5501060123],[3538383.360176674,4097552.4390937635],[3540957.470025048,4099928.086549685],[3543779.5469432,4102003.086360374],[3543828.442854617,4102035.0063998983],[3546512.044402648,4103603.652584849],[3549337.251025455,4104900.022771411],[3550903.5758057954,4105439.0238541793],[3551064.522473561,4105900.4486190346],[3552324.712231389,4108638.2902583196],[3553840.919178609,4111243.0880548367],[3555599.248624919,4113690.971349803],[3557583.587042316,4115959.5074665044],[3559775.749731267,4118027.9072858593],[3562155.6474673366,4119877.215760232],[3562276.3497028803,4119962.064446683],[3564935.5796821774,4121639.4970399183],[3567748.854442072,4123043.33795433],[3570688.118257206,4124159.587215331],[3573724.0589610115,4124977.112891144],[3575662.330553149,4125296.154792846],[3576896.534042989,4125719.4542690497],[3577628.6768447473,4126134.449401545],[3577801.496039584,4126219.6678475793],[3581632.7316044895,4127804.4963497533],[3581746.995442504,4127843.16715021],[3584754.5368609037,4128697.1424312084],[3587831.9467709004,4129248.61991017],[3588099.412129636,4129282.9480204517],[3591297.159181295,4129528.6738525075],[3594503.313785073,4129447.8032916836],[3597684.6061711377,4129041.175519267],[3600808.0245610406,4128313.0100486833],[3603841.1577258287,4127270.86294026],[3603920.2858423702,4127239.0831220145],[3606678.190085031,4125973.8748092507],[3609301.4937022007,4124449.058092881],[3609688.7969020396,4124170.837951562],[3612528.005610767,4125013.165791403],[3615663.1490041697,4125606.419889914],[3618842.2385574915,4125879.30106288],[3622032.621760752,4125829.0065408056],[3625201.530106605,4125456.0529000107],[3628316.4156565126,4124764.2707568645],[3631345.2853414533,4123760.7654234227],[3634257.0295635513,4122455.8439285895],[3637021.741723551,4120862.90915436],[3637032.2600832833,4120856.1165720057],[3637735.5411797245,4120350.5841762396],[3638168.726576045,4121114.3517511585],[3640182.0867875996,4123903.5048822444],[3642487.7148708953,4126456.3608655767],[3645058.0872974163,4128742.4448795835],[3645073.19799432,4128754.472321952],[3647772.8981509674,4130680.1111499444],[3650660.1624705256,4132311.114086998],[3652611.661587624,4133156.5888738185],[3653320.0160635826,4133486.8279414363],[3653574.1229594755,4133573.5692434534],[3653702.9607371264,4133629.387404804],[3654122.331786307,4133760.7044538124],[3654188.3253993937,4133783.2318704883],[3653839.094203482,4136552.6839157543],[3653837.2732155,4136577.735416329],[3653812.5374259204,4137813.728164835],[3652409.467564751,4137729.1191173806],[3649290.205222595,4137850.7088410687],[3646198.3158786707,4138280.594762011],[3643164.1948958565,4139014.550810931],[3643100.8093270254,4139033.2546020863],[3640737.7292164504,4139833.6209120746],[3640713.686599137,4139842.8412638963],[3637771.809283666,4141147.1958002383],[3634978.447220343,4142745.041624761],[3632362.784001347,4144619.685276379],[3629952.1467138687,4146751.541454449],[3627771.720440935,4149118.3376358],[3626216.3027584166,4151197.9537814083],[3625691.010564719,4151840.1780987172],[3625426.2586657973,4152239.7222574423],[3624090.29062891,4153931.5609439025],[3622482.810986184,4156415.356010548],[3621115.575954273,4159039.0741932774],[3620000.658990392,4161779.5465792944],[3619147.9054407687,4164612.573250273],[3618564.8456006753,4167513.136981298],[3618256.6282176715,4170455.6241570874],[3618256.039341796,4170465.878531865],[3618237.4964985275,4173717.367166701],[3618554.4052737253,4176953.4281994547],[3618580.0204639505,4177123.743138361],[3618784.358751857,4178172.184926407],[3618856.838610778,4178724.3800217872],[3619065.7575495034,4179616.0174140977],[3619100.2790268534,4179793.1440789513],[3619138.687912165,4179927.274204798],[3619572.2445347584,4181777.634438994],[3620587.8421338634,4184744.5738871377],[3620592.251186388,4184755.6247262866],[3621807.7657454414,4187431.915894509],[3622444.3462813688,4188544.452173747],[3622844.8219643105,4189311.987207395],[3622960.9335411284,4189511.0990225817],[3623198.6308639506,4189862.6969450386],[3623267.5727103697,4189983.1849288363],[3623480.4770081798,4190317.9799271855],[3623498.623061811,4190306.440409494],[3625305.6184023228,4192979.3178322157],[3625309.13651465,4192983.8414880414],[3627488.433627204,4195499.457746188],[3629921.1184310005,4197770.956306261],[3629950.553654511,4197795.662092269],[3631869.867210376,4199284.271781373],[3631885.0570288817,4199295.141126096],[3634378.7359169354,4200823.285838227],[3634408.5748725785,4200842.127917059],[3635520.5134325284,4201577.00033246],[3638277.782818521,4203029.903194841],[3639602.022986944,4203567.950690535],[3639804.882575791,4204382.571310124],[3640770.6556553664,4207140.008374695],[3641987.8812332517,4209796.046533087],[3643446.0770558068,4212327.813060511],[3645132.6857312494,4214713.5054091215],[3647033.182868827,4216932.578962738],[3647394.650252011,4217282.903623224],[3648494.9073536685,4218497.116895267],[3648549.9701658967,4218552.2085412955],[3650359.593730781,4220226.255343678],[3652294.6471005,4221753.58589058],[3652309.677220334,4221764.522034076],[3655144.0666210363,4223602.719425962],[3656293.745810104,4224183.8145238105],[3656633.5727915172,4225038.12287881],[3656685.299812385,4225178.403807499],[3656708.287383096,4225225.951695583],[3656982.5493676197,4225915.432865863],[3657051.8230366115,4226049.233199623],[3657097.6817419897,4226164.358645633],[3658012.470606348,4227923.546788107],[3658014.858601392,4227928.486158278],[3658016.087747326,4227930.502744574],[3658556.176916965,4228969.12323956],[3660288.591511167,4231613.485596834],[3662277.4589568214,4234070.784700807],[3664502.727074645,4236316.245545839],[3666941.960244129,4238327.228924105],[3669570.5656041782,4240083.459678844],[3671595.5483817556,4241159.812212883],[3672278.170676782,4241528.0071359025],[3672393.3088395526,4241582.754259383],[3674544.444250496,4242491.25712163],[3674830.9711236563,4242794.311268098],[3677166.5503469296,4244822.729963316],[3679689.916522514,4246612.153293668],[3682376.709175248,4248145.306238585],[3685200.99011736,4249407.387801448],[3685227.8416671143,4249417.836506662],[3686671.739373942,4249896.080412734],[3687247.7501575276,4250279.205896908],[3689801.760198332,4251657.062696247],[3689808.897694309,4251660.498479807],[3692592.132749631,4252839.245447199],[3695475.574569037,4253745.669774108],[3696362.6920269188,4253933.393095226],[3698785.0676204967,4255541.283611358],[3701391.7611597576,4256938.434490567],[3701590.7187786107,4257033.326403375],[3703492.5346766845,4257816.940442993],[3704159.209577,4258471.987793965],[3704246.491761633,4258592.863121832],[3704656.142845089,4259182.778492922],[3704722.7030889583,4259269.496928847],[3704902.7920257985,4259501.872586798],[3704903.844649994,4259503.217809197],[3705396.3706002687,4260185.307011846],[3705415.859687904,4260209.218857228],[3707582.916720541,4262605.65000385],[3707590.973983411,4262613.689353618],[3709609.09076698,4264459.513974508],[3709631.9609205383,4264478.675445371],[3710114.772614598,4264833.791543295],[3710431.253936405,4265119.701786185],[3713059.842104075,4266995.891619502],[3713400.705018594,4267248.102311017],[3713428.5228249254,4267266.634478707],[3716072.9868986593,4268847.248532225],[3718859.2741294997,4270161.8338245135],[3721760.7047310164,4271197.8026889255],[3724749.4963741163,4271945.235319726],[3727797.0302136764,4272396.974758099],[3730874.124925145,4272548.695422817],[3732616.0300307,4272463.925959778],[3732753.5650499873,4272462.556624412],[3732857.551627259,4272452.172359661],[3733951.316127095,4272398.9445293695],[3733984.2238352676,4272395.723398829],[3735128.340539187,4272225.407772604],[3735558.8696906213,4272182.414447805],[3736054.874570665,4272087.481962021],[3737109.6993416226,4271930.458521311],[3737174.694916617,4271917.419836535],[3737939.7931892937,4271726.719362365],[3738327.8668728843,4271652.444287798],[3738936.668412028,4271478.248565275],[3740002.0319661167,4271212.7070757905],[3740615.2304799575,4270997.963425663],[3741038.353566802,4270876.895676832],[3741321.849360211,4270767.505659582],[3741323.443677131,4270772.104041818],[3741321.8595564244,4270767.501725259],[3741798.6458820445,4270583.528397976],[3742752.1091114776,4270249.623195128],[3743223.796993158,4270033.617929275],[3743668.5959050753,4269861.987302724],[3743673.6923067,4269859.753764118],[3744479.5869936054,4269458.540079204],[3745401.370652021,4269036.417459719],[3745876.6472537336,4268763.015336182],[3746427.8243036256,4268488.61251554],[3747260.087348684,4267967.193580213],[3747927.1244200105,4267583.481545744],[3748358.3660453353,4267279.113877407],[3749034.9810436177,4266855.209591227],[3749845.1399767366,4266229.758044692],[3750307.7361497143,4265903.260530811],[3750332.593366849,4265883.933038499],[3750725.6782362023,4265549.9728893945],[3751286.4990744013,4265117.013075905],[3753634.066829383,4263698.291940392],[3753648.483470611,4263688.653017363],[3756026.1040854035,4261932.040135645],[3758228.491620683,4259960.173571056],[3760236.229879318,4257790.437253225],[3762031.6186876586,4255441.959526912],[3762048.8772338936,4255417.041274637],[3763698.911864689,4252762.15154958],[3765077.5499712448,4249956.72632224],[3766171.2017908776,4247028.419741219],[3766969.0867796475,4244006.09724358],[3767463.3398802956,4240919.551017207],[3767563.6227492034,4239234.929136865],[3767741.548311324,4237788.013887856],[3767754.5359278447,4237609.287957822],[3767826.9167895643,4234517.535081122],[3767595.6192790875,4231433.596641176],[3767062.875111031,4228387.228559161],[3767041.774992012,4228293.863154742],[3766315.1190119465,4225628.394634029],[3765357.5892021507,4223036.8915930055],[3764485.489366227,4221192.619725176],[3764362.7306497525,4220544.615200253],[3763604.365550396,4217864.255391717],[3763274.369061892,4216998.6737526385],[3763300.260940366,4216669.6641026875],[3763321.575844147,4216524.447321781],[3763442.7817513505,4215782.953619151],[3763444.0023938087,4215772.1007259],[3763452.688843833,4215631.184657066],[3763545.847682173,4214996.50074032],[3763693.642404163,4211928.165836057],[3763541.7128146826,4208860.032891674],[3763538.94530366,4208831.964883197],[3763017.023507766,4205442.3125066105],[3762129.5065533216,4202129.540366739],[3761509.864368104,4200535.489263305],[3761594.5583565347,4200275.5468250625],[3762250.134302923,4197332.274592948],[3762621.1332052797,4194339.785483817],[3762622.182117344,4194325.9081641035],[3762703.888765386,4191250.199193435],[3762484.9886617954,4188181.2018990023],[3761967.5723683937,4185148.2261279305],[3761156.5813663886,4182180.237710963],[3760059.7608637456,4179305.581830067],[3758687.5858261194,4176551.712313423],[3757053.1609377842,4173944.9294431065],[3756777.960448323,4173588.7173186527],[3756704.4566566725,4173472.066403926],[3756698.9967355747,4173464.3990967413],[3756231.7611359633,4172881.731594129],[3755172.095447956,4171510.1287794863],[3755167.571193198,4171504.8295947216],[3754902.857313628,4171198.7794343065],[3754819.4790757387,4171103.6241182396],[3754737.968210286,4171018.8928161156],[3754451.334998505,4170661.4460423402],[3753232.5997252967,4169454.0482864785],[3752790.253587024,4168994.2253649915],[3752636.523567347,4168861.617125921],[3752264.822022326,4168484.099541141],[3752187.867731027,4168413.2028927547],[3752149.4298737063,4168380.954829042],[3751898.966324924,4168132.821265197],[3751172.575532665,4167561.407038818],[3749950.534674251,4166536.1560438653],[3749275.8427468734,4166069.345039973],[3749075.1291337153,4165911.453977464],[3749069.3071263363,4165907.3895676252],[3748824.4095577095,4165751.909389945],[3748705.210866791,4165659.2268997612],[3748701.7172186095,4165656.7885660264],[3748445.4960705177,4165494.8384394944],[3747951.2358867475,4165152.8659284753],[3746544.637811358,4163336.087197827],[3744626.428247453,4161270.3867185144],[3742531.136715908,4159384.544784756],[3742489.4940031846,4159350.311662783],[3742117.9049634514,4159077.765212061],[3741980.004455318,4158092.612358917],[3741968.3292548885,4158025.397407897],[3741878.759170692,4157532.9815516947],[3741791.0502834516,4157071.654059247],[3741785.231638247,4157072.760316525],[3741688.922351884,4156461.511312426],[3740895.607128558,4153429.0805013175],[3739804.6950999103,4150490.561041883],[3738426.9991575237,4147675.078923657],[3736776.174735079,4145010.5406158105],[3736423.1397055653,4144550.2409690674],[3736397.4808481587,4144508.879642733],[3735341.946748257,4143129.25903044],[3735081.0167504186,4142762.12063729],[3734899.189560137,4142550.559637376],[3734526.5575955617,4142063.516405731],[3733945.850249539,4141441.3227982903],[3733192.1215745346,4140564.338493021],[3732525.8490397595,4139919.875409456],[3732425.722142187,4139812.595355175],[3732305.254929321,4139706.5021226853],[3731109.1465525185,4138549.54659389],[3728967.6577900965,4136829.525773775],[3728856.237819831,4136515.552701475],[3727722.913738336,4134029.988256109],[3726378.395594357,4131652.021678068],[3726315.7409075024,4131551.6384736937],[3724662.983736964,4129157.498026161],[3722796.2932088478,4126926.1349406186],[3721080.959267205,4125223.3890998145],[3720702.597355574,4123949.7139449064],[3720063.2817307385,4122381.9444499435],[3719808.567815501,4121670.2869327227],[3719780.6851790133,4121604.558112968],[3719567.402932098,4121165.919651697],[3719532.7763512945,4121081.006198951],[3719396.066659601,4120787.8995003863],[3719385.9010061226,4120792.6409251294],[3718366.6244310965,4118696.386244084],[3716661.717177338,4115948.601195386],[3714683.949201344,4113390.190506912],[3714668.024698676,4113371.6434494],[3712558.4850857407,4111144.1424133535],[3712481.7244117185,4111070.6206376264],[3710505.482433163,4109330.256729845],[3708390.7161648055,4107761.128781101],[3708347.6482847086,4107731.883934276],[3705818.5679102726,4106183.3520789463],[3703155.010881429,4104879.6410674765],[3700380.607999777,4103832.317288691],[3698301.377045545,4103264.1845725765],[3698301.8803622085,4103257.782014695],[3698291.345312626,4102743.0456744586],[3698293.830108958,4102640.049209819],[3698287.3409163808,4102547.393223846],[3698238.181215721,4100145.4790983764],[3697867.443308276,4097054.6797797256],[3697193.2910120795,4094015.6000332036],[3696855.951514656,4092988.0442569796],[3696530.795322705,4091803.7169140875],[3695365.611711023,4088801.9645366953],[3693899.9251988926,4085934.921943312],[3692149.066536292,4083232.5777521124],[3691816.0394477067,4082818.401045811],[3691701.215189604,4082635.325778699],[3689758.7144839372,4080136.327179388],[3687575.1166420327,4077844.9949346664],[3685172.490885271,4075784.4871176905],[3683893.3946008543,4074893.700232313],[3683422.2180430763,4074499.1732648513],[3680908.3268159204,4072778.2684037257],[3680855.983562945,4072746.040470187],[3678122.0140556614,4071244.1915336577],[3675252.8481205828,4070020.252674116],[3672276.6497959285,4069086.238205685],[3672043.7771123634,4069037.8246032144],[3671726.29608987,4068931.239962076],[3668690.6762534115,4068236.6318972823],[3668646.889783701,4068228.8687779563],[3665648.4207427925,4067844.64706556],[3662626.9243045803,4067749.767207667],[3659610.256195096,4067945.10391897],[3656626.227627129,4068428.856354747],[3653702.3489035903,4069196.564713176],[3650865.575795019,4070241.1513510626],[3648204.9902483225,4071522.674932633],[3647954.831903638,4070669.791285464],[3646865.4035386518,4067933.398962937],[3645532.221596047,4065322.8983979505],[3643963.452368708,4062849.714689344],[3642171.6544025964,4060533.0069836117],[3640172.3329485334,4058392.822816657],[3637982.7890534033,4056447.682185119],[3636536.272795724,4055385.6797029967],[3636133.0087591135,4053640.6578723076],[3635106.389682765,4050626.590601935],[3633780.5855338476,4047731.6309136203],[3633514.3606518744,4047277.922993264],[3633439.810727316,4047098.1486591613],[3633423.3169257925,4047063.616919931],[3632382.7320054383,4045140.916318861],[3632268.726093011,4044778.1389382198],[3631007.0245559197,4041843.155705282],[3629454.3887657733,4039051.142193589],[3627626.804953697,4036430.8455011966],[3625543.0902675437,4034009.244697383],[3624268.5493504084,4032800.904723663],[3623416.468057979,4030654.530069706],[3623377.0610877858,4030568.2426989763],[3621885.871479321,4027702.1090660845],[3621178.8493107515,4026628.5992504805],[3620948.088704815,4026211.9891533605],[3619236.108199423,4023719.793901414],[3617292.9608055884,4021403.311086779],[3617199.2887203814,4021301.9536399427],[3616852.6018558885,4020932.823300498],[3616801.6903944425,4020879.48221284],[3615579.51535432,4019667.145797685],[3615486.4433194,4019579.739670828],[3614775.7375416975,4018966.377706403],[3613463.9576013815,4017798.354008295],[3611276.631812178,4016167.0805480997],[3611243.2124591833,4016144.342006264],[3610964.1177646625,4015956.618991938],[3610599.0046801027,4015713.861347727],[3608673.281189851,4014530.8910615803],[3608667.788191282,4014527.782580784],[3608441.355849118,4014399.6524329875],[3607489.1875299844,4013918.6867410447],[3606883.2822808526,4011630.274115343],[3605878.52011055,4008890.8463966656],[3604624.4607345844,4006256.2029053587],[3604617.8599390984,4006243.8458446907],[3603180.2053806805,4003820.1418598513],[3601531.590513326,4001534.696464616],[3599685.2229727227,3999405.8191688396],[3597655.894661032,3997450.565160063],[3595459.8632437405,3995684.598668384],[3595447.7304763612,3995675.705836004],[3594363.0862855157,3994959.980033258],[3594345.9223187217,3994865.498178856],[3594186.1828660085,3993842.9975302634],[3594104.862680411,3993456.4387278804],[3594090.4957704507,3993459.46108768],[3593940.5401733103,3992634.006047724],[3593752.6746274536,3991969.87600603],[3593738.615332147,3991863.8552337145],[3593035.926008678,3988860.6362045086],[3592042.7513227807,3985940.5846868134],[3590768.62291709,3983131.7248418736],[3590759.644207573,3983114.259530857],[3589227.875646392,3980551.8459579335],[3588912.097308193,3980005.2954089087],[3588848.299191789,3979916.872840006],[3588695.4427247113,3979661.167444377],[3588563.9783562184,3979470.124366235],[3587835.2895656317,3978512.86722798],[3587490.845499865,3978035.476501497],[3587039.8171632304,3977354.617983204],[3586930.5115532456,3977140.2519175257],[3586448.6717241234,3976379.4014829807],[3586216.610342588,3975923.274158539],[3585898.6159419636,3975206.2431998104],[3585423.354924414,3974364.0941299773],[3585125.7579210876,3973779.1535250777],[3584828.56000428,3973310.1343684234],[3584408.089453229,3972565.0724542667],[3583922.3931839624,3971870.3719728463],[3583902.489228088,3971837.476017745],[3583850.59193359,3971766.76635065],[3583539.469516371,3971275.772418701],[3583202.2884524534,3970840.392672392],[3582670.359687068,3970079.5649848483],[3582255.6217600903,3969593.631679841],[3582244.734069213,3969578.7972842366],[3582239.265140457,3969572.0018630153],[3582191.3702393575,3969518.350516025],[3582051.6210731426,3969354.6115141315],[3581724.8219681284,3968932.6373089906],[3581352.537831226,3968535.521172683],[3580701.550538751,3967772.783101306],[3580205.3597589843,3967293.643188893],[3580096.8698140183,3967172.113933196],[3579941.106550312,3967029.9449705835],[3579697.894557501,3966770.51031486],[3579295.9599932176,3966415.4936103723],[3578519.9300227487,3965666.1307700244],[3577954.617000863,3965216.827090502],[3577720.758241512,3965003.378447839],[3577695.694302281,3964982.7474688417],[3577562.1820554375,3964884.0997356474],[3577476.647541136,3964808.54967331],[3577465.1585600986,3964799.326973453],[3577458.5651010275,3964807.540634032],[3577189.7809254965,3964608.9449975905],[3576494.62080252,3964056.4404752837],[3575808.2640859406,3963456.772300906],[3575754.686736288,3963414.962575764],[3573024.740677207,3961507.999578459],[3572868.9955005106,3961422.1204135837],[3572834.6042983015,3961398.132007997],[3572785.833440998,3961370.869020887],[3572039.4564453885,3960643.7700087423],[3571415.5906989146,3960152.8761067186],[3570922.739347917,3959701.4231460774],[3569035.4835132645,3958220.4056700044],[3569021.637724688,3958210.368431318],[3566930.1553607997,3956818.0171630173],[3566857.929823045,3956773.98956784],[3564773.818730048,3955609.5515576475],[3564534.42316538,3955487.466971403],[3564345.9040425816,3955389.909143615],[3563151.7511523636,3954803.5865759766],[3563092.376462018,3954775.975104548],[3561850.0882646176,3954230.5048910417],[3561832.1382753467,3954223.0804342446],[3558440.8849437917,3953042.015231911],[3557899.678621899,3952920.416809081],[3557745.718710948,3952875.492193673],[3557738.3428038317,3952873.386525004],[3557078.3582251146,3952730.10211329],[3556975.635008192,3952700.934523896],[3556681.0630021133,3952607.066052196],[3556536.7685920163,3952576.32125915],[3555373.496416365,3952246.0176901068],[3554774.8501104307,3951597.9057214074],[3554027.269197287,3950938.3233559625],[3554003.213622837,3950910.080191695],[3553151.0032296428,3950107.3737065964],[3552947.3180391197,3949886.0858241743],[3552231.1196856634,3949240.9251251374],[3552138.652772126,3949153.829506794],[3551906.6921708994,3948910.9190346096],[3551666.080779902,3948708.7086705975],[3551487.953292402,3948540.9284011563],[3551102.0784543753,3948215.5200470714],[3551098.0766916517,3948220.2654063203],[3550760.1947868387,3947915.897035674],[3550420.876102494,3947637.8368202993],[3550409.0360074374,3947652.2853650926],[3550162.825791017,3947445.3697353727],[3550801.958384612,3946964.1021117596],[3551433.332943094,3946596.9989678715],[3551475.6195174907,3946568.824835648],[3553409.256108445,3945135.0493687443],[3554426.0273796353,3945269.386639576],[3557560.3673436143,3945368.8283114913],[3557647.08327924,3945367.258018321],[3559067.7110842913,3945288.4750735117],[3559790.22004756,3945287.3939337432],[3560813.320288703,3945186.794414735],[3562051.3551203967,3945117.3674434405],[3565016.0304670255,3944665.3317931085],[3567924.2476210683,3943933.2736499184],[3570749.6200491204,3942927.835047675],[3572330.874743417,3942188.8608336602],[3574295.407920416,3941477.294530972],[3574536.7026391677,3941374.6617377684],[3575609.503029675,3940853.893068508],[3575878.507747552,3940772.391039461],[3577980.7743565,3940272.271043242],[3581084.528311148,3939180.9901717436],[3582011.6430020346,3938741.522827499],[3583283.547049024,3938427.1316169985],[3583298.114171077,3938422.8453396843],[3585164.974385317,3937765.825255328],[3587405.706582428,3938127.6648285887],[3590462.9527585832,3938319.8079928393],[3593524.4007962174,3938213.9350026613],[3596561.0692554656,3937811.0481130863],[3599544.2112743002,3937114.9612847036],[3599976.4935324774,3936968.5470829415],[3601839.60968811,3937037.223176705],[3604749.707755093,3936874.7766128634],[3604895.466856697,3936859.8474214775],[3608088.6430835896,3936366.12227592],[3608895.25182603,3936154.9321367755],[3612320.3263456873,3935412.503079189],[3612340.6574409944,3935406.7717756038],[3612654.481637467,3935297.800084086],[3615058.0422984697,3934891.2627244773],[3615111.0587391024,3934879.2932281964],[3617909.9367317343,3934110.223139077],[3620626.0921979784,3933086.6576537215],[3620696.012737055,3933056.55860374],[3621243.8508238946,3932814.5259110522],[3621279.037280199,3932798.5789682106],[3623623.800085997,3931615.642872471],[3625861.815594279,3930241.4023524937],[3627977.511271373,3928685.4196328],[3627987.607160048,3928677.3246730743],[3629379.9062824636,3927438.49262686],[3629932.9395089424,3927085.070684284],[3631845.783048626,3925646.919781646],[3632102.5391229056,3925438.145197056],[3632662.628141393,3925022.977176162],[3634998.5540817506,3922897.636155885],[3637109.8073670547,3920548.969722226],[3638975.1451101494,3918000.609552333],[3640575.7987627685,3915278.1965903337],[3641894.4363149665,3912411.789491457],[3642134.603687383,3912122.6774063366],[3643767.3555021645,3909743.8125519506],[3645175.473866543,3907225.4640542236],[3645284.701982014,3907007.1993753435],[3646491.4993444844,3904280.1326002884],[3647434.8659563037,3901451.119962392],[3647442.441984873,3901424.2160900566],[3648066.0389402076,3898776.043115751],[3648078.0563159348,3898712.892639486],[3648295.577948139,3897424.8790588896],[3648351.9498493634,3897042.9945372767],[3648344.206214646,3897041.8514602818],[3648453.6386145474,3896314.0756255966],[3648459.38565113,3896268.3197417324],[3648688.5118472637,3893358.2114218683],[3648647.1256299117,3890439.3903536783],[3648582.1796396463,3889834.33080594],[3649118.8013694976,3887951.304679666],[3649654.845403817,3885087.7485145982],[3649923.905987662,3882186.903203409],[3649923.7654100256,3880379.8741322584],[3649927.4201797177,3880306.1949336133],[3649923.7537030745,3880229.389308226],[3649923.67934806,3879273.606605762],[3649829.989182422,3878265.2031565555],[3649781.4605523194,3877248.621804213],[3649655.159496924,3876383.4810283124],[3649654.167425564,3876372.803192764],[3649651.600444902,3876359.102126506],[3649339.267470992,3874219.674308252],[3648605.020917615,3871247.9846115788],[3648413.606816076,3870705.990869763],[3648298.222579752,3870015.982323402],[3647502.027524749,3867058.7463657754],[3646422.280491965,3864192.8577741017],[3645069.1980879633,3861445.4336927715],[3643455.583228749,3858842.4703505756],[3642828.8904408077,3858021.927090881],[3642794.3059357717,3857966.2850774666],[3642767.314823523,3857927.124611009],[3641045.590534021,3855656.3826125693],[3639946.695025205,3854451.1600633967],[3638933.722279482,3852990.071490404],[3636940.3966364656,3850642.9247060325],[3636929.0955667673,3850630.8661973593],[3635865.3313194592,3849589.4621322383],[3635567.9153244966,3849166.590340812],[3633537.001068768,3846812.131908382],[3631283.748808772,3844669.483669173],[3628830.1356537924,3842759.543955497],[3627705.787300535,3842050.4881422594],[3626564.88066452,3840993.2545181606],[3626471.601060967,3840921.8245774843],[3626292.5085320626,3838586.056316958],[3625865.2981555345,3835957.6716010086],[3625864.466425514,3835953.6396284355],[3625104.618969944,3833000.8800379913],[3624062.7200813848,3830135.4648742294],[3622748.540989782,3827384.2668315773],[3622746.3256035843,3827380.1537959254],[3621131.48758397,3824708.4587231106],[3619561.7306024036,3822612.6618821295],[3618681.2762280833,3821264.0815905053],[3618581.6618241775,3821141.117319353],[3618352.0579381003,3820667.6321625],[3616714.423160777,3818002.0864033243],[3614820.3374319263,3815512.222730365],[3614001.735173949,3814633.0413349853],[3613662.7043144554,3814184.3815411776],[3612261.7952770013,3812667.6672873828],[3612112.3152763247,3812488.5954801408],[3611393.8197889323,3809771.4316731947],[3610244.229001524,3806733.264364277],[3608787.709070653,3803829.720104851],[3608067.0810184013,3802700.9148474224],[3607889.1366108833,3802376.5649880464],[3607864.5120428763,3802335.4019386293],[3607850.5837725424,3802314.8282819185],[3607820.381215014,3802249.167166409],[3607725.572578958,3802066.9576014457],[3605833.882794128,3798899.6551782982],[3605505.7021461655,3798472.9745946727],[3604102.822499049,3796556.9002849837],[3603810.4259072416,3796219.803103899],[3603498.4954230064,3795776.280758322],[3603186.17961373,3795423.603834512],[3602977.670561741,3795133.2566220234],[3602930.1670699636,3795073.63711729],[3601048.719358928,3792920.6592781516],[3598979.708876106,3790947.2473375886],[3598411.33942546,3790496.114231845],[3596719.627813623,3788710.6085171313],[3595251.691772081,3787452.8023233465],[3594563.7890677387,3786770.659946492],[3594289.0669775684,3786472.826982972],[3594213.5842653583,3786398.918564607],[3593617.8652134677,3785830.6882650563],[3593589.5680047483,3785804.394733087],[3593587.4456521277,3785802.4921897054],[3593540.11657987,3785755.5594394193],[3593510.666615344,3785729.6113643656],[3593464.824822781,3785692.571036606],[3592751.694226483,3785053.2984279203],[3592709.0327456156,3785016.40886816],[3591270.1407342595,3783907.59048475],[3591281.537475915,3783893.2410144466],[3591259.1293433956,3783875.44386292],[3591102.5531215034,3783751.8935235273],[3591086.367202447,3783739.2046078434],[3590524.4086547545,3783308.7697820063],[3590325.547879163,3783159.968436842],[3588998.0496682813,3780799.0678311284],[3588915.520181325,3780669.0875723697],[3587987.702136124,3779358.163669845],[3587768.893489584,3778750.8404338667],[3586503.2590705557,3776063.7418068843],[3586496.534598438,3776051.0545083825],[3584726.9234121176,3773111.495167529],[3582647.944711592,3770381.956665894],[3582143.7246317277,3769851.4030191246],[3581606.7193145975,3769150.835429564],[3581428.0884041823,3768940.518189313],[3581188.703384262,3768682.698694097],[3580956.9317235304,3768376.8885229095],[3580592.6963186483,3767980.1287305714],[3579683.9860570477,3766766.1402232475],[3577625.1865404593,3764509.6535089323],[3577248.5982598457,3764169.8340551835],[3576726.930306369,3763571.1748445923],[3575823.8710869993,3762724.059996077],[3576491.8256877097,3759807.5608448475],[3576886.7390372534,3756591.3426818815],[3576948.982151011,3753351.567748305],[3576685.6152879777,3750214.505208354],[3576998.519699276,3748837.974251355],[3577373.742448926,3746071.698426138],[3577502.452594658,3743283.0593760964],[3577502.529166776,3743239.8997949394],[3577327.10899452,3739864.676563574],[3577248.128895309,3739373.1671835673],[3577418.9687215453,3739287.3444905654],[3578038.183858918,3738897.195884589],[3578235.384824616,3738782.8847454516],[3579106.9189100345,3738414.4279992697],[3581781.133148612,3736965.192208874],[3582002.849298088,3736830.7927814787],[3584176.3290178394,3735386.826271191],[3586222.7695255377,3733767.834417148],[3586298.985754028,3733702.223787191],[3588064.084580171,3732061.0103535564],[3589698.4622377562,3730289.580119768],[3589702.932386721,3730284.3466127357],[3591538.593662006,3727915.6196892364],[3593140.7317133048,3725383.096595507],[3594494.831388531,3722709.721645141],[3594593.430047762,3722489.6621605335],[3594635.481918949,3722411.5924333897],[3594736.057172879,3722171.3368213344],[3594743.139860731,3722155.529175972],[3594751.736381957,3722133.882101348],[3594962.5259359167,3721630.3449853812],[3595121.96075583,3721392.7223308105],[3595218.0901895897,3721241.8319461327],[3597240.687741497,3717541.40312412],[3597360.703841946,3717281.905145509],[3598363.626357438,3714851.949517164],[3599160.3380357213,3712346.7971406616],[3599745.2845269516,3709783.9129196703],[3599800.129374458,3709486.959497821],[3600001.063339699,3707838.6107378337],[3600234.246475106,3707374.9655683953],[3601038.25559097,3706887.7193673984],[3603439.088059264,3705100.430975016],[3603456.247418876,3705086.3410662035],[3604685.9043119005,3703951.527041546],[3606844.896905265,3703047.416784183],[3609653.8448985703,3701519.4968677186],[3609698.257598129,3701492.329023301],[3612293.694008716,3699720.834918634],[3614699.613158226,3697699.4407041636],[3616892.047944724,3695448.2829506453],[3617838.152499609,3694259.798829438],[3617942.417700035,3694133.179019231],[3617991.799528467,3694071.862433901],[3618036.5975896083,3694010.514712606],[3618849.157938527,3692989.78706974],[3619354.142752582,3692206.2314156718],[3619746.5140720364,3691668.9071266972],[3620291.7579126684,3690751.3883400443],[3620551.4469505255,3690348.443918254],[3620557.401304004,3690338.105865054],[3620690.3971753856,3690080.571018722],[3621266.551869152,3689111.036443263],[3622538.33679864,3686421.0958433687],[3623550.509994069,3683623.1103608673],[3624294.0312947426,3680742.0700256275],[3624762.259987324,3677803.706666668],[3624797.8210459966,3677244.2671359456],[3624824.0813094033,3677111.255750183],[3625121.323218918,3674251.748895667],[3625156.4866096806,3671377.0496523115],[3624929.2782838666,3668511.1277098157],[3624441.592739858,3665677.8795713778],[3624436.74557093,3665655.802952761],[3623675.2864779443,3662824.346869973],[3622936.9906629655,3660838.082707395],[3622982.4649203243,3660522.4265247528],[3623126.271840655,3657538.4980257726],[3622986.617080213,3654554.3723137346],[3622986.2385373865,3654550.3668148685],[3622830.743620692,3653507.4698926895],[3622989.5424212306,3650520.260288664],[3622989.473039336,3650503.404929003],[3622790.615313055,3647097.6349863457],[3622785.5783180776,3647053.062026471],[3622153.665542299,3643503.8452352057],[3622507.0146017936,3640954.641287874],[3622606.7249982404,3637540.626516033],[3622606.5701183043,3637534.4499363485],[3622573.485324812,3636679.165558252],[3622573.132038406,3636672.4111489803],[3622363.445067815,3634336.2182889204],[3622155.505032854,3633079.9446683894],[3622195.938749824,3632938.3014324983],[3622220.3455331074,3632870.5995909753],[3622258.4502957836,3632719.3174183196],[3622844.661285239,3630665.763412323],[3623389.006779807,3627723.573651692],[3623651.5951745072,3624742.9965364356],[3623630.054799423,3621750.952315964],[3623324.5802048873,3618774.464809336],[3623116.162100375,3617732.090613007],[3623486.4054483594,3616368.046531959],[3623614.1652166513,3615602.7497241977],[3624388.6253631664,3613771.4304423626],[3625238.694463557,3610983.5088471724],[3625490.4053827794,3610477.0464329333],[3625533.083742566,3610378.873939233],[3625693.9425376,3610002.1690901793],[3625697.3570099296,3609994.0267030788],[3626526.252631764,3607789.6104756463],[3627104.831055325,3605813.606671982],[3627154.004648552,3605665.0329920175],[3627171.7554804366,3605585.0414279406],[3627188.0471265726,3605529.400993694],[3627312.429581388,3605037.0042779096],[3627294.3814439937,3605032.4452068154],[3627844.3202805985,3602554.2251452385],[3627870.794713404,3602397.8816996887],[3628218.213396208,3599578.7932314505],[3628252.3779777554,3599138.8171829768],[3628301.5828707055,3598389.464285275],[3628306.395946046,3598299.8254993195],[3628333.854525784,3598036.7006738195],[3628358.991956844,3595027.2401060434],[3628358.854190892,3595023.750705003],[3628079.211104829,3591900.1070208563],[3627649.10206181,3589650.807578873],[3627612.1682724357,3589119.9428855064],[3627921.07336415,3587656.6253036293],[3628150.1620794353,3585512.3252440463],[3628915.7592944726,3584576.9929337227],[3628918.989161104,3584572.548964593],[3630710.924409432,3581814.866871632],[3632109.686572216,3579072.9558641883],[3633595.464103628,3578269.3048555176],[3634016.5204283097,3578019.8740739976],[3634569.688378494,3577657.125863282],[3634784.7767856927,3577576.434431939],[3637252.100734677,3576397.3677364583],[3637499.197970367,3576251.700687756],[3638918.0398851326,3575689.8279300467],[3641670.0423550447,3574273.1163826236],[3642275.3022106676,3573881.9424048704],[3643216.1358239492,3573365.1998246233],[3645787.8223742265,3571600.6741138436],[3648172.30989042,3569590.3651868384],[3649598.1449690736,3568123.552972871],[3649751.163121768,3568012.8422061056],[3649786.230712921,3567985.13649069],[3651953.9122311724,3566094.2071788665],[3651957.2481171247,3566097.79012621],[3652050.656784471,3566010.822434157],[3652055.9284892012,3566005.215539198],[3652094.304796845,3565971.738811001],[3652329.304395711,3565745.6952372002],[3652314.4519896656,3565730.2543670875],[3653880.316051885,3564064.828140304],[3656186.9273199313,3562530.002396619],[3658600.2997897575,3560553.3204574375],[3660806.20863213,3558347.5089636915],[3661525.9265323095,3557468.8693774357],[3662201.842664174,3556768.3955936735],[3664020.6101993965,3554496.5699549075],[3665621.839852717,3552066.5142605943],[3665780.3756567426,3551799.859573825],[3665813.6750831767,3551743.7180644837],[3665850.2997807767,3551681.8241414526],[3666654.326610418,3550237.878994483],[3666676.898597089,3550194.714171462],[3666686.5002510673,3550173.78729446],[3667823.4737248966,3548522.494537054],[3669249.7092723837,3545973.8868932533],[3670433.6473489036,3543304.0855167606],[3671365.100275823,3540536.0638037156],[3671373.8335565445,3540505.486282221],[3671416.1530960896,3540319.763710942],[3671765.694043938,3539595.8717033933],[3671783.705623391,3539604.5448859353],[3671806.820917683,3539556.541404203],[3671921.1414671955,3539316.545412964],[3671969.199584254,3539214.548937002],[3672178.2152650645,3538741.548864378],[3672258.6841792404,3538574.8994226274],[3672385.0112336567,3538278.1834979206],[3672383.296109007,3538277.4532821593],[3672585.8188579576,3537819.146639375],[3672641.657955945,3537684.0193482363],[3673049.937811005,3536613.588569864],[3673425.3680587485,3535740.3963055387],[3673434.8922599303,3535714.1419660146],[3673777.6996276584,3534539.4199619605],[3673849.833254074,3534355.782155052],[3673938.5077879187,3534091.9214859074],[3674022.282130282,3533803.0993516585],[3674099.577548464,3533620.487878753],[3675120.462536473,3530136.343035755],[3675185.267571031,3529856.213470978],[3675223.9191442085,3529648.6846347293],[3675524.8193694353,3528874.0921066515],[3675742.01761602,3528087.572682567],[3675804.852290414,3527921.712989701],[3676175.7553818175,3526554.879133181],[3676485.98720279,3526275.9768596534],[3678577.055246175,3523985.813066369],[3680432.670142798,3521501.0376001424],[3682034.8279992156,3518845.758713612],[3682481.7287894054,3517907.135635856],[3682649.9895431665,3517791.2180682085],[3685115.9437501123,3515687.71820046],[3687352.5645405855,3513341.834724241],[3687356.031857909,3513337.8012554864],[3687833.391052359,3512729.3107102034],[3687999.7429568986,3512541.1143125733],[3688004.294183666,3512535.792304064],[3689039.4922861387,3511191.8914964492],[3689098.408159636,3511116.79133622],[3689104.104086069,3511108.012043908],[3689967.961509295,3509986.5468036183],[3691661.16398005,3507250.1792514944],[3692236.3076762254,3506065.177858111],[3692901.095743976,3504788.218797565],[3693915.528313704,3502365.572420129],[3693921.3658350715,3502349.8168407613],[3694501.8069402105,3500633.076231641],[3694524.540844101,3500558.863094584],[3695225.3285463485,3497845.324344284],[3695682.031681387,3495080.2170770247],[3695682.926721525,3495072.741806071],[3695903.144966897,3491768.934427478],[3695775.1681700596,3488460.269861537],[3695758.1687315586,3488274.5303738015],[3695352.9349149484,3485357.8163301344],[3694676.9688875955,3482491.7205207595],[3694670.3720630934,3482468.6403156193],[3693676.7248890833,3479543.6479361723],[3692401.2106445003,3476730.1130531286],[3690856.1089956965,3474055.1222080784],[3689056.29498841,3471544.428147581],[3688890.32131918,3471355.232892635],[3688912.8209354533,3471306.4404979805],[3688999.0024221027,3471117.918832839],[3689006.4964171983,3471101.381994081],[3689027.250750882,3471055.486232428],[3689033.008370496,3471042.726758844],[3689072.885941962,3470948.078574515],[3689793.8306408343,3469483.789121274],[3689903.0966648855,3469244.2267389046],[3690023.034179507,3468946.4395779613],[3690041.0216032024,3468916.1819730815],[3690521.4407401984,3468079.0931286905],[3690604.3399388595,3467929.37872059],[3691387.5687079034,3466420.089860296],[3691401.2640150394,3466391.8593249237],[3691788.7305072765,3465537.6906284094],[3691859.7265322446,3465420.9002780947],[3692038.7309306767,3465124.219077183],[3692521.031087783,3464296.6522791567],[3692729.620208497,3463925.8874389846],[3692708.516545712,3463914.014699212],[3693451.411632071,3462631.6966796336],[3693551.233099514,3462445.3627634957],[3693958.5746353483,3461658.5919184177],[3694075.6533274557,3461424.445834858],[3694751.0842780583,3459983.744415076],[3694801.606819044,3459868.487875541],[3694850.6488986593,3459735.6152567337],[3695084.398863912,3459275.6086167935],[3695196.0037746835,3459047.90868029],[3695196.720578491,3459046.4732108493],[3695472.800189226,3458603.2892320454],[3695708.027680397,3458219.600530595],[3695732.1456594043,3458179.6222825404],[3696086.2923858347,3457577.5854177265],[3696104.6027729735,3457545.6531053283],[3696353.7914910447,3457102.839022053],[3696437.3265431775,3456951.5517603704],[3697533.604041894,3454770.322639642],[3697576.003828519,3454677.1212757966],[3697682.449869122,3454440.5553790317],[3697740.277103299,3454310.6120496537],[3697788.258620266,3454202.244353958],[3697803.395891362,3454167.881811083],[3697892.271181852,3453952.891475927],[3698011.679112627,3453717.2338286797],[3697993.498414239,3453708.021653306],[3698144.3372499417,3453343.1407998833],[3699290.069174102,3450854.6413732367],[3699395.9232414886,3450581.75996585],[3699823.865405031,3449410.2594831963],[3699837.362725748,3449370.9087838363],[3699979.6549183023,3448946.245335535],[3700006.9950394304,3448862.681869204],[3700084.8870330094,3448621.324644183],[3700106.679427675,3448552.856141799],[3700784.9804627504,3446076.551695098],[3700791.868917401,3446046.6708437055],[3700809.0897739856,3445958.443950629],[3700833.7205668166,3445868.7510722945],[3700869.2952656457,3445726.7324241633],[3700896.3066087128,3445618.0805099667],[3700905.5139578884,3445580.761079419],[3700932.629146853,3445469.995013444],[3701026.5919230557,3445083.122992646],[3701046.981328778,3445000.5371776666],[3701067.6765032,3444916.4514854606],[3701302.68414145,3443886.9058711966],[3701312.4858526355,3443840.3825004273],[3701714.081178263,3441499.7838268736],[3701718.4572726986,3441466.874843107],[3701764.955245174,3441078.5051451693],[3702047.9503937555,3439669.4780220115],[3702280.744274389,3437618.1065779016],[3702301.649504787,3437467.758463749],[3702309.1602457482,3437404.8037023596],[3702386.979687927,3436681.5953466203],[3702408.8201609864,3436453.9277839083],[3702478.0980884265,3435613.5047820313],[3702486.886651523,3435486.065553957],[3702543.0732433586,3432243.3391189137],[3702540.417974761,3432165.737473366],[3702296.5640113065,3429187.052257052],[3702144.090269501,3428332.8882090743],[3702106.2373080463,3427909.8314594114],[3702098.94461018,3427859.0303177075],[3701676.5853808066,3425538.5819662986],[3701435.1517282794,3424612.304056127],[3701502.760112641,3424269.7313425275],[3701680.3251633914,3423946.1217434113],[3702899.9729080526,3421085.6275482555],[3703424.8951606727,3419413.757796988],[3703721.121322213,3418535.8179505267],[3703723.275900378,3418528.395130539],[3703864.8638417833,3418025.027794136],[3703874.0045513436,3417991.464304047],[3704260.0502696536,3416414.6876495047],[3704319.897705255,3416139.740374955],[3704335.843048719,3416066.3312695143],[3704359.3792237984,3415957.0139630707],[3704360.9885677453,3415949.474074046],[3704625.3748658025,3414558.230530735],[3704640.841733953,3414465.5186306234],[3704923.536590371,3412224.3952961694],[3704941.58207593,3412132.7792904177],[3704945.6406601067,3412121.196412634],[3705129.632337451,3411404.11645847],[3705643.155547875,3409782.4017987843],[3706051.3310879692,3407913.6880160286],[3706055.693465093,3407914.661899856],[3706123.290172626,3407611.8718520286],[3706125.364540363,3407602.00071774],[3706402.993174382,3406928.3482278828],[3706506.2300877515,3406642.73986465],[3706741.7911921362,3405967.1360588176],[3706911.0192781454,3405463.44032],[3706880.3475815603,3405453.1354631037],[3707031.781465082,3404960.1765511115],[3707286.397365225,3404263.1688696183],[3707581.4731799504,3403170.7789381696],[3707753.403804536,3402611.09750055],[3707856.958040283,3402183.1001533815],[3707877.5037673707,3402074.854375867],[3707995.6607747143,3401637.4294202765],[3708042.870757114,3401426.920513195],[3708270.414512831,3400319.554546614],[3708329.597928541,3400002.78807776],[3708346.8872502693,3399912.190398662],[3708389.8288859916,3399682.5481841643],[3708457.8434194415,3399311.2013807097],[3708490.1580408304,3399108.2841860256],[3708627.1129592205,3398465.727345728],[3708679.386612172,3398232.8895115526],[3708709.1109382254,3398092.4783716076],[3708797.3913303223,3397660.558461325],[3708818.36434735,3397554.154375122],[3708921.8434297177,3397003.3741915235],[3708990.4633384524,3396619.3321642084],[3708975.6521656523,3396616.6857316475],[3709245.711041647,3394953.5697145932],[3709277.662819957,3394698.7619481417],[3709308.8383255363,3394441.5781843914],[3709383.965344365,3393799.719977729],[3709363.0703899628,3393797.2743041883],[3709447.0729661435,3393233.696031471],[3709583.4834075803,3390482.2240099334],[3709672.7362171914,3389738.075515493],[3709709.3179999157,3389489.323210663],[3709713.192227801,3389400.772079138],[3709755.2156254034,3389050.4004976326],[3709877.9814600744,3389007.131698181],[3710274.9402670595,3388982.7150200577],[3710560.736962551,3388952.214404742],[3711761.921338944,3388800.6112426943],[3711785.9313355773,3388797.1106747338],[3714467.603435927,3388286.535012906],[3714514.6344672525,3388275.448113451],[3715263.6859356854,3388083.8147680527],[3715544.0002989387,3388101.902339891],[3715582.8199654645,3388103.3457281035],[3715929.39025677,3388114.3211387447],[3715958.345697473,3388115.0785356676],[3719142.8464687564,3388037.1742854835],[3719162.888623282,3388035.6669135867],[3722898.9738982227,3387528.27609936],[3722916.9800797845,3387524.7216493506],[3724196.2422650307,3387244.4303210084],[3724248.14875543,3387231.9206036446],[3725298.9868531874,3386959.4114136626],[3725310.1593297073,3386956.307578521],[3726574.013827444,3386576.489271867],[3726606.99522401,3386565.818976599],[3727363.751017989,3386310.341485422],[3727379.8942105197,3386304.6625081203],[3727512.4972452004,3386257.6812051977],[3727985.5421291436,3386088.89076983],[3728970.3870299472,3385718.8175516855],[3728987.3108053613,3385712.133361283],[3729524.39859386,3385494.2700033844],[3729695.6210518936,3385422.973315406],[3730549.7770919357,3385052.391053561],[3730765.728640078,3384954.879622039],[3731047.5325197363,3384825.9596322197],[3731194.291134709,3384757.9449112047],[3731309.853820173,3384704.1033261935],[3731574.480837484,3384580.1587657155],[3731674.3774690074,3384533.155977546],[3731806.7872787016,3384470.5714916023],[3732614.4594420493,3384074.606409632],[3732901.8466543467,3383928.5849118438],[3732908.2338091983,3383925.37045828],[3732967.8714979435,3383895.2773570046],[3733560.3364830525,3383595.5313076503],[3733587.760359793,3383581.6430522413],[3733712.7301815245,3383517.979728015],[3734099.569663865,3383319.8257834874],[3734098.632027279,3383317.9953134847],[3734341.2134896712,3383197.310274542],[3734358.780238134,3383188.152773426],[3735111.3303684373,3382782.764422154],[3735112.9406281235,3382781.868584583],[3735318.7490540403,3382672.8041244415],[3735538.6347781694,3382577.113506527],[3735557.811253335,3382568.4304870996],[3736214.5106425337,3382261.9240978793],[3736226.553010761,3382256.1337574576],[3736354.5457869396,3382194.2347047618],[3736416.5553304916,3382164.0730976607],[3736564.699973611,3382090.8581619826],[3736605.944671645,3382085.2882813695],[3736775.1143896882,3382056.1389112948],[3737541.075023906,3381914.3789141066],[3737639.8159745345,3381894.8381075403],[3738878.7493847637,3381623.6130861808],[3738887.384406269,3381621.5396205387],[3739125.528017422,3381562.6930886456],[3739334.7732362403,3381522.286660586],[3739653.7341465675,3381446.8504186687],[3743012.2599881664,3380440.893030473],[3744223.0808374914,3380102.994924284],[3746727.7845356856,3379168.563537599],[3747567.8003429594,3378771.031297261],[3748664.871348995,3378336.8153683445],[3748732.205518154,3378305.9908577697],[3749104.676501736,3378132.5308994255],[3749130.097542626,3378120.489832662],[3749244.9104299275,3378065.158425527],[3750252.6947543477,3377639.823923317],[3750416.8947998807,3377566.0309985294],[3750550.2078330265,3377505.746251991],[3750696.21023749,3377439.314266959],[3753736.9651278467,3375850.3763645175],[3754403.0342918537,3375403.876888487],[3755149.402042877,3374964.304656557],[3755158.0021509584,3374958.882243677],[3755692.9591034506,3374613.98302294],[3755735.132582602,3374586.1853028857],[3756396.16008077,3374083.7949254406],[3756511.1431787414,3374014.6588859605],[3759248.5855094693,3372166.560135248],[3759254.155993579,3372162.357783024],[3761808.116160438,3369958.6600705143],[3761829.2688354324,3369981.664842451],[3761836.0741735864,3369975.40739697],[3762286.4690691377,3369545.910794174],[3762379.388246209,3369465.7350026257],[3762605.4886282273,3369243.17328919],[3762604.737387681,3369242.4101041304],[3762664.1192621766,3369185.7835446033],[3762698.1517699035,3369152.128371949],[3762891.393929878,3368940.4205403817],[3763026.615484807,3368840.23447474],[3763037.023189586,3368832.4327356154],[3763864.6864213734,3368190.2245831494],[3763881.2541971942,3368176.9217331824],[3764042.83636025,3368046.302489834],[3764233.7247948595,3367890.948475852],[3766500.6847625375,3365855.968933273],[3766735.084387747,3365624.1216649525],[3766732.7290830635,3365621.7404312245],[3767296.61674996,3365055.133010679],[3767409.231098931,3364938.0494656917],[3767513.48540636,3364828.95382563],[3767543.114306848,3364800.081621562],[3767748.180496957,3364598.4183812723],[3767777.736473666,3364569.086112061],[3768332.7870945805,3364004.2040139465],[3768445.5294317147,3363886.5404628203],[3768904.956004358,3363396.7071103947],[3768918.3519621347,3363382.1157415053],[3769150.494361149,3363126.45737437],[3769413.5469995243,3362833.545786494],[3769412.5636252547,3362832.6626558607],[3769842.0309497104,3362351.607446834],[3769855.8102552406,3362335.670458404],[3770623.7013986562,3361412.526037571],[3770836.4585097884,3361146.597956814],[3770836.053564076,3361146.273977941],[3770905.3817292475,3361061.010161122],[3770938.789677422,3361019.021758419],[3771627.4784072544,3360019.0405240837],[3771862.6408522325,3359720.2130955094],[3771863.741195523,3359718.7941867234],[3771867.2118036454,3359715.631261642],[3771866.6619130145,3359715.027878748],[3771880.7060672953,3359696.9177361466],[3771891.001607532,3359685.8118313616],[3772207.7786487876,3359402.983467917],[3772266.6910864003,3359347.7883152105],[3773051.5956734708,3358586.386590822],[3773170.3974813484,3358467.068269735],[3774051.0205902383,3357546.0692384667],[3774288.6777787725,3357287.225881837],[3774266.1268703043,3357266.5207512314],[3774824.3719053217,3356618.4232006],[3774833.2166708554,3356626.449960663],[3774850.360101334,3356607.559446703],[3775335.3466154663,3356025.664775329],[3775356.7170722676,3356043.7070230716],[3775364.20047108,3356034.843180089],[3775486.342381055,3355888.4323506868],[3775893.25813936,3355562.158536571],[3778147.115451446,3353349.3179299184],[3780167.911513556,3350921.784282561],[3780175.6347201965,3350911.4980804725],[3780689.3327727937,3350153.380707278],[3781047.663054437,3349739.6072304966],[3781054.292637311,3349731.515058668],[3781145.318994688,3349619.8869742826],[3781344.802652558,3349374.10900367],[3781674.5638661576,3348960.774133485],[3781683.7923448556,3348949.005445359],[3782352.7649639454,3348064.2278441233],[3782361.5759552857,3348052.137540979],[3782572.920632922,3347752.535264702],[3783151.0817649863,3347027.7418710864],[3783161.485278306,3347014.1696921643],[3783630.425393303,3346386.372347037],[3783925.07322262,3345981.497384977],[3784266.578774611,3345502.9058168414],[3784616.520744615,3345002.677813728],[3784602.5241593686,3344992.886293493],[3784832.4359405846,3344696.846973608],[3785077.233275065,3344338.2826139135],[3785083.604269366,3344329.146698595],[3785127.208310358,3344265.6917974856],[3785301.5803538174,3344009.239552672],[3785311.0435065487,3343995.1734225946],[3785646.255367082,3343486.348073789],[3785716.686546742,3343377.1535211112],[3786073.4682863094,3342810.884377614],[3786337.2415797072,3342382.1981619187],[3786376.3656485993,3342320.014929256],[3786870.029821901,3341508.484624732],[3786887.0770026445,3341479.4844785924],[3787104.3134624315,3341090.458484297],[3787580.0381521415,3340324.26780207],[3787724.4376846342,3340075.079090096],[3788241.099583948,3339078.7678020312],[3788256.4615566204,3339053.093366747],[3788254.898643258,3339052.1582173617],[3788341.651193453,3338884.8678769236],[3788347.15719956,3338875.234893399],[3788346.7633539606,3338875.0097797285],[3788367.660740411,3338834.7120491643],[3788732.410649648,3338235.6609424343],[3788737.5702602654,3338226.4456839706],[3789278.696159244,3337217.3544929996],[3789424.5699036145,3336933.033284255],[3789710.2306879596,3336362.0741598206],[3789718.549219937,3336345.017633692],[3790273.123644477,3335144.551345682],[3790276.917957788,3335135.8631921895],[3790918.560188627,3333550.5826583533],[3790924.352966721,3333535.072084503],[3791543.75384006,3331707.5706834523],[3791546.1645628093,3331699.669367921],[3792042.488615956,3329879.164881234],[3792046.8653345224,3329860.9802652285],[3792329.377687365,3328568.3703949987],[3792332.195102176,3328554.042549894],[3792406.088871227,3328165.37566098],[3792415.9316241215,3328111.7713258434],[3792532.015391133,3327438.5286234226],[3792626.335239356,3326853.6823608642],[3792710.2557815905,3326277.6964906077],[3792764.3311576573,3325946.561457252],[3792769.011068621,3325916.300706212],[3792816.6335403477,3325597.5780598577],[3792819.2505941004,3325579.4278316507],[3792833.1544927843,3325480.5062599108],[3792843.256897389,3325444.41216388],[3792863.688660363,3325357.2415931993],[3792962.1162880985,3324913.828727737],[3793050.070129563,3324629.1923191166],[3793055.4092734978,3324610.0036679995],[3793230.168369109,3323954.6749803037],[3793271.9613821474,3323790.8895667656],[3794028.0889929007,3319733.54140999],[3794029.0104447477,3319725.8120833575],[3794092.4199354104,3319148.6985295694],[3794100.2387410793,3319070.9388529127],[3794292.7079873173,3318042.170459384],[3794337.1769290613,3317726.2759601674],[3794456.0448747124,3316573.4756003064],[3794664.9443944693,3315295.2344785444],[3794684.0748590725,3315128.660545948],[3794782.7791598043,3314128.6747332755],[3794795.613469794,3313973.3248082264],[3794902.510695653,3311382.8608750803],[3794795.9048597924,3308792.3849339476],[3794476.5188904414,3306219.4638297535],[3794456.002803442,3306096.0165361995],[3794236.4679402825,3305043.674044161],[3794237.00386821,3304967.3588837404],[3793968.708706813,3301958.9623602605],[3793817.742554683,3301151.885260865],[3793933.576529828,3300445.5670956317],[3793948.1745643597,3300300.8554277467],[3794023.345142645,3299436.601095779],[3794071.8802988627,3298772.7484808615],[3794064.7749807546,3298772.2290015123],[3794072.2221546913,3298660.6944938656],[3794115.2381400894,3298344.7424714467],[3794251.7714811815,3295733.4856828647],[3794254.03174042,3295522.2684084587],[3794140.273702169,3292490.3297964083],[3793735.199314708,3289483.419857762],[3793042.570473554,3286529.4635400567],[3793040.136487594,3286520.9516050443],[3792739.927725407,3285631.3691202113],[3792712.1745282724,3285534.654998708],[3792702.934650184,3285504.5418572915],[3792403.0572509975,3284578.5222846437],[3792384.3190921745,3284523.5719920327],[3792333.494439025,3284375.729554802],[3792326.075375692,3284354.321475698],[3792050.644053695,3283591.4549003034],[3792038.7458702596,3283559.7835663115],[3791988.752434326,3283448.3853175053],[3791944.756991074,3283335.765216433],[3791939.1871476853,3283337.9410955734],[3790429.0612231116,3279972.991671056],[3790311.7491896264,3279750.011163388],[3790131.9935431806,3279440.9737336547],[3790084.9682725803,3279257.1716441023],[3789154.6319472655,3276254.1437903903],[3789102.779348147,3276112.2563905315],[3789093.0412407387,3276084.524946868],[3788411.151446971,3274315.055257559],[3788384.683551939,3274252.0925119133],[3787844.094324304,3273038.457186441],[3787708.9886839828,3272751.584971417],[3787595.4572158493,3272513.1215387615],[3787539.546300264,3272396.943337092],[3786394.482399966,3270262.20780854],[3786395.7140531843,3270261.5215685335],[3786352.8072525403,3270184.5130896303],[3786236.220369958,3269967.1608874104],[3786184.3594854875,3269879.8818481243],[3786144.8392121764,3269813.5567033268],[3786031.8616223265,3269624.478960243],[3785904.0616952577,3269402.1346442048],[3785795.6825022646,3269219.268690282],[3785182.0058702384,3268249.1116099344],[3785156.1582993013,3268205.1863739626],[3785131.506590739,3268139.7925728187],[3784403.3270746935,3266372.6163679175],[3784366.426711211,3266290.255459542],[3783851.929687851,3265198.486721011],[3783738.2786529507,3264968.838886203],[3783725.136621745,3264935.0715779117],[3782558.268110947,3262552.6528430358],[3781194.978401826,3260276.9238787736],[3781170.0464433287,3260239.0242018974],[3780714.2655281625,3259577.357416193],[3780475.609395742,3258029.7808374413],[3780423.951348404,3257762.13253677],[3779391.0059808474,3253809.1655736607],[3779355.872997883,3253703.334314248],[3778239.8199105016,3250822.5422612904],[3778207.5371428546,3250749.9972278383],[3777822.94100351,3249918.5252065836],[3777791.1998467348,3249852.4434533133],[3777550.4330833866,3249362.13627437],[3777457.371169816,3249176.7044423553],[3777147.570187479,3248615.9734504097],[3777082.9132503374,3248429.3218906806],[3776943.8603918636,3248041.1204143707],[3776920.443920679,3247974.4229018004],[3776788.6341865105,3247615.9793234644],[3776399.7567461166,3246190.311785723],[3776291.759206974,3245845.946535775],[3775925.1981051294,3244748.1992651094],[3775796.76289016,3244385.8791394224],[3775658.679044462,3243996.5880508763],[3775625.229855614,3244008.4527342175],[3775443.0827754494,3243543.672635464],[3775466.055294348,3243535.5739632472],[3775277.214666867,3242999.9127131617],[3774094.250574936,3240110.0798177742],[3774070.8180744927,3240060.066764514],[3773312.5047722743,3238548.6023286977],[3773226.0213575936,3238387.1907279356],[3771867.038486944,3236090.307756628],[3771743.7733897213,3235900.788807725],[3769759.7228307175,3233180.5249562217],[3769656.1737844897,3233053.428210622],[3767746.0450111255,3230915.5744031416],[3765649.367662344,3228960.336584333],[3765554.9027863108,3228879.965502157],[3764670.67386925,3228154.924076713],[3764544.873656421,3228055.5366756325],[3761978.333239178,3226228.7251852015],[3761759.539668187,3226088.936522694],[3758709.6222636625,3224371.23129558],[3758212.036516981,3224126.373558453],[3757113.8992553432,3223655.875371297],[3757011.881394124,3223555.5434762845],[3756969.7602162156,3223507.9527297434],[3756740.68985461,3223272.7996735787],[3756732.49922883,3223280.778432774],[3756121.4424808533,3222679.82012261],[3756129.2597371866,3222672.0285769375],[3756045.482038692,3222587.9744275147],[3755452.3313307296,3222008.339505555],[3755366.98528213,3221927.1079602037],[3755230.012896863,3221803.1224702243],[3755194.969959754,3221768.658659232],[3754881.701963233,3221486.9609022764],[3754881.268019658,3221487.4434784804],[3754198.6261193445,3220869.5255651325],[3754053.805517564,3220744.8861249876],[3752986.1717478465,3219866.094501349],[3752893.2539791586,3219792.974960832],[3752688.6331072645,3219634.187210511],[3752165.0086135464,3219124.4370425916],[3751820.123739446,3218849.6219988205],[3751566.223610118,3218181.5055305264],[3751563.913461216,3218176.117695214],[3751393.355219027,3217785.650534488],[3751390.6120521887,3217779.4845569534],[3750855.1098352186,3216637.923247476],[3750722.7302926267,3216369.8205406135],[3748731.0967816496,3212908.329213257],[3748638.4807788534,3212768.672105007],[3746209.0257792654,3209569.035294462],[3745585.395395974,3208917.884087112],[3745413.7507348163,3208701.2042452474],[3745074.1360366945,3208304.4006258063],[3745047.403258834,3208327.2805690286],[3744573.74999772,3207733.174647234],[3743097.6523380685,3206272.7528948192],[3742861.400309041,3206009.7371399263],[3742591.8419499453,3205772.3141273824],[3741941.6405287934,3205129.017735242],[3741521.5646435954,3204759.672066467],[3743269.682156463,3203726.1465297365],[3745995.182552182,3201688.032394301],[3746050.0980787785,3201642.13681195],[3746565.4846440135,3201190.863828892],[3747810.4946007687,3200166.319223987],[3747847.3043700736,3200133.3503413685],[3747859.365649628,3200122.5305784126],[3749803.8498560754,3198220.3371872907],[3751576.8829501485,3196157.3994340673],[3753165.229713652,3193949.1165977395],[3754557.0335624903,3191611.972919505],[3754558.8903653235,3191608.524248661],[3755934.4237837805,3188708.6249665054],[3756459.2907747887,3187229.1796059553],[3756668.820732127,3186727.0691311206],[3756672.33748842,3186717.761989855],[3757548.0027074236,3184044.8523777556],[3757555.5060622985,3184017.94032032],[3758088.3856900935,3181798.639744886],[3758090.335699564,3181788.9901073407],[3758451.077034523,3179614.2222588123],[3758452.546727813,3179602.9246432055],[3758634.548173014,3177799.327494244],[3758635.501240923,3177786.0721795354],[3758716.535719614,3175573.880966922],[3758716.549852742,3175564.1453729896],[3758574.4900741447,3172530.611783246],[3758568.1205640505,3172463.7965030703],[3758492.160211649,3171752.593523618],[3758490.616179859,3171739.5426434367],[3758345.102878732,3170667.737491906],[3758325.6055016527,3170540.5550119206],[3758079.902535817,3169147.5228912355],[3758065.260237767,3169074.179828805],[3757347.5042366823,3166193.7602813756],[3757274.0438829125,3165948.816516296],[3756990.927880485,3164771.566765724],[3756102.266232503,3162130.261791166],[3755792.263036382,3161423.0010896474],[3755337.7977754264,3160235.449706092],[3754342.02235291,3158119.191504274],[3754338.1606119676,3158111.718257802],[3753581.6564233247,3156773.4170218953],[3753578.628968984,3156726.5899062767],[3753572.151120898,3156653.5079444237],[3753497.227379916,3155908.9538829126],[3753487.6141072493,3155823.6153069036],[3753445.4373588706,3155494.222048434],[3753395.1009454224,3154956.89897739],[3753394.5786576844,3154952.519788505],[3753368.9820145625,3154743.8295935355],[3753328.205945662,3154420.3242319995],[3753271.3038563994,3153992.5314624594],[3753269.0135087143,3153976.1712103244],[3753258.6422383576,3153902.2190264775],[3753210.382036059,3153585.2037363285],[3753197.5225181356,3153420.576966134],[3753185.128939583,3153303.977194492],[3753138.1251663906,3152691.594804112],[3753133.6896778047,3152691.935252666],[3752959.4139564186,3150874.3496449455],[3752948.1637491826,3150787.0636586146],[3752895.1038941755,3150474.386978563],[3752642.591904549,3150276.5196267343],[3752052.3764366647,3149814.1390888784],[3751462.062752325,3149351.7689284007],[3750871.6439085617,3148889.409938759],[3750281.1199052283,3148427.062135153],[3749690.48379628,3147964.72631502],[3749099.74947277,3147502.40092988],[3748508.911230177,3147040.0978426975],[3747917.96782967,3146577.8060021186],[3747326.912322755,3146115.5262087737],[3747133.9313911013,3145964.5935267867],[3746940.9329647403,3145813.6687303116],[3746747.9296974316,3145662.739182188],[3746554.9146400983,3145511.805668695],[3746361.8890371053,3145360.8792563137],[3746168.845939439,3145209.960732512],[3745975.7980010435,3145059.0374581967],[3745782.7382720355,3144908.1102206856],[3745589.6610480244,3144757.1908740923],[3745396.5802297457,3144606.2778435876],[3745203.4863737607,3144455.349785806],[3745010.3832206,3144304.4398983587],[3744817.2613254604,3144153.5268392176],[3744624.134589619,3144002.609031585],[3744430.9973102226,3143851.698330129],[3744237.8482390423,3143700.7836698294],[3744044.6816729316,3143549.876906582],[3743851.5102663403,3143398.9653959763],[3743658.3283170373,3143248.0609935718],[3743465.12887319,3143097.164490482],[3743271.9233388035,3142946.2521755476],[3743078.708512919,3142795.35803563],[3742885.4806432915,3142644.4488754184],[3742692.2365300963,3142493.5586828487],[3742459.408456471,3142398.828265357],[3742226.565792249,3142304.120191023],[3741993.719940229,3142209.4107458005],[3741760.858246195,3142114.712580298],[3741527.9933641683,3142020.013044481],[3741295.113894781,3141925.335855032],[3741062.2312381295,3141830.657295747],[3740829.3327408545,3141735.9900195803],[3740596.432311924,3141641.3324389155],[3740363.5147872637,3141546.6750783026],[3740130.595331677,3141452.027413672],[3739897.6600368577,3141357.3910355545],[3739664.7228127634,3141262.7643538043],[3739431.775447422,3141168.1370995715],[3739198.812243663,3141073.5211344254],[3738965.8471121825,3140978.914866319],[3738732.8661434418,3140884.31988895],[3738499.8819886786,3140789.7235446656],[3738266.88199689,3140695.138492864],[3738033.880079762,3140600.563138967],[3737799.5485141003,3140505.4773314036],[3737565.21492524,3140410.4013408488],[3737330.8723582197,3140315.335965839],[3737096.519551024,3140220.270142839],[3736862.1508098724,3140125.2157361275],[3736627.7800479494,3140030.171147316],[3736393.399045676,3139935.1261123023],[3736159.010331543,3139840.102759478],[3735924.6044207704,3139745.0797624695],[3735690.1952261417,3139650.0555204805],[3735455.778322261,3139555.052962187],[3735221.3511783583,3139460.049960612],[3734986.908103371,3139365.0583822047],[3734752.4630124653,3139270.0766234775],[3734518.0089491922,3139175.105486792],[3734283.544645975,3139080.133909182],[3734049.0713708927,3138985.1729547433],[3733814.5821667537,3138890.2234277464],[3733580.089680281,3138795.272658178],[3733345.588223161,3138700.33251343],[3733111.077796109,3138605.402994016],[3732876.5514414376,3138510.4849054837],[3732642.021805007,3138415.565575461],[3732407.4844718613,3138320.667935525],[3732172.935626719,3138225.7587968847],[3731938.372127395,3138130.872155665],[3731703.806620276,3138035.9953369964],[3731469.230873451,3137941.1180844675],[3731234.646160561,3137846.2514616027],[3731000.0442481516,3137751.385213681],[3730765.4416046906,3137656.5398520622],[3730530.8287216052,3137561.694058939],[3730296.20687439,3137466.858897643],[3730061.5678272424,3137372.024114921],[3729826.9280533255,3137277.2102191984],[3729592.278039867,3137182.3958943277],[3729388.77152224,3137065.94023785],[3729185.254717637,3136949.4814607366],[3728981.721943563,3136833.031436265],[3728778.1858424796,3136716.577482147],[3728100.6306778453,3136330.2374193748],[3727354.6139940433,3135904.2466919366],[3726608.47011704,3135478.3073577266],[3725862.20033677,3135052.4305020487],[3725115.803376657,3134626.605086364],[3724369.2874935707,3134200.8413791074],[3723622.6374805197,3133775.1299741575],[3722875.8615966784,3133349.481140655],[3722128.958559798,3132923.8838406675],[3721381.929668409,3132498.349158579],[3720634.773637429,3132072.8660567584],[3719887.49743961,3131647.4337361003],[3719140.088443457,3131222.0649247845],[3718392.5536254467,3130796.758824258],[3717644.8916948317,3130371.504397495],[3716897.1039587297,3129946.3127279594],[3716456.8976919153,3129696.4052869943],[3716016.64709037,3129446.5128092184],[3715576.3534587976,3129196.6463591633],[3715136.015495002,3128946.7948818468],[3714646.8584474092,3128504.2256670725],[3714157.61258904,3128061.64705388],[3713668.2931687236,3127619.0684511936],[3713178.886241423,3127176.491529891],[3712689.404443741,3126733.9035776034],[3712199.8364463532,3126291.3283861037],[3711710.185291552,3125848.7319561965],[3711220.4618860153,3125406.146639954],[3710730.6496555367,3124963.551997165],[3710240.7651771246,3124520.9684854317],[3709750.790556071,3124078.3646090855],[3709260.7436881624,3123635.7718813834],[3709092.623353842,3123042.592250473],[3708924.476871808,3122449.3507494587],[3708756.3029259676,3121856.036322091],[3708588.0958505287,3121262.6608666205],[3708419.8696071547,3120669.2227096697],[3708251.6158988588,3120075.7116326904],[3708083.336041556,3119482.1386960233],[3707915.0287185065,3118888.4928435683],[3707746.6952458895,3118294.7851356086],[3707578.3356235586,3117701.015574212],[3707409.9485343844,3117107.1731033605],[3707241.5352949435,3116513.2687832597],[3707073.0945878476,3115919.2915579528],[3706978.9625603263,3115588.729944194],[3706979.455319043,3115569.4796157326],[3707003.409081517,3115335.0518656657],[3707027.3667337317,3115100.6131697875],[3707051.3352659494,3114866.16268847],[3707075.300698796,3114631.7021014183],[3707099.271338829,3114397.241627019],[3707123.2445529564,3114162.7591493158],[3707147.229965814,3113928.275944952],[3707175.8947331263,3113630.2866715128],[3707163.361252884,3113599.9379079323],[3707136.301510403,3113547.286158073],[3707035.022738383,3113302.7788687926],[3706933.7365195863,3113058.262289446],[3706832.4345445856,3112813.7262022574],[3706731.1334315715,3112569.191043623],[3706629.8235547454,3112324.6355376365],[3706528.50754756,3112080.0818005037],[3706427.1827761806,3111835.5077165156],[3706358.9344596732,3111622.0324168312],[3706290.687513198,3111408.5349240806],[3706221.8376416764,3111193.158681499],[3706152.9834103594,3110977.7721580206],[3706084.126136566,3110762.386411648],[3706015.256189696,3110546.980167787],[3705899.8384214616,3110260.4068745393],[3705800.961013606,3109978.766335438],[3705702.083119029,3109697.1155326273],[3705613.971972516,3109475.187364659],[3705525.8478012607,3109253.250309017],[3705437.7259181286,3109031.313740346],[3705349.5966896573,3108809.3563848543],[3705261.46275202,3108587.40035823],[3705180.8196423925,3108335.24660597],[3705100.179365827,3108083.09307756],[3705019.5252875034,3107830.9193421532],[3704938.8727244562,3107578.734773033],[3704858.2146774977,3107326.5402126303],[3704777.542827342,3107074.3254461414],[3704696.873812102,3106822.110903821],[3704637.458941183,3106564.085428763],[3704578.0420110957,3106306.0604765066],[3704518.6203841777,3106048.013931943],[3704459.202381582,3105789.9560097717],[3704399.772680201,3105531.87733861],[3704340.3409198676,3105273.7991907895],[3704280.9044627007,3105015.6994512845],[3704243.1464510746,3104753.6548048947],[3704205.3789368486,3104491.5890401024],[3704167.6172468383,3104229.5115278806],[3704129.8473727126,3103967.4239551667],[3704092.0833237064,3103705.324635185],[3704054.3110900675,3103443.2152550537],[3704016.5433635875,3103181.083070279],[3704000.6794604417,3102916.7509747823],[3703984.8152861064,3102652.396732387],[3703968.9521596013,3102388.031400766],[3703953.09008108,3102123.6549800513],[3703937.2290506973,3101859.267470376],[3703921.3690686068,3101594.8688718737],[3703905.5088165607,3101330.4481271394],[3703903.2863769066,3101183.4350867975],[3703895.423584352,3101107.707386866],[3703879.582357364,3100843.4082111875],[3703871.8394203656,3100714.209062921],[3703689.2169098575,3100606.0244721854],[3703542.9382631253,3100524.520745811],[3700655.087179643,3099103.7747902316],[3697637.280398152,3097985.273480331],[3697555.6955444906,3097959.6959599406],[3693678.8139199745,3097009.4418976908],[3693546.413638687,3096985.768107292],[3690482.5127792675,3096591.8791980343],[3687394.7592594,3096500.145072783],[3687242.696937747,3096503.0920934444],[3685071.456512603,3096620.271599782],[3684862.7941390546,3096638.7771848366],[3683837.4860330843,3096746.654579436],[3683572.4156876174,3096778.9400247876],[3681999.8399648643,3097010.903923874],[3681661.7377600037,3097069.5322340503],[3681115.9882876757,3097164.086481689],[3680177.0012779087,3097341.489556642],[3679847.089840669,3097409.020755158],[3678877.1759040407,3097639.048410058],[3676916.5704038343,3096838.3005997767],[3676900.327349165,3096832.3028847626],[3676591.776603918,3096720.195628505],[3676162.76902253,3096566.8493567305],[3674375.3725419487,3096048.670019481],[3674199.0881727617,3095981.162725102],[3674191.5089250873,3095978.8143779347],[3672940.2937400984,3095619.316241918],[3672931.710208516,3095617.0410453663],[3672784.1586893937,3095587.365463666],[3672468.7131309775,3095495.9154847865],[3671806.4125276874,3095347.0799635346],[3671801.979944101,3095366.804440317],[3671222.115436062,3095184.4345701206],[3671032.2700153324,3095134.077434164],[3670014.2346977233,3094939.961312729],[3669365.9032720164,3094764.2070704773],[3668995.693370286,3094640.1753838654],[3668528.1615038295,3094537.106140564],[3667768.3873741697,3094331.1412264076],[3667387.1923645833,3094246.9710714156],[3667379.0640519955,3094283.783076753],[3665729.138591303,3093920.0505037713],[3662404.6189319165,3093550.5521933795],[3659910.589923418,3093539.5910689505],[3659458.6173832337,3093504.0663251886],[3659052.528286921,3093430.0647730767],[3658911.9997569113,3093406.231335564],[3658219.62112205,3093299.048666339],[3657086.9296443295,3092173.4239669386],[3657080.5550531507,3092167.5695856116],[3654883.4568973496,3090326.909725795],[3652528.067712537,3088693.688732226],[3652519.9129738645,3088688.567638893],[3650403.2257868787,3087471.1245136512],[3650314.891988205,3087424.780567663],[3649641.9244650933,3087081.9410772217],[3649558.0712205246,3087040.481715118],[3645549.9582023825,3085391.5403671307],[3645541.7059302106,3085388.7927127206],[3641310.709732516,3084299.547537645],[3641301.472250733,3084297.8424129714],[3640087.056275931,3084098.137533861],[3640078.7464228217,3084096.937326125],[3639320.776941745,3084018.493352717],[3638166.715236691,3083821.1448547584],[3635137.5363090015,3083600.051858372],[3635129.408331527,3083599.851827175],[3632493.0968852593,3083645.4137731553],[3629869.8428561836,3083911.4066895638],[3629800.0805701045,3083921.4468902014],[3627034.3659909735,3084446.6435063244],[3624326.620849314,3085216.7895097705],[3624315.4380556927,3085220.518071574],[3623897.626519898,3085393.59659094],[3623793.928953533,3085429.916337654],[3623552.188719352,3085497.6750953854],[3622949.699741482,3085725.6049658977],[3621551.012183395,3086215.490887266],[3621545.3088444993,3086199.77495682],[3621537.867067345,3086202.4755908833],[3621247.741476256,3086321.7104993104],[3620732.8762057982,3086502.0404421487],[3620217.392178126,3086715.9710690468],[3620227.740883491,3086740.9071541694],[3619103.4394696285,3087202.9690344157],[3619091.5062825084,3087208.467060138],[3618211.0172709464,3087630.813265261],[3618011.3123460948,3087730.4449517103],[3615061.5802868535,3089452.458693651],[3614820.8368268074,3089551.450335],[3614826.2228361205,3089564.5488804956],[3613377.068817719,3090169.97955539],[3613157.085469565,3090271.983007053],[3609939.1293640034,3091997.4997785916],[3608194.755117096,3093212.1101181936],[3607699.057443017,3093440.1720024333],[3607691.454608074,3093444.1255693967],[3606509.9526942824,3094129.6057328572],[3605786.9924150957,3094477.7398095797],[3604927.7129627,3094851.828934182],[3604632.9070117404,3095005.153336395],[3604252.3660649396,3095193.4562508417],[3604088.380832922,3095276.618363854],[3603096.022839248,3095827.859685196],[3602846.7256471333,3095958.9469728516],[3602849.734659858,3095964.6694073966],[3602013.1641135626,3096429.3729279763],[3601898.361366591,3096498.9331836426],[3601207.5515802098,3096694.3764517508],[3598391.784095579,3097792.155296597],[3597764.7459540507,3098108.9123593937],[3597554.5773554184,3098072.3087249123],[3597292.416571015,3098036.5725551196],[3597229.63461644,3098027.679445069],[3595529.946944046,3097833.8574592485],[3595415.06000327,3097823.909665321],[3595039.5503140283,3097793.657471497],[3594671.3880487257,3097766.213125216],[3594276.490568133,3097739.2708159024],[3593904.93094818,3097716.2662855107],[3593904.41913852,3097724.53282256],[3592925.7336273664,3097650.33454122],[3592714.8218589146,3097642.0806871564],[3591909.465515157,3097620.8792264746],[3591804.392517268,3097619.4580511507],[3590593.1102544405,3097626.3784229923],[3590272.8880184055,3097634.3700018944],[3590272.890652421,3097634.4755467763],[3589771.4448523354,3097646.354564754],[3589570.3422463248,3097653.4739987752],[3588768.561192123,3097712.260320709],[3588460.873840908,3097702.7917978526],[3588432.051523142,3097703.40014308],[3588410.2963656303,3097703.442392485],[3587627.222362765,3097674.3725887774],[3587356.236772482,3097677.441915351],[3585703.619570519,3097739.5979922507],[3585557.458123562,3097748.944556419],[3583738.665594731,3097918.349318874],[3583210.7991466555,3097983.0098324935],[3583098.2081291885,3097996.067392357],[3583050.650770277,3098001.081924208],[3581319.7888113074,3098232.2822912172],[3581215.5918792253,3098249.1536581796],[3580801.528928732,3098336.410116621],[3579540.236606325,3097441.507569127],[3579533.373446039,3097437.099258175],[3576240.1265417184,3095590.842858638],[3572749.559092001,3094152.0667312914],[3572731.3269846933,3094145.801893126],[3570211.29201703,3093395.9620217616],[3570174.1952547706,3093386.59068899],[3566947.8182784365,3092748.720019514],[3566931.771892379,3092746.4106992614],[3563565.6131111984,3092445.2273371974],[3563552.660964282,3092444.766841151],[3563523.7982537984,3092443.75314344],[3562153.7375238957,3092425.829080622],[3562117.2476036344,3092426.145809978],[3559726.500701012,3092537.869984147],[3559703.7670117375,3092539.8005160373],[3557973.9985315627,3092734.9874760495],[3557907.1026243675,3092744.4154670625],[3556659.280438296,3092945.9008520884],[3556641.3401422785,3092949.1684543192],[3555965.0119023887,3093098.93560954],[3555699.058972546,3092796.443066295],[3553842.0105835223,3091004.3600914693],[3551844.42788171,3089370.3914695987],[3551752.64053757,3089301.3920749445],[3550833.8155853697,3088636.246000496],[3550830.5435731118,3088633.9660483464],[3547345.6439930024,3086526.698816567],[3547198.80357292,3086450.4131345316],[3544623.1961180484,3085256.575097902],[3544486.2406816287,3085200.448747046],[3540650.6070966,3083909.6487623155],[3540506.6220524046,3083871.298105337],[3539978.7606947203,3083762.7474995377],[3539197.2719056536,3083531.5929679256],[3538980.4188317657,3083477.724724037],[3538604.9670715667,3083365.9379654983],[3536528.500117754,3082967.947683839],[3534792.2275020564,3082531.4167688186],[3534298.6158579127,3082427.6444540275],[3534292.426010978,3082457.0875721523],[3533362.2191941394,3082306.8129618205],[3533367.8935445934,3082277.4809349654],[3533341.7064353093,3082272.414976306],[3531166.569433645,3081952.1064533195],[3530702.973152503,3081877.2126240777],[3530578.489597895,3081865.506398499],[3530546.5614640107,3081860.80469309],[3530452.1047597956,3081851.2010279284],[3530349.3218239015,3081843.9558437592],[3530335.8022391014,3081842.6844845833],[3530335.7724980484,3081843.0007498004],[3528508.332701669,3081714.18425154],[3528318.3758756276,3081706.6917019794],[3527294.119323545,3081682.9742689286],[3527257.432149661,3081682.7218485335],[3527219.943259936,3081684.091262378],[3527123.4080854207,3081673.9591752426],[3526910.0572315096,3081657.7312075263],[3522600.518610773,3081625.7512422684],[3522555.1762929196,3081628.5239712023],[3520093.895136329,3081876.3971946915],[3519893.450499064,3081904.5760088265],[3519173.872128933,3082014.232251665],[3519117.96924905,3082023.413701416],[3515896.9211972384,3082727.3882791614],[3512767.1561560445,3083764.355754597],[3512646.948866308,3083811.3017666475],[3508775.0317575643,3085635.799683297],[3508643.254143979,3085709.23087073],[3506157.5355206523,3087249.8449593256],[3505503.71550606,3087744.57573697],[3505502.5751455566,3087742.965489517],[3505456.856736239,3087775.342791625],[3505310.6698320163,3087890.649020609],[3503825.487499101,3089014.452810808],[3503555.368522653,3089239.315181247],[3503573.380105629,3089260.9518399206],[3502904.544173691,3089788.5021668877],[3500573.4166925247,3092054.104681386],[3498488.325211445,3094547.9979434726],[3498090.9338313187,3095137.601209586],[3498047.278393111,3095146.869682876],[3495730.527317099,3095889.8775844453],[3493313.6056835894,3094495.0079168337],[3491555.8446502993,3093716.168769189],[3491562.607919668,3093701.2374286046],[3491382.8649952803,3093619.821442691],[3490934.3576484844,3093440.7966352087],[3490254.009606155,3093139.344003506],[3489778.5572201028,3092958.2522113305],[3489771.548539767,3092976.6533423183],[3488721.033605909,3092557.333045482],[3485973.611183341,3091741.307327984],[3483163.3650721777,3091178.5065334397],[3480313.5832244656,3090873.5944803893],[3477447.8812170555,3090829.09791453],[3477363.7286467017,3090831.6237235814],[3477180.0204533623,3090843.0072166105],[3474592.0529631726,3090464.6207219865],[3471615.658135212,3090314.21926527],[3468638.376929075,3090445.913569165],[3465686.885832896,3090858.523650562],[3465637.0336086038,3090867.9171582162],[3464577.3567961357,3091086.5080426163],[3464536.148656824,3091095.749437706],[3461577.923466571,3091912.4497466157],[3459054.522944846,3092882.14092363],[3458973.077270872,3092828.375678042],[3458967.2805611887,3092824.770734063],[3456501.246231953,3091440.71258602],[3453920.9689927893,3090283.512672787],[3451247.2654785793,3089362.5068160007],[3448501.7060496677,3088685.1253190227],[3448472.565841215,3088679.310378733],[3445321.0797964833,3088214.7633523466],[3442138.7826187196,3088071.0521758026],[3442128.274229239,3088071.109788897],[3439199.555581352,3088223.757110864],[3436297.7461853055,3088648.252520022],[3433448.0241192807,3089340.912804575],[3430675.115516248,3090295.727971302],[3428003.080023163,3091504.4133923594],[3425455.1020430545,3092956.481688366],[3423053.289571327,3094639.333724059],[3423006.8691122383,3094675.194505272],[3420470.2428667126,3096859.6827841853],[3420452.469582553,3096876.715924982],[3418387.914771379,3099053.2583249216],[3418311.7264285656,3099141.658378966],[3417042.4551102924,3100713.677826334],[3417039.015001488,3100718.229910809],[3416721.274447128,3101146.159298898],[3416706.0034612995,3101167.094019009],[3414851.3529009786,3104021.9209631965],[3413315.786590953,3107060.308971611],[3413311.7550430195,3107069.4877432277],[3412223.021827826,3109914.758589479],[3411414.377442401,3112851.9341818327],[3410981.491538691,3115345.9471764993],[3410979.165928134,3115348.1681568357],[3410831.1505698967,3115490.97674569],[3410780.733568818,3115540.7344361125],[3410743.7082345905,3115573.093094314],[3408770.9260903355,3115424.31574465],[3408743.627830283,3115423.3117237324],[3408401.2720360346,3115412.584460693],[3408317.077063357,3115410.404692717],[3408076.3430068507,3115393.854466963],[3407901.848139585,3115388.544104794],[3406673.242871566,3115385.1295911404],[3405079.8124567075,3115107.360352791],[3402120.554844058,3114875.2613857277],[3399971.543079589,3114909.744775668],[3399610.345786648,3114716.6930200146],[3399362.40090863,3113356.4572423897],[3399359.787708705,3113344.1835065736],[3398524.0675603976,3110217.6841689604],[3397371.811695033,3107193.4929225086],[3395915.1948022824,3104303.563251714],[3395911.0731524415,3104296.3359416532],[3394497.7799397255,3102087.2311323187],[3394206.116852969,3101255.240433482],[3392801.218896048,3098283.58623393],[3391094.1518306625,3095474.6026125196],[3389103.5225610067,3092858.9072820456],[3386851.0287982365,3090465.0111272894],[3386845.9243728863,3090460.1245575175],[3384560.887975767,3088474.1204661247],[3382095.664353643,3086716.7713032905],[3380541.0104895774,3085820.213007208],[3379625.0973821357,3084377.454546569],[3377719.123534623,3081941.4200731795],[3375583.3150301455,3079704.1623108406],[3373238.2856797064,3077687.274210691],[3373233.8496303475,3077683.8230465553],[3372517.7630887795,3077142.92554123],[3372491.294307335,3077123.5185006503],[3368759.818620392,3074770.7834382276],[3368739.516736505,3074759.8909650748],[3366531.4476531297,3073683.940045396],[3366522.9306690674,3073680.1936285654],[3363554.9649165496,3072549.6609308333],[3362892.1036767233,3072371.177356972],[3361852.643586327,3072002.3030383433],[3358762.904322334,3071236.705647279],[3355614.05327611,3070787.228569398],[3355117.849758079,3070767.014839905],[3352383.3344045607,3070248.4654503306],[3349502.7426441703,3069972.642144369],[3349491.897742664,3069972.1050032433],[3346650.204559039,3069959.7605978735],[3343818.9735532454,3070203.694043793],[3343745.791809994,3070213.342828606],[3340480.571746096,3070820.541877998],[3337297.4823641754,3071768.325997916],[3334867.0630217427,3072781.409006541],[3332823.8591763102,3073414.9735861695],[3330091.933322026,3074553.037736414],[3327955.384986828,3075689.2229035012],[3327614.4068692345,3075862.4893849096],[3327173.842651466,3076114.6927040303],[3327178.944091291,3076123.6042118324],[3326059.0393527457,3076697.960185158],[3325989.5942314942,3076737.2291078013],[3325350.2887020293,3077163.1717919195],[3323750.445620278,3078072.9542227117],[3323741.792497496,3078078.4286941234],[3323070.858253739,3078554.9443259244],[3320869.3645251542,3077541.7606844343],[3317657.81098039,3076464.3538589636],[3317651.222907747,3076462.5315679233],[3314485.4901148654,3075760.1390533256],[3311264.301117705,3075387.096421624],[3308021.82668401,3075347.360954785],[3304792.463380043,3075641.3541715103],[3301610.468687595,3076265.9573557195],[3298509.5975964204,3077214.544640269],[3298481.2408966515,3077224.8439544393],[3295336.145557258,3078564.619300384],[3292354.850214924,3080237.4913078174],[3289572.5039702123,3082223.7370242416],[3289554.312022261,3082238.277263925],[3287220.27492667,3084301.0604908043],[3285101.49693759,3086584.3878080505],[3283556.339256642,3088620.9204493393],[3282749.732589485,3088311.5964547624],[3279635.723689474,3087470.8619982665],[3279589.5861630472,3087460.909873065],[3279086.2396264696,3087373.620918413],[3278982.6440445827,3087169.058490228],[3277384.528939679,3084641.3907497176],[3275553.8042110954,3082276.750594622],[3273506.986820713,3080096.472019447],[3273505.157789387,3080094.700415604],[3271110.742015861,3077999.298754925],[3268997.551565217,3076497.700394803],[3267665.633782936,3075229.9470817647],[3267657.054010937,3075222.51431154],[3264913.347999602,3073098.566755363],[3261952.5868480382,3071289.4317959375],[3258810.730310789,3069817.082178024],[3258807.5312752947,3069815.7929209643],[3256900.6917920327,3069155.8476498662],[3256478.986131394,3068875.413771926],[3253989.6696001515,3067525.578519211],[3251389.137536759,3066404.8711580085],[3251367.1902189017,3066396.5620843717],[3249065.389061613,3065625.19390603],[3247551.1779189366,3065244.630626158],[3247089.3232122785,3065109.880723861],[3246828.3724758667,3065062.969560292],[3246710.997381274,3065033.4699418345],[3246622.1124657956,3065014.7416366134],[3246521.391040035,3065000.390812277],[3246436.184302665,3064973.2624734994],[3243350.732997417,3064321.964055815],[3240215.606106712,3063982.5840842286],[3237062.255404032,3063958.527238156],[3233922.31548519,3064250.0348572624],[3230827.286408243,3064854.1825203286],[3227808.217683097,3065764.9093832127],[3224895.396781034,3066973.0789815886],[3222118.045289058,3068466.5708884816],[3221023.5978423217,3069205.05840515],[3219276.8376080715,3070359.811380823],[3219271.9929571776,3070363.401872774],[3216918.4128177417,3072290.613610027],[3214761.806246331,3074435.9650145993],[3212822.3056833,3076779.428715823],[3211480.2396060633,3078763.6010707],[3211260.7625781135,3079023.7691490855],[3211249.045137482,3079039.1671116003],[3211245.946459043,3079042.8042588807],[3210898.9832185605,3079540.1067559007],[3210371.4290114897,3079515.48767067],[3209430.22921127,3079567.7176897167],[3207040.918413743,3079507.4213778544],[3203859.9450250226,3079750.093260577],[3200719.859722163,3080313.427649],[3200710.0990010505,3080315.694516403],[3199550.6605557925,3080608.279748332],[3199107.028923989,3080729.236557996],[3195971.2793563777,3081763.6750651835],[3192961.115535545,3083120.842021632],[3190109.647209334,3084785.8095169733],[3187448.2385834446,3086740.2640449596],[3187433.67900117,3086752.180198268],[3187193.5655115116,3086974.2023461424],[3185351.10899121,3085354.3012614725],[3184554.227482724,3084777.6033782186],[3184350.1575190476,3084560.267458222]],[[3518381.3927894435,4056079.046584492],[3517753.2934000823,4055603.9347213926],[3517620.3621740355,4055522.8628296484],[3517486.638981884,4055423.4800821645],[3517363.6578054517,4055350.623206502],[3519216.016025893,4054895.62126018],[3519449.9116373784,4056107.8772889194],[3519498.6771706655,4056293.5633782996],[3519681.576039896,4056960.123368339],[3519689.6172727207,4056988.216775965],[3519721.3141891374,4057084.2851994936],[3519092.8149234303,4056617.1860911595],[3519031.6207181998,4056570.8970908034],[3518598.7357185367,4056222.4669463784],[3518381.3927894435,4056079.046584492]]],[[[2933023.942797799,4065903.3775766795],[2933027.450475834,4065903.211728243],[2933028.355237556,4065902.5158601743],[2933029.24101823,4065901.731542934],[2933030.323883561,4065899.999082472],[2933032.255205174,4065898.6837026887],[2933034.5732470388,4065899.015999498],[2933036.7813764513,4065896.5345317335],[2933036.869185677,4065894.1509182993],[2933036.7722473447,4065890.120483985],[2933036.478041075,4065888.7495177016],[2933035.4839753085,4065886.0540082552],[2933034.31618708,4065883.4190937756],[2933033.8058454385,4065881.7075845795],[2933033.107726588,4065879.752594901],[2933031.7630065074,4065877.345767473],[2933031.3177199084,4065876.0988010652],[2933029.0133482413,4065871.2340193493],[2933026.8099528803,4065869.3168412596],[2933025.7745959456,4065869.5234889286],[2933023.4434081614,4065871.5368781625],[2933022.2694875686,4065873.4555864194],[2933020.19988272,4065874.8073163712],[2933018.7335196035,4065877.089475563],[2933016.1800335674,4065878.586222231],[2933013.8221437447,4065879.2541835033],[2933013.2953289044,4065880.602551565],[2933014.729073897,4065885.1292894213],[2933013.5618477357,4065885.6196145583],[2933012.647097975,4065887.293439147],[2933013.2483360237,4065889.9477142887],[2933014.2020173403,4065893.465408257],[2933014.957318289,4065895.756966375],[2933016.075950192,4065898.2188858665],[2933019.5509286635,4065901.296828011],[2933022.0353528606,4065902.20092302],[2933023.942797799,4065903.3775766795]]],[[[3402372.1802220847,4136664.7153957016],[3405471.531994061,4136447.2284861635],[3408534.355761795,4135925.3161083856],[3411530.824002043,4135104.0609425213],[3412964.8745744177,4134554.0566176577],[3413071.1415455136,4134590.3200819325],[3413615.4895466887,4134719.981673703],[3413766.9145995625,4134768.6149650924],[3413871.163495642,4134790.825718948],[3414324.1299184198,4134923.450126241],[3414649.652983192,4134986.4356226],[3415443.4775067866,4135192.251306664],[3415894.0894461004,4135262.7353704716],[3415980.1977139846,4135283.2460273574],[3416401.8597948635,4135342.160069507],[3416616.504423833,4135375.734470015],[3416871.0029653395,4135429.956669718],[3417034.2630703477,4135447.834110807],[3417219.449190766,4135483.665795181],[3417451.5391817857,4135506.349391694],[3418506.898084819,4135671.4270955264],[3418930.335299114,4135695.4351662905],[3418941.8733723536,4135697.047249909],[3419016.309074411,4135700.3097130037],[3419687.3847859274,4135738.3584074173],[3420025.9019636773,4135775.4269913347],[3420394.6342121805,4135778.458081466],[3421602.59635311,4135846.9471976343],[3422770.7166583124,4135797.9901947635],[3423199.552358758,4135801.515353371],[3423621.224083592,4135762.344641582],[3424700.546832988,4135717.109226441],[3425836.3786766613,4135556.5703934594],[3426359.70436811,4135507.956652902],[3426824.163352896,4135416.9565940723],[3427770.702201364,4135283.1724930615],[3428854.8011547136,4135019.09980697],[3429474.245376229,4134897.7339545563],[3429481.2309327186,4134895.9955674843],[3429844.530668142,4134778.014313522],[3430783.2847226374,4134549.345792088],[3433709.0750658535,4133522.746580085],[3436519.695705836,4132213.3319426817],[3436533.4195551896,4132205.2076235646],[3436598.7369535016,4132174.837713767],[3438587.686203287,4130989.1116602346],[3439187.8861595658,4130633.8020198345],[3439195.4743880616,4130628.789490158],[3439209.59294956,4130618.3575889566],[3439364.5633967835,4130525.9708692753],[3441947.507208211,4128603.2230823226],[3442821.1347526875,4127801.9461520445],[3442828.5252293865,4127796.090628631],[3442846.4311996694,4127778.744663592],[3444320.5503687244,4126426.7066124654],[3444803.974117268,4125882.423466021],[3445077.2080692826,4125617.7348451777],[3445830.3539263504,4124726.830192797],[3445920.0844557015,4124625.8032676727],[3445970.5895359325,4124571.8274468225],[3445987.8590187933,4124549.4963990925],[3446458.870454757,4124019.188181613],[3446632.6240055086,4123777.815949034],[3447098.4241373814,4123226.8157667043],[3448872.186823363,4120646.9757779515],[3450427.595568728,4117808.0436158786],[3450836.5854191976,4116836.334657216],[3450916.1578032323,4116678.518608018],[3450940.313345631,4116623.9338665954],[3451106.0818681717,4116196.0446512536],[3451682.5219280384,4114826.494845405],[3451851.0127207786,4114273.195408702],[3452009.5085341334,4113864.0788395735],[3452450.11851084,4112305.818492877],[3452624.883796585,4111731.9145270563],[3452652.7424433064,4111589.2191057852],[3452814.819509731,4111016.017682598],[3453349.129438488,4108104.919776081],[3453476.7338169194,4106649.9749551993],[3453645.405886675,4105350.142980936],[3453646.162748659,4105340.801004342],[3453681.524240769,4104858.3027731474],[3453682.3448999426,4104845.7866272973],[3453746.2970948145,4103255.835074671],[3453746.587940551,4103236.3530276446],[3453671.9257547823,4100933.617131768],[3453670.938038518,4100795.4768992853],[3453665.990932942,4100750.574978011],[3453650.024757455,4100258.145175235],[3453646.0438939366,4100208.3352617654],[3453606.752433907,4099757.5270536],[3453606.087990359,4099750.488725086],[3453550.057323941,4099413.7224325472],[3453538.722446123,4099151.3335357923],[3453141.813782878,4096253.3175710654],[3452477.664104333,4093404.6445074696],[3452325.604388242,4092948.83210063],[3452310.026334184,4092885.8906369577],[3452300.085370838,4092852.581366682],[3451752.324503265,4091187.769217041],[3451746.360026433,4091171.208878873],[3451674.0736442776,4090995.811246908],[3451552.0061025163,4090629.90302718],[3451105.9897644036,4089617.397162319],[3450661.8714029435,4088539.776363086],[3450466.6407187004,4088166.00490793],[3450372.8297116533,4087953.0436625513],[3450089.6141435,4087444.183068338],[3449344.176242849,4086017.0333867446],[3448982.3724277494,4085454.773795788],[3448950.31314204,4085397.1720640664],[3448868.324628213,4085277.538326065],[3447804.042911772,4083623.596113256],[3446054.05756721,4081379.0240040477],[3446049.1073267614,4081373.2346662097],[3444888.380281067,4080088.9844845696],[3444879.5497423196,4080079.73840667],[3442985.2953272043,4078255.3816905566],[3440945.3904898153,4076595.4824552997],[3438774.068839794,4075111.622789105],[3438770.7733260533,4075109.5671524056],[3435827.040426689,4073484.958451176],[3432726.844145171,4072183.536217246],[3429505.5415910846,4071220.1429071464],[3426199.871066484,4070605.7658261135],[3422847.5330730104,4070347.4118201053],[3422841.371263689,4070347.2670356133],[3419666.010891252,4070432.943742689],[3416515.4453307316,4070838.1481871875],[3413421.7454573703,4071558.7556299334],[3410416.4032876864,4072587.430717656],[3409657.082396687,4072936.331923775],[3407052.467397088,4072376.2616131175],[3407044.564984334,4072374.9812796684],[3404085.1941661607,4072038.232400912],[3401107.2443561526,4071982.641251673],[3398137.367175416,4072208.705353515],[3395202.1419978165,4072714.4015108943],[3392327.8380737733,4073495.203918057],[3389540.179429551,4074544.1246634396],[3386864.1146461195,4075851.7762690587],[3384323.5935779805,4077406.4557051947],[3381941.3530102517,4079194.249128459],[3379738.7131723003,4081199.156405884],[3377735.3869290636,4083403.234310578],[3375949.3033577236,4085786.757107404],[3375935.04939393,4085807.782655183],[3374059.108165223,4088954.8091071653],[3372561.4614236066,4092298.4575965195],[3372558.0382126803,4092307.472863144],[3371661.0985068134,4095039.5504727983],[3371017.169672944,4097842.068012092],[3370929.3376691574,4098491.2356564435],[3370422.808867463,4101542.1370259663],[3370219.1452108496,4104661.3261389877],[3370218.7443414605,4104687.121295953],[3370330.4348919694,4107870.5811617384],[3370763.2304484113,4111026.4613087755],[3371512.7006815462,4114122.456442135],[3372571.17360898,4117126.8742822544],[3373927.814129727,4120008.959984243],[3375568.7349381554,4122739.2109610955],[3377477.1386819575,4125289.67888812],[3379633.4899089243,4127634.2557970947],[3382015.7150423955,4129748.9413315416],[3384599.4283383177,4131612.0884273485],[3387358.1815109043,4133204.6249038167],[3387379.911088764,4133215.7429115204],[3390212.3200049233,4134492.7478817278],[3393156.803818867,4135484.361229609],[3396184.6874692594,4136180.926059298],[3399266.483699631,4136575.6588255363],[3402372.1802220847,4136664.7153957016]]]]}}]}